feature_0,feature_1,feature_2,feature_3,feature_4,feature_5,feature_6,feature_7,feature_8,feature_9,feature_10,feature_11,feature_12,feature_13,feature_14,feature_15,feature_16,feature_17,feature_18,feature_19,target
-0.6693560962502948,-1.4957781907675487,-0.8707663764407388,1.1418309277362335,0.021605547591684655,1.7306297203043093,-1.2516980485201425,0.28930463587376126,0.35716258570127063,-0.19681112309762697,0.8292736865664673,0.15485044831038394,-0.21997008667302992,-0.7391365592307034,1.8020119332839073,1.6346055117612015,-0.9381798512212423,-1.2673369659665712,-1.276334295750483,1.0166432073158822,1
0.09337237427665124,0.7858482550648581,0.10575379127148042,1.2723535001067678,-0.8463159774657358,-0.9790932582735589,1.2637066776546686,0.26402008133367,2.411676675578421,-0.9600462952794637,0.543479378670093,0.1998104337187135,0.28872366282502326,0.7324921027798023,-0.8720020498877926,-1.6548874362282961,-1.1302037246739238,-0.12270893359572414,0.6934308034947019,0.9113627221747217,0
-0.9057972133711476,-0.6083412058183123,0.2951409793374166,0.9437155057560443,0.09293565268297786,1.3703972428747702,-0.06477225979787651,0.28727251402742693,-0.5330040818263343,-0.0325038930576894,-0.5499248324643456,-0.5100639500960824,-0.8687675445729097,-0.5982793341978477,0.019831868543658926,0.613460165671837,-1.7794389254234309,0.830498133985952,-0.7373319802499277,-0.578212098219754,1
-0.5857927234486902,0.38927900518141434,0.6988156702804763,0.43623570480105506,-0.3150819279089234,0.45950527153441667,1.4488201083377155,0.5055578532150077,-1.4409816345249187,-1.1340201859349581,-0.2414305647249931,1.466782556898976,0.678728069279419,-1.1909165059737268,-1.4423809407933739,-0.9291363405097582,-0.22159969438503932,-0.34677157676671216,0.0342458233430231,-1.0401987109554731,1
1.1464408704007276,0.5155787208718728,-1.222895019555564,-0.39622967810175985,-1.2935076252040958,-0.3524278639631614,0.07125374991089249,1.2395840064415615,1.0071333364731596,-1.479444223139724,-0.695694877197064,-0.9181269834165748,0.604120889588518,1.0683793336940164,-0.8822709181423706,2.303638752104789,-0.9733788380270346,1.259233239786799,0.3600145989925406,1.9203675021442612,0
-0.6994952201676432,0.5674189207862668,-1.6313351104170732,1.1058330662947127,-1.0551076754804494,-0.5389624776428736,0.4802605014059249,0.6927690318488605,0.66536893503283,-0.5764195763348439,0.8227827808340025,-0.9626510119189763,0.2513166482381024,0.8614365256328049,-0.8093376111763627,-0.23130094292969944,-1.0370660735699961,1.471034690817104,0.4456862274345811,0.6523061516102304,0
-1.506534030190399,-0.7180981497936152,-0.861309579697108,0.3992281929393271,0.19433346333823323,3.5672862961616856,2.178562173991662,0.24945094593007222,-0.5871152706201476,0.1165785120124638,-0.14734022662150623,0.9639254230555709,-0.27512142825504665,2.492183998600687,-2.0622910162563377,-0.3177608940173958,-1.9655558914765052,1.0715159355810386,-1.508716360670025,0.4790031433927589,1
-0.08145598777787942,-0.013939974624253712,-0.04233189566021276,-0.046496581126557926,-1.451834745168435,-1.6402445445464917,0.9068341463729263,1.3655603704321775,0.5775169546072118,1.6772395929744568,-0.664700905151014,-0.12107543239055386,-0.5895789959361277,0.45005467118514625,1.7887599384031228,0.486842068967491,0.6754908472654697,0.9955266916741141,0.5304375463341846,0.4838411250264615,0
-1.203885634372985,-0.7343446541950385,0.624606644894278,-0.9680835891538281,0.17124404768499576,0.9911366828184249,-0.2736065565341689,-0.44928534793580827,-0.5277718759454261,0.41046022190207787,-0.28146007988829563,-0.0060618257735948035,-0.6031200882261201,0.47373166076865714,0.7333213565026174,0.16395148089481063,2.426085613853053,-0.5868127156030817,-0.6729376208978337,-1.195469716665512,1
-1.7464667255790336,0.0383429480293414,-0.4986338957884514,-1.4940377932897506,-0.34182182024613555,0.4125102519043715,-0.9511843703879561,-0.5641961798604865,-1.0471575686902646,-0.16825913448754154,-1.0069273609451441,0.04782531978468294,-0.4976725234290394,1.2551457883749038,-0.5349500641235907,-1.2681368049753126,0.33164766712576277,0.06837156596765875,-0.11687253325184793,0.35973897512678843,0
-1.407087194784017,0.7040009647202154,-1.8861287039510262,1.1912606816318325,0.8652897561352498,-1.4125148941689463,0.053059312932619035,-1.4605008994184878,-0.12740687238995974,-0.06374528550396617,-0.47687646064383565,1.677115870186871,-1.716033248310689,0.6751370564069208,-0.20842254058620235,2.7107942990405327,-0.22001802765967404,-0.8774840221556317,0.7965090535778826,0.13807840841754684,1
0.1779083914116544,0.7379434443423873,-1.869731661954991,1.045056145231206,-0.0785883929143568,-1.5901756340088118,-0.06330322278133675,-0.42158231144029273,-0.5276537761783373,0.19366176451679923,1.1983685693734596,0.014336422175760023,-0.750022681565717,0.12079023250111028,-0.10126746328592562,1.1549975605416176,-1.070668371416597,0.002925966679437699,0.8707834100802567,-0.2717300398697084,0
0.321652659591586,0.18622613892572965,0.4330639467413191,2.8013729896349786,-0.47935394265608433,-0.9805954084512357,-0.18643641582155404,-1.0886348430590387,-0.3700224658372443,-1.2672766883727302,0.3886472460333105,-0.2686216239380641,-2.2176090801520147,-0.4871671830291446,0.5941732545005254,-0.8420986897213886,0.3987128017903442,0.8261456160405156,0.40942521256738,-1.1130641011871776,0
0.4457598512171287,0.49716453425294005,0.009226992995468902,-0.17426703446692562,-0.7511672196238788,-0.8043405186551533,-0.5866945887618727,-0.8797173613845565,-0.9773641174837107,1.5745863577623422,-0.9985703864824396,-1.391983286797076,-0.2712965631476405,0.10311758244563701,-0.3538443994512106,-2.355703490127358,1.907490672553268,1.0864801228903818,0.4992437547417409,-0.0936090233663665,0
-0.21495483807895113,-0.22662502392757253,1.8167556295751046,-0.6302492950044363,1.5361567728549452,0.9250738868930759,-1.2692911052431042,0.8331577666294346,0.7026599984993058,-0.9240628073410654,-0.11131884879780068,0.2990857340211059,-2.7075438553811773,0.8642483846986365,-0.4361033798974392,-0.7199895332219391,0.3857499681816948,-1.2535060123717616,-0.4104139694836266,-0.5450872299955903,1
-1.5889896024777754,-1.028484640709011,0.21486470946386504,1.0087625071331352,1.9961523197549256,1.1811809723318265,-0.38913509597656376,0.11502556634280714,-0.5615986763768689,0.32853475391394826,-0.8121571305340674,0.2109261619639301,-0.032018804487070805,1.1031739387936397,1.2484471605293153,0.2906664931130496,-0.6050636907219706,-2.272141655570607,-0.8747202400254298,0.13054229242835844,1
0.7833587105240313,0.29418467162460615,0.417465089821295,0.7241365593144973,-0.8186050266600786,0.03744529382642203,1.1910858547734768,-1.3358624041686133,-1.262769775698564,0.6989196850807888,1.092106783982426,-0.5479053042069351,2.5879089735306846,1.2907584241224281,-0.7586002710284524,-1.1997252650902135,-1.4704895512312506,-0.40980124379353305,0.1273188129265245,0.27242139665360987,0
-0.21713107494620248,0.9277963803382968,0.3116528560047783,0.24353020418634463,-2.6307301368290634,-1.304245442393254,-1.5189108250900678,-0.514782674914742,-0.47741070619280046,-0.7469232850701676,0.38837572923016833,-0.09482423128087224,1.1277802506338985,-0.06040372919690829,-0.8708648146899605,0.0861108682589779,0.5265366836723071,0.990166238959289,0.8672415353774153,0.38130961226478466,0
-1.8689740758268767,0.14098701819801834,0.39017219288008514,-1.3126605607992783,0.37638856188919934,-0.7665514904033897,0.2820005425545109,1.5112831241107423,-0.9911942176245544,1.1169794276401286,0.27194059094054035,-0.05191835877606092,0.8223422986875516,1.0214581040153765,0.47568782016874,0.6983991213294012,-0.07229265971448583,-0.09259939526839296,0.31787839910414484,0.5620922620826175,0
-1.0047048607067959,-1.1119826585748234,-0.0461619439699719,-0.9390531437019707,-0.9604469539838816,1.3166598681276287,-0.7828665102974913,-0.8106575556986726,-0.7216964540154426,-0.7259180859937786,0.2862733367774424,-0.8447374087911762,0.9437016343998412,-0.07790804633131841,1.307456341390899,1.5065286363122667,1.0835485233278697,2.150310793331211,-0.9586955289087007,-0.3139521869158607,1
-1.7599588821492502,0.6306582761717346,-0.01020560039093268,0.6037814695529586,-0.72839031324171,-0.15269260612583557,0.06338339263771817,0.8452732970420956,-0.5037223368294537,-0.9009211185541528,-0.9125881981776266,0.7013898938094993,-0.5417732360116019,1.5153180943238018,-1.377025180063815,1.6742707660711302,-0.44579531382681703,-1.0126855633684928,0.3492177412490038,-0.48663118818926915,1
-0.42999140861483903,0.4389635428931477,-1.6188225719864404,-1.0581464312944115,0.07321945031246505,-1.6463199944173785,-1.1151262626634877,-0.552924016236234,-0.033068001361767865,1.7305179518279585,-0.6553275232007943,0.1949677059907586,1.5623545093732296,-1.177031631453071,0.689049099266055,0.8889877491836431,1.323340922489938,0.5399509007551029,0.7473119253114404,-0.6975419424751146,0
0.06936980265806943,1.0899375334372774,-1.37383482489866,0.887079776446287,0.1158245872269461,-1.4087189128798898,1.3784696274615047,-1.1979664292172616,2.3921096352739926,1.635797806135815,0.3896045240919878,-2.220421008935126,-0.14720527868559727,0.2867741123825862,-1.1551279037873092,0.5648423586001226,0.19259691873130513,-0.22104246353705057,0.9783780938568089,-1.4720370730267915,0
-0.26003625018044474,-0.12169934007962699,1.156006669451127,0.2450386643154059,-1.0078679132221302,2.5424356054170874,-0.6084939037312018,-0.28790607686792025,0.2691809202551599,0.10353815394917538,0.25373729677483314,-1.7930763979123896,-1.543450943185747,-0.26995189682516413,-2.42261485149096,1.5941779562040121,-0.8800119816907639,1.431152117761741,-0.8901899953187248,0.15875605093754283,1
0.1609754975871555,0.19081980583000455,1.7804527512924062,-1.0084814272863163,0.7746256352751506,-0.19628257061994958,-0.5374063789038138,0.576228719595626,-0.40867234570604166,-0.9803137459505973,0.30596002443783654,1.2959976706397898,0.31126169966750483,-1.7230460292912313,-0.25609413086502486,-0.5284509979003907,1.507707699313365,-1.2675777045330776,0.15480375055344925,0.3587361439966162,1
-0.3004659487207037,1.014404518885495,-0.5976676832548571,-0.2310694774576803,0.5843141664353099,-1.35053303620924,0.370211889941741,0.41055008532761655,0.36016418394576694,-0.966156723370417,-0.10047572057170515,-0.057390703001542406,0.8393491142316022,1.3931812579349059,-1.0328860863319582,0.8728243510056346,-1.0056013756894657,-0.07938842440570287,0.923489295400305,-1.8210860692944963,0
1.9192813001444593,0.394417818450485,0.10714532973756831,-0.4969631329205013,-0.21083471865458023,-1.4097747648772312,-0.2242409555481863,2.480650917512143,-1.0534690340732769,1.901913148662501,2.2354274347569607,0.8093109039313008,-1.3321257652766474,-0.08496659688814741,0.5447984514261719,-0.8095668020895723,-1.2433622606798904,-0.5220342898417564,0.6487266856545489,0.19092373175510596,0
-1.754284852822499,-0.13426097549167215,0.960305168086668,0.7025333139338557,1.0831452126607344,1.7585643342570094,-1.7941918665494363,-0.3677845265710552,1.8060891178369614,-0.6684549108531777,-1.8385186232720707,0.8981173241223475,1.1711676327061467,-1.332448347894566,-1.5533582007203675,-1.464974746104889,0.09452756758846836,-0.9980946277690352,-0.6394936036600753,1.299987372262134,1
-0.6048743990091834,-0.1904678666040086,2.1963322345225227,-2.159268935319768,-1.2849446619548281,0.3024527305882493,1.2008008194284512,1.0788495665089635,0.6196566917631479,-0.4725008930849044,-0.34513723047659045,-0.23603419015604085,-1.7606364433375037,-0.4990082644297892,0.1416551023145658,-0.28509551582833836,-0.7510233913905242,0.07969406738271223,-0.18939917465214565,-1.8740555027312202,1
0.5036366361778611,-1.5136824774447128,-0.4690706179438185,1.9017657087015443,-0.8706427909666666,1.820047147498127,1.6629136549874428,1.2910522327024336,-0.16713608416283599,-1.0471843552482283,1.4300303889213692,0.20104766428169443,1.2757718207583224,-1.1326072905212539,1.750085322027705,-1.4089039044254048,0.033015876934859634,-0.803409459792437,-1.3141063837779512,1.4120963746775894,1
-0.6141435312471847,0.12417418436231374,-0.9134585796322228,1.3690945827628513,-0.05123583553219154,0.11493125818958094,0.30703923725182186,-0.3072462256617315,-0.44494639089525284,1.6666632592275232,0.6255845936750005,-0.22327158843330958,0.8264223241917663,-0.09872089445567296,-0.42624557298219345,-0.22535148504419977,1.524517181115903,-0.6783346293354934,0.021284853667412618,0.8174671266983724,1
0.8868426594885851,0.42419051630750004,0.24048764946776105,-1.4660382014488722,-0.9589282677146163,-0.3905627908488736,0.28322495861071845,-1.2551490672051577,-0.7675070366738105,0.5634043604480524,0.6741440051199892,0.7162624964685291,1.791782273613359,-0.0001316862269378586,-0.6182603171043317,1.6997427421986424,-0.45242426480904147,-0.7299966715800764,0.3291406414819782,0.17536524065533415,1
0.9308732890656916,-1.1268489926252838,-1.0558446374338408,-0.4251929532728843,0.9510213361781547,1.3336174164193086,-0.9809709185260753,0.7814289194655282,0.8572915041230154,-2.1427198463985464,0.46254792279774964,0.37706090962839983,0.809779272561425,-0.3789840740581913,1.3256261875957216,-1.3448867807811995,0.25555969898680325,-0.4332841736278544,-0.9713012954733645,0.7104245340914495,1
0.3358472647200691,0.40000384892524643,0.06573766004728737,1.3427218613511855,0.0812914250424811,-0.06355727281196066,-0.26836879913738076,0.38082641834525377,-1.245051223503995,-1.3661983376689175,0.48459137883927483,0.2674753888980612,-0.6489985204731576,0.2651639227465874,-0.9090108775835415,0.883606785994169,0.5163966677865788,-1.0814133807392872,0.21059633035839886,0.312865651490911,1
-0.6117678621927194,-1.930264812052829,-0.46995787317315146,1.6018987915899814,-0.4899440209739625,2.2975003083414633,-0.2359800988669462,0.5436541282806068,-0.2565948357895235,-0.29356683659088617,-2.5500262915163465,0.3860246187085598,-0.8701631577799022,-0.7883092647749634,2.256808605908069,-2.679984485964469,2.143444818543648,0.9011117810621716,-1.6680870238280097,-0.7875514406287065,1
1.8674620041613508,0.3708732233887594,-1.0763811874020583,-0.47655380143352466,0.9575371632797675,0.9260788174750422,-0.6737901056594764,-1.4308312016246718,1.5821167513035672,-1.097143649628814,-2.712612563810438,-0.14945569316498877,-0.35824437790750796,-0.29882008902920415,-1.896559246585646,-0.5522612521126086,-1.162065820256283,2.291911266818686,-0.12725327145691076,1.0829999385168685,1
0.7352693099749874,0.37289731244296226,0.9778722722111376,2.159121154603292,-1.389780143192669,0.46430127618131,-0.27037139913579117,-0.041248128979203026,-0.4603067625743631,1.6370824079927424,1.352039365974326,2.0994075205025093,-0.38045590416635117,0.09131472861134962,-1.4074995956641652,-0.6304584541854775,-0.5591638350592083,-0.7801438813877718,0.024903030183097512,-1.4155240669137066,1
-0.05154220860765155,-0.34946343643581795,0.09715578708624777,0.5374787046064285,0.2320946379285372,1.634470195091986,1.1166812750675223,0.19507692542260213,1.1640601525859375,0.8264033173305246,0.49888319476821275,-0.34214865112723886,-0.07749429989298792,-0.5784597288763313,-0.8949750541527914,-0.05843011899748824,1.9120054690526975,-1.0660321716276806,-0.7009677171374338,2.666905222320009,1
-1.7863754653546866,1.5852603483012226,-1.3158158164275071,2.3079162506161106,-2.132595626154836,-2.3348396184351183,0.2810092502818063,3.2430929695947333,0.5827375831738644,1.7031726099180378,1.0126374096440718,-0.1581538443723203,-0.10633700253131496,-0.18144906924751675,-1.3741951094811788,0.9955815140020298,-0.6220348055543814,-1.6380290574360168,1.516621490098528,-1.4359095238685275,0
0.21498453633275158,-0.055677317092617126,1.939463549570124,0.5662707080586883,-0.30044280882755153,0.019590534069166554,0.7899077468538932,0.8816964269577422,-1.4635031033044061,0.9865140038042008,-0.06711638753511132,-0.8326072197388483,-1.0421748070984445,-0.5144258182617432,0.115033347433805,-1.3212337376636916,-0.8229486258623573,0.12037312895556077,-0.032831090921276805,0.6234171586011584,1
0.4060940188486671,-0.04053315702997519,-1.3750852331670849,-1.2451505759600856,0.38767987903284645,2.2304912983992695,-0.4625329663133788,1.2696132625998429,-1.1652019999652885,-0.4966510521282467,-1.2774366038453426,1.1565816515942398,-0.1435815887121344,1.3576196330501393,-2.2871482146382,0.4185145591570548,-0.8141532565976035,0.9230448272267618,-0.7495424810365645,0.0021835908370359453,1
0.5740812821065351,-0.44723636454856575,0.1432130832061304,0.052939468234801106,0.3142893154787071,0.46522532010319617,1.0755949081983303,-0.5515274001016297,0.4898112547940131,1.7776448188194294,-1.1111652988999856,-0.3443459049337084,-0.148882796020883,1.330451671562317,0.5946764885771355,-0.08815486887039078,1.9581316153017756,0.8762059916716602,-0.36452112840386186,-0.7814760658012543,1
-0.3777648875224771,0.08653492059394922,-1.4791960183577666,0.15682301609819319,0.06502463118878012,1.4269349601674106,0.13965167421589658,-1.743672602396536,-0.40697436637337114,1.15469376671672,0.813280406064593,-0.8438538774248993,1.489599409447649,0.28123049221860413,-1.7378762909370264,-1.2703620463250862,-1.290942219493224,2.3674143640271215,-0.426151891981823,1.7754908492400483,1
-1.7906509929567132,0.22567770540083681,2.0191992527112643,-0.5868426795241861,0.3236324725129776,-0.3868358399435302,0.9026781426992484,2.1482392019576406,-0.2954808139007823,-0.047058540774386516,-0.021332381631087506,1.6826629146481138,-2.0981874632712016,-1.999986560310291,-0.13738269730621555,1.321880992159802,-0.7531889127884663,0.18324191045871852,0.23373373117019386,0.7749361071084743,0
-0.8903178480198718,0.5655003137209789,0.15776143929376948,0.24300472205439969,-1.4769249275319014,-0.5326079117115383,-1.0973683189710666,0.9500158286696456,0.5362909095171899,0.1755362295785979,-0.7393714074590363,1.1918993344135729,-0.1962806513879368,-1.5327005598899308,-0.811449471178642,0.30170000890173554,-0.06407776414871663,-1.8437935834807457,0.44269530056690415,-1.3902219251534627,0
0.7747733900743572,-1.6805950177168596,-1.2369532584428453,0.03808450571949245,-2.074959680895303,1.9237179710396748,-0.41987416228435775,1.5861141314213119,-0.4803596724913551,0.650489639988436,1.9121780476629535,-0.937413788436313,-0.48879979835093157,0.5648641321559589,2.0468611161145427,0.20792969196167435,-0.36833271003917634,0.6645524143941822,-1.4272439763682618,-0.20108793560036814,1
-0.7094410024275466,0.6589844902835789,-0.20661127969604665,-2.049941278577478,0.15697296096843422,-0.6947894496050705,0.6102161695892225,0.714609790636618,-0.7837535211244283,1.197246923645228,-0.5865312695639355,0.224216404290793,-0.336254738681072,1.1590740649558977,-0.8662835692355215,0.42548993324023027,-0.2885486958757048,-1.371673697230466,0.5401516565574115,-0.9627325652846123,0
-0.04504447845515359,0.9520286397773602,-1.3142850978081202,-0.32763343730996075,0.5721731310374635,-1.1526563783249864,-0.30462264835473557,-0.3834179419689318,-1.3555418611641263,0.8500363951895699,0.48923401355003554,0.4718699478766758,0.7681941281058479,-0.7283292684217407,-1.0922197173574193,-0.9204887877395782,-0.6567103997764666,0.20785323813764608,0.829105265520081,-2.3559189249323222,0
0.1255485866511483,-0.10948372539825428,0.599450686321704,1.391920887679919,-0.8098900990894081,1.2390859357282038,0.38571084053145244,0.7298193622676307,2.3176367886738785,-0.7248610838000522,1.419035611367264,0.29335203632298334,0.31695200698411535,0.021888821164834777,-1.0581452076855058,0.8100272385061165,-0.9560585516833945,0.054051662846000936,-0.45764930192226805,-0.6312411362407006,1
0.5705847001198596,0.026546048077147395,-0.9415339202677434,0.995302900529223,-0.2128598827563673,-0.8441793142707129,-1.3600235763105946,0.6877638485617686,2.0403465989064893,0.40787905089749094,-0.9614718135105067,-0.05171279056027103,-0.3056320547856803,0.8147307216216817,0.8382534416414851,0.049591827661585874,-1.4572992875838315,-1.7577874239420725,0.28899762708421284,1.9380948993931397,0
-0.12389236323520093,-1.113078807320194,-0.8203284611324674,-0.5077167691497139,0.28203621046222055,4.020261576429226,-0.2230256812664022,1.762979652537399,0.6428554939629476,0.3927683630511244,-0.1528549918142255,0.4335624601918793,0.8259235830306532,-1.7151799707034205,-1.5821434050254581,1.6833145759275296,-1.1185234842116323,-1.087748675353668,-1.8444332558666454,-0.8796436755512407,1
-1.3755108895687427,0.4825982216408163,0.025385277972271716,0.6025802679783409,0.8095944359718859,-0.3970717841937942,-0.7165734884241052,-0.1231364353522676,0.125901388394959,2.105297429458312,0.5308943142159493,0.858139070934016,2.0538186900865956,-0.44565030302999453,-0.7539570561409309,-0.8125457701219858,1.368079350488601,0.034887947089408566,0.35898401644258854,0.13659739558875236,0
-1.185921599186856,-0.40319140639420725,-0.37093110360766823,0.8844424373817379,0.8353334353648353,-1.0323973494662377,-0.08119318413546972,0.49955890824920274,-1.8537322412191233,-0.6650459180031121,0.33607541250534645,0.5001128296208667,0.3588480726789188,0.28815004154025464,2.089234088469458,1.1888062411931566,0.18291456362025593,-0.8557425799515072,0.14673053345503217,-0.2793502470569215,0
-0.8308826638551301,0.6608617190199584,-0.3393358444160607,0.0688746395137692,-1.4353688270468892,-0.6568270671442493,0.8266517974324317,1.4380287218732621,-0.8003911042966898,-0.6102206925378539,-1.4437183695950546,-0.48280068868494963,0.2780795955735272,0.2898111955666193,-0.9114803239967939,1.1092079825867307,1.9832726559207603,0.6882851084882323,0.5286126240473359,1.330803915639862,1
-0.7764991404930003,0.6884007487675857,0.032407013340136216,0.1353383478922909,0.22327083592026087,-0.7707961129523665,-0.6724855960063362,-1.0921212003485672,0.17618982250269238,2.0420696529278803,-1.7422216926352752,-0.5460417988167212,0.6460061871145515,0.9944473755089074,-0.856821438617767,-2.3716593608588923,0.15712791899094083,0.2952799406208684,0.5789947545128794,-0.5256309339853844,0
-1.3581749214775936,-0.6492279695292524,-0.10609063534142033,-1.4127257589005562,-0.007688995721369474,1.3759059570330594,1.2334060763526695,-0.49156193901893,-0.28857511715410117,0.11112937529651211,-0.38787578186246957,1.306072203871629,0.6190329465885325,-0.5168468831738285,0.11380404706336167,1.3920387515870913,-0.4432634648179029,1.3181970672340253,-0.7585348352340074,0.9573048225935312,1
-0.44859687310912016,0.0502895018887947,-0.06487144105336112,1.6785739643487574,0.9859483833147212,-1.0195357899482316,0.2079200673839576,0.2669757831275602,-0.5912156192423738,1.0925378336083031,1.49116640428018,-0.3005359851787682,-0.6900125998145852,-2.124027075878851,0.967854420508534,1.465835978602963,-0.8818184989854194,0.5224452109266943,0.3576784756841957,1.1469628682551696,0
0.019290880373942807,-0.015398728150831082,1.2377381057492252,0.12301867352675562,0.8219214824159002,-1.0177461826797598,-1.1182319393560314,-0.8180021847417462,0.34355457703993575,-1.6037294750298954,1.68076571338819,-0.0022462017571209794,-0.6167301099564017,-0.5505339682007013,1.1263824718971083,0.4331840672715426,-0.02230853891243119,-1.4439289224922272,0.32592600327893023,0.7229969346243232,0
0.47039274200915654,-0.8874704541030696,-0.35654242864278574,-0.18292329841259092,0.8792639051665606,0.9758676830026506,-0.6936964924644041,0.2745139874932834,-0.28279321010932484,-0.35975501660563197,-0.8511147868343866,-1.2222257195919537,0.63695253999487,-1.243673114188842,1.1236634749509327,0.4644876055772338,1.1903614197520662,-0.2913320061249465,-0.7405904706841371,1.2074257491566482,1
1.5798069574015499,0.5651155681103693,1.3385195085812722,1.5279815736395113,-0.48559011204500924,-0.7549478806236055,-0.8963333329719959,-1.3411300326557107,2.1669592672469657,-0.43852450560498196,1.7379047618352501,-0.9750988557869399,0.4321202439837694,1.1967632249804385,-0.5726534002171271,-0.045710754645827495,0.238566126142076,0.28194887380905115,0.5153116661656728,0.7018822520592939,0
-1.0802670597806927,0.02328784393245807,0.41207113706602394,-0.8033604327656939,-2.388531462477686,-1.041849105036455,0.5251693132621684,0.11835020112343628,0.5711026285913683,-0.7163942937007461,-0.8343381865826627,-0.691054377393896,-0.21053494035299194,-0.03813456882464037,1.0576760656314912,-0.15914947153772793,0.380067440573832,-0.6389850540666776,0.3521730984499348,-1.3806521701101395,0
-0.1513974919414092,0.38619288633225685,-0.3471614824184498,2.2331159171321766,1.2101660953653188,-1.9635258859951419,0.9177721505515003,-0.7554608013928819,0.22442003838225033,0.3160878221089338,-0.6449284603222979,0.7932624959550306,1.026087440960004,-0.6929570045312151,1.1572832978189773,0.8437900258815756,-2.153588112944552,-0.6705431614166831,0.8261343627926597,0.6879020828923982,0
-0.6886499086367672,0.4640563173774387,0.01921885221727033,1.471400348166522,0.36731938784919665,-1.516180946497001,-1.6950177929753076,0.6961897158262457,-0.5493500912013305,0.8039864958905025,-0.6962935790523948,0.865271157294546,1.0902442836580648,0.9075323007926969,0.48853934246646313,-0.6690967601377134,1.799738291727098,1.9684512893602903,0.7166071354554792,1.4094344240509098,0
-1.866700586803942,0.8117684267296121,-0.7664664310197877,-0.433990462215957,0.6734727961582307,0.46168007008737366,-0.9331190886861417,1.7872399646046684,0.397637501776279,1.0331898643631479,-0.24691832748945464,-1.9259778184451013,1.278434957965715,1.4955717364824264,-2.47663179733426,-1.0010095444828142,-0.4245981660221425,-0.6514425498636812,0.23398858422948976,0.6110709051105707,1
0.8394685045184047,2.872178439121286,-0.08371795984921201,-0.8505352787470439,-0.39352985596972884,-4.444491000732856,-1.1195461283831687,0.6030946849488336,1.057368305378225,-0.15171443357722914,0.1786947168104756,1.2292147842970504,0.2647753109779796,2.4851899166788916,-2.260596954729688,1.2753907379990148,1.218194711754256,0.5333592447054494,2.8179596586719566,1.191707497107065,0
-1.0232532233755844,-0.7830489884825308,-0.041337204809170254,1.255349780288475,-0.8024300398648369,1.7040955631825483,0.019599616577628293,1.5404412397766734,-2.6745671281541408,0.6959321009408497,0.5789286485712348,0.4600423238604662,0.8202983745089647,-0.6856749175901302,0.08956707891698712,-0.9509533830944716,0.28004534269740444,-0.5166141987601078,-0.9294840881553471,-0.33931118713815905,1
0.8658725885843434,0.2787705010509029,-2.1936479262588735,1.5356309788110316,-0.515434864681385,-1.3015151441715245,0.4612282614987982,0.032835809101306665,0.08533977579489384,-0.03134115266972247,1.7563779876279924,1.5463986871898292,0.0744066719261473,1.783114519992506,0.7114506479459664,2.4719337724318575,-0.35379073114231385,-0.2145209503359089,0.5584099807127859,1.558628017070086,0
1.761501893492003,-2.1902214090814724,0.009511839940994225,-0.48786908807379537,-0.9114274375379638,2.5542317860123767,-0.308761791193383,0.25159280726173744,0.04168120721690878,-0.006616244153488004,1.576849825589217,-0.8379792146793185,0.4576097419403723,0.03627929263833515,2.617100911694529,-1.370256589207886,-0.13001397325513103,1.1907286489798454,-1.875485778114969,0.4105067914863815,1
0.48253370982118504,-0.42944338886325056,0.4449683153761758,-0.33186486182197916,-0.16176728116566902,1.7141532763870355,0.031063426398931438,0.609238830889753,0.7475461257864594,0.16823054118369438,0.33086702840635124,0.7497666284891851,0.47993974114827864,0.32478159411011454,-0.7848690784083721,-1.0071949875269783,0.6603430545626816,-2.161303886302362,-0.765005064594115,1.3967601773984912,1
0.7640297815728595,1.2711567080012687,0.73463754545933,0.35147990035220167,-0.2841550979287972,-1.7468448784157165,-0.9858038086678267,-1.372859451481064,-0.6327550298850391,-0.9478927172689863,1.1947628618769377,0.8946471875738723,0.04693490206036963,-1.9782252493748103,-1.2360304586075088,1.897767016745977,-1.542801515209646,-0.8343230454915821,1.1750693113278425,0.6928557558178116,0
0.15376382954470624,-0.3649131898054538,0.2472881256277393,-0.3509527421380881,1.0260141257072977,0.3505064567410672,-0.6459081732622967,-0.016664133297943518,0.0492974252171587,0.48852013847400877,-0.42177686438763046,-0.1346440918247952,1.151515145933001,0.23586506574957086,0.516328039000495,-1.1424818981184228,0.8718445698740908,0.17215866960644105,-0.28790054041366514,0.5130478674102508,1
-1.232523314768509,0.9130853046015368,0.8545252270666157,-0.8950698422766047,0.8902475008365087,-1.0871640648459655,-1.091933900395313,-1.1755946056248516,0.6256309336460009,-1.3671378064602457,0.17183933979353122,0.5532512199847837,-0.9483480042242007,0.5972282182533848,-1.0671639899446084,0.46320629209912306,0.5522999376795232,0.8481742126666681,0.789184564797738,-0.6578345538521371,0
1.3427476033167658,-0.7656766414458642,0.04203903699723074,0.7975656226859541,-0.3859331265155641,0.9948468761971598,0.9072346600576203,0.7323480796505246,0.629476497114477,-0.10477201168153431,-0.23681784303685838,0.7132981766206321,0.6145472376508678,-0.2952012531026962,0.8058801656219651,1.1090994654767188,-0.6544457335513071,-0.5134883637740536,-0.6890182306148146,0.9626135747116324,1
1.6348628511603471,0.15470298906997976,0.7567270028534282,-1.3182762920299418,1.3066170692950476,-0.9509918782436594,2.0515094640855813,0.22964305556779677,-0.07063397965197407,1.02719478824286,1.1531696984548447,-0.3066882155205,0.2744601776138416,0.49891440096441453,0.6394986288784439,0.0233851251561811,0.9017646879402839,-1.2077748224243965,0.38477586536096947,-0.037717949765591174,0
1.436368034243754,0.3676941906688007,-0.41896344552123466,-0.5149387064332724,-1.0588001482478198,-0.011410863665942017,-0.8246120097650219,-0.6610250546274942,-0.9722982447348347,-3.044656539243162,-0.7155129854852287,1.1214992118499283,0.33899351380941967,-0.45669761502324635,-0.8858805392772774,0.4562494885285328,-1.0501865373616694,1.0216352138276081,0.1781927895282147,0.12224300454706621,1
0.7215625051261435,0.320887209895936,-1.2376624223272978,-0.20931381957936157,0.8872908372667421,-0.03100730842597943,0.8691560643892732,0.6833289928110694,1.4532606633210343,-1.3810446031537749,-0.7632861041785816,0.03793783544760203,2.3638724946193608,1.0729780477660118,-0.7505911520186774,-0.7859860326349823,-0.23086637384476896,0.30381859560487573,0.1624009930303796,0.4822489526806572,0
-0.15326055339930547,0.38519950841070616,-0.3001287868282,-0.9866590277241104,0.12682468513496187,0.09842593001222122,-1.0043378262939064,0.02235055496636566,1.8418156093866072,2.2409265562057925,-0.36634167713775767,0.17676210325026384,-0.0487656518431153,0.6268770635290218,-1.0461389620026276,-0.9885290078659005,1.4152045267018234,0.4764301667171248,0.1505354428007139,-1.3512904026984345,1
0.059905256796438384,0.6320235611501753,1.3448540311806945,-0.5652587392104036,-0.7402322525487084,-1.056985377868481,-0.7329260381085351,-2.3851136986930364,0.08291185317203993,-0.13698957769394238,2.1209935658451093,0.9778475646543314,-0.9506906934152551,-1.8119893375620542,-0.41295951406582754,-3.1385146662340397,-1.6251212588825248,-1.1419418191613115,0.6459505188499356,-0.3773865174622099,1
0.5308671620671488,0.2966919502686053,-0.6484692000191374,0.42896794854851705,-0.3712573706703938,1.0816665017061482,-2.1564453770050327,1.7379849851235203,-1.0758938287242596,-0.263423635119504,0.981149715570353,-0.3869294465999474,-0.12839826591760886,0.3387581622803661,-1.881818193529908,-0.06828620776429063,-0.9358312297905655,-0.30226939208252646,-0.2133921785238933,0.5665409870816561,1
0.08922828687474911,-1.0123218076970806,0.3234523642603904,1.4881346272402018,2.0725985407625185,1.205831558837835,-0.5668034520958176,1.9553262161497902,0.5236847413791645,-0.644622131078473,1.9046798820816377,-0.006461594079039767,-2.0092153440255616,-0.4507065591772589,1.182598806358603,-0.21796838496072934,0.06301765889922856,0.20650562514583037,-0.8751227378458821,-0.943940643332437,1
0.8092646982419858,-0.39068894073573185,-0.1265188969539503,0.7549587661419644,1.267960487103089,1.3318784769959877,0.43945269045799057,0.8425138964550043,-1.2855910007560276,-0.6646510975020625,-0.02439856723615665,-1.4222296495062072,-0.0038041336707993834,-1.941858659379406,-0.47057377060511607,-1.590141830680298,0.11683017417218379,-0.9028089269627998,-0.6214525492206078,-0.5151708990920177,1
-0.43077160868038405,-0.14032010808087012,0.8435502912221203,-0.2227482131520212,-2.133119217718111,-0.4069217932065444,0.3067899624614518,0.13551800279179543,-0.7709990128187286,-0.6390653328320162,-1.026710491785266,0.17041541759311193,0.011651707685245566,0.3689172029082467,0.7780493402488564,0.12077046555136169,-1.3306490830206263,0.9820109861215902,0.06665854556800492,0.8276575097351987,0
-1.5125289652988756,2.6030336606421596,0.7396754681178337,-0.6197721282538776,-2.2494324542007638,-4.154350476173738,2.571995317494969,-0.5864151488887734,-2.1779677321946878,0.023195978557374822,0.6087355891244169,-0.5571305725722312,1.6845248346034518,-0.9087696708079733,-1.9136032020629863,0.8422973270139027,-1.3307051313309262,1.3510157524870003,2.595262624607434,0.4316316296375973,0
0.05821272708505647,1.6272362636643194,1.9435288811221971,0.7642132033388553,0.6636463470328414,-0.3800921464757503,-0.7596730177525534,1.0380125273159622,-1.909197458977243,-0.5054897554445111,1.0595655726233972,-0.5552804969053294,-0.4693464664267112,1.7279638353817652,-3.567883466656874,-1.2858640172797149,-0.39343789627455045,0.20885354253433172,0.8965108522917138,-1.1918747041912499,1
0.631900339157813,0.3920878507854324,0.2522130033628634,1.885788516485527,1.3065540677345007,-1.8069333466532713,-0.9062181261926946,-1.2652120359981966,-0.8157877251685722,-0.366602569838744,-1.6984505684002509,0.7842847532637518,1.1522506518727484,-1.5445997269056233,0.9753643211025785,-0.08163436001124397,-0.9044005023308695,0.1853966564677613,0.7776595120225526,0.7921373991454693,0
0.43102295801089313,0.4337684962926684,2.0777775851984446,0.5704873308635735,-0.5036502603755963,-0.8279241094896923,-0.03302526371956056,1.277856655030514,-0.05585218265281086,1.030919338366907,-0.17237495745366196,0.7147317275176998,1.4980117703044276,0.10172320847176979,-0.1737710848240389,-0.3128364730515222,-0.11356256479045149,-0.2880627983512786,0.47688657212325447,1.6529130512304218,1
-1.803862792562365,0.6142843024335216,-2.854626662904391,-1.8593367716600575,-1.1260539609110503,-0.5075880751950992,-0.8568518651277993,0.7978437798957666,0.8447743757816999,-0.4817659710934752,-0.2563406783724922,-0.5380477584901385,0.5583364232117055,0.045491476330752,-0.9573695438811127,1.8566474365619547,-2.391956204313024,0.32445860435251705,0.4576493749133522,0.49406391897551966,0
0.03807801939645913,-0.010097094261655204,0.5888319515419477,-1.321209231856129,1.460680332129137,-1.4820284518751674,0.16696762333416318,0.7470588278241231,-1.504148530947979,1.2568780316749217,-0.6107626557317373,0.10666965536704488,0.028565762777586125,3.096588896142549,1.6101162916096703,0.14198945057559273,0.130129438098042,0.9149553330102238,0.4804574748300229,0.7859740988654604,0
-2.4878086565350794,0.6089009571933902,0.5540577711159071,1.503419828428999,0.03003147916408217,-0.47677322315346016,-0.8617030702562581,-1.5614932224418594,0.33802348110170816,-0.2880388739220764,-2.1523835446091804,0.8764556455029355,-0.2116669819311769,-0.3301200939664503,-0.9771861192032035,-0.6277339060845056,1.2769653860881878,1.4185313451480366,0.4450057377562459,0.07959786237603639,0
1.3701018536103708,0.5508765633889569,0.12918747333171046,-1.3045894438004726,-0.6597486412539658,-1.326262552945681,-0.06327395989691587,-0.4765514232192414,-0.03227689410261781,-1.1966655922843958,0.9838523436061467,0.1258865305766578,-1.6413801156020968,-0.8935950137191204,0.07330998429542634,0.012223548415169466,1.1992995729215856,-0.26556051251854124,0.6956165855742099,-0.3994654904728529,1
0.7848886874941853,-0.989428857688835,-0.9083412517079852,0.7068962909185121,2.476929133723412,1.0453063757400651,0.030848667053507126,-0.3227445527233424,0.019259309031212417,2.221203394271961,-1.2425640027997056,0.5282699389151054,-0.3862370887113674,1.2672736463183818,1.298410809303382,1.1189122717071738,-0.5904407702032749,0.06627473734423478,-0.8117015061188905,0.7349359742543154,1
1.0363859085870253,-1.963083791554366,-0.33420699806644877,-0.3190080304728533,0.36539620823619295,2.275485310133856,-0.9599725191440409,-1.1941586560913167,-0.31722838822147553,0.009813740396404322,-1.1046683561021067,0.5356402250166092,2.8241670094027294,-1.4317296965247415,2.3605198391311095,-1.6539595596163144,0.8513421221731372,1.1433042743300137,-1.676450169805662,1.0550545489425514,1
-0.5338446438149185,-0.15708267383974656,1.2950071499384181,-0.3864948903227902,-0.630863510683409,-1.4455341032849864,-0.28212494313773495,-0.20470723352228773,-1.3369779581405543,-1.315438265887262,-0.8644303136735378,0.6927757697082377,-0.7696664090113885,-0.8136645751375527,1.9300852707145257,0.32005819149324455,-0.14963594425179252,0.9948686937879384,0.3987694820251614,1.270088025254897,0
1.2090863980140045,-0.9399096213645071,-1.1710410396618163,-1.158001806522232,0.014416562635548644,1.0366150972426813,2.140970296330354,0.49673775677571846,-1.002109104633775,-1.3904290057898094,0.04884839320948488,-0.6666451929579779,1.3173513046520113,2.1648925891014574,1.1867586065089573,0.9842964451970457,0.5931053993577392,0.20541327045775085,-0.7853608374732037,0.7110461025453031,1
0.3366014275621669,0.07383518678781609,0.2688049344392308,-0.5335436258230818,-0.687784294825431,-0.9232899317533712,-1.5105460503694963,-0.9265132547797481,-0.6969414601380967,-1.7052076077760168,-0.6770111767903435,-0.3743900332069141,0.5487004763949003,-1.5144140623981206,0.8073818902267764,-0.08251351891139448,-0.5430219463857897,-0.8348299105466731,0.337337014884261,-0.3360666965057405,0
1.3747979700547797,-0.4892400139867306,-0.2873588741496345,0.2438269266167647,1.8744244469332438,0.717600564681389,2.6646144920014345,0.11704103558126315,1.6941757581910564,-1.7993566812164734,0.1253909718067383,-0.6081535516204094,0.08004126921526018,-1.243358737609354,0.4272821202942073,1.32240432481173,-0.5605573450943682,0.8265839651372482,-0.4670833412530305,-0.5685393048890007,1
1.5008430302803784,-0.07683887090139441,-0.6801734763479509,-0.8218148284213459,1.4758791505039655,0.9358282675327207,-1.2843870360725143,-1.1370328831474874,-0.4665740712027766,0.5096892312246561,0.491445510894402,-0.2290810309217097,0.1376619408680461,1.3025903967862316,-0.8134587798381052,-0.5505870670007066,1.3528005348967251,-0.8143981874463238,-0.342867468639439,0.364561477355457,1
-1.2932729578711637,0.21635156426425495,0.46217266608194285,0.01914777741575206,-1.3631740045928105,0.04984635420643757,2.0243096232868525,0.42588720619303577,0.47240627788037737,-0.19090379172729868,0.18970616761039566,-0.6619821777966091,0.487872284871074,-0.6414869090443096,-0.5817605239936026,1.804348109786743,-0.9564363768180087,0.7197579421481819,0.08632964833054353,-1.5981243518837476,0
1.2727147339712648,-0.5124708516996904,0.08409438825019651,-0.11366668908143539,-0.44480683817049027,0.7199651652563295,0.6909109573921928,-0.9258899038911499,-0.7209701084698963,0.07567354061338613,0.1390286869531256,-0.04512289032405165,-0.1650805650030461,-0.14365952989711814,0.48149348638137446,0.03175945658145075,-1.1694806292030167,-0.43229517910733023,-0.47887969368425387,-0.11455942747251965,1
2.753229510803207,-0.4398195400382135,-1.5081692093721777,-0.5363460269565219,-0.36971668475929287,0.5758825003010102,-1.3578232070654421,-0.20822270961275288,-0.5772209563821133,0.45596839988058907,1.8286252624418249,-0.8515918325016023,0.17823974390505556,-0.55404438408808,0.45818142572211984,1.4007772761956514,0.07857322096112584,-0.8035309614270922,-0.39723368599463654,0.48708655911559395,1
-0.435901469090433,-0.1417382350044357,-0.556717897857163,-0.8904357529426616,0.7704635956872266,0.08102980154775696,0.42876125888076383,-0.05678859588627712,0.351662354974059,0.2569974455858305,2.1934495502883857,0.9557039711138672,-0.5927028229571065,-0.5642898527190192,0.2595089820664265,0.6552336285137607,0.8775475534514207,-1.323649570842179,-0.09378020149858986,-1.5072258203839384,1
0.4753349254274913,-0.6933053894439805,0.6308756035961556,1.5027343263055881,2.7922088679099613,2.995192146813761,1.7649138055507714,-1.7806256729074892,1.021624764399948,-0.2544760766453415,0.09116814666643917,0.7882041407971867,-0.483933444951233,0.7762285047241061,-1.5108282778358584,1.2371808002890092,-1.0633544998303186,-0.4580251830145565,-1.309637165629582,-1.5138305012448536,1
1.187051150666382,0.8333230508487155,-0.28231204192492954,-0.46378437137810796,-0.5050172707451764,-0.759203083570571,-0.9437054314300761,0.9492573018529092,1.3349467283836431,0.15364912929661892,-0.16392597675551596,0.4022623446643774,0.9386110786254933,1.3351046172686238,-1.2231941283978025,0.5040938319439419,1.2235796597592736,0.31912084186854134,0.6439589550839708,-0.7906239912729525,1
1.2638559390963884,0.2876988216631139,-0.7619412381350837,2.9928105700606413,0.8778260312391258,2.0883745134651193,-0.14170872170182425,-1.7681310327067183,-0.7841638583598328,-0.11359216170196468,0.7907593122325293,-0.022030072516940464,0.7226748248882985,1.745858970273136,-2.936815420847739,-0.7532037815909708,0.2625028908518338,-0.5434204297765169,-0.5472770355853467,0.43594762971547235,1
0.09109360625591317,1.1851679676811087,0.1616985267047529,0.7330542814659985,0.14934191105988046,-1.5397899149568985,0.10285857793233408,0.23962751823899794,0.006273156184418285,-0.39732325255136186,-1.4110568310660818,0.803154742614022,0.31149085879778987,-1.8927621775900518,-1.24750884748395,-1.187765239917527,-0.8515399797793188,0.5343648986363834,1.0664767193710383,-0.6994145401232875,0
0.18125394834505026,-0.24382196637313466,-0.009159038534655271,-0.31167588576523414,1.9262858548553932,2.048879420647075,0.06078537250130285,-0.43507724157631605,2.148296863786959,0.007560180394133265,0.08127716759106869,1.1788434440256437,-0.7423280128765718,-1.3290076372234483,-1.5963322792161727,0.5269813913637531,-0.3524537316377418,0.9429386198972337,-0.7865314780503441,-0.6838489004995763,1
0.2837880278380801,0.06666079674328684,-0.5511162400406288,-0.30173305395863576,-0.8574424295472166,-0.33829148167801093,-1.4194331965450098,0.1485479035926389,-0.21245170271305602,-1.7737751322025186,0.19821732772082012,0.3252594982295819,0.06354190456093739,0.9330666057209853,0.19908168887326094,0.7032538280959473,-1.4247656537214894,-3.9224002516183423,0.142391905890846,-0.12666402734766338,1
1.195480650825479,0.9732055626467065,0.047493468251642953,-0.3240681752089702,-1.6728939013115742,-1.1494366565751948,-0.24907184465304072,0.2270344788648889,2.0979393391324312,-0.8246122504347609,0.4042128652773321,0.7158727446909595,0.6802203604766911,0.5914421517518549,-1.1473884598157604,0.3074035697196884,-0.5966290586117302,0.2766007655111807,0.838098687201326,-2.0362205028559366,0
-0.17149560038823927,-0.159729371189595,0.18745938208891083,0.6569290663420881,0.7798286407550497,1.5972814392249186,0.05245738688944395,-0.788047623233008,0.9559358223307622,1.1422073928855578,-0.3751089949435645,1.568518985472554,-1.3772954892720999,1.4338328386598447,-1.318613721999277,-0.3433351758524492,-0.7346710936768595,1.1572445477310251,-0.5987698626696731,1.0156278839944708,1
0.809861984870875,-0.1552254020972868,-1.1741423724811146,-2.336069605021263,-0.07875288624464047,-0.2003068731378137,-0.12430093887849918,-0.2619450064243539,0.25149366994199174,-0.10140782972186395,1.3055827158105235,-0.7133109002802115,-1.0704682430200712,1.7347627931235772,0.5934214170393153,0.3269108642391749,1.6712624603036346,-0.09800096678333993,-0.008063629602430396,0.43128381688629847,0
1.356583385827982,0.3968618743226873,-1.031955242094435,-0.7788370428204348,-0.5898947564628909,-0.14913164698100856,0.5954908976392573,-1.500221861446936,0.23184209213484805,0.24312345851289308,-0.13216935564437185,0.07227896538428889,0.8861911885847956,1.3510728924131392,-0.8097903252279494,-0.06263957732723487,-0.20035257779416388,-0.29424250563645765,0.23712448541165804,1.2347519140447951,0
-0.8600024751223019,-0.8462619143822873,0.2896698121381407,-0.5592257979552109,0.9374062824694956,0.9747731471654596,-0.8924649677156576,0.9895993295904707,0.9867616174828228,0.3654318428247091,1.4824440287546365,0.9379896002913398,0.14575863932765726,1.0759341227007992,1.0241831340573713,0.5115555285220048,-0.08213666355404634,-0.12148710544041103,-0.7206802428789628,0.6160257087476715,1
-0.4076605785659349,-0.7998964954857253,1.511322799203203,-1.6455122451253463,0.7370228555563136,1.017292926796364,-0.45566249801366066,-1.571489187576273,-0.3515133767588989,-0.21952658244713985,-0.2418179125289801,0.924098128840789,-0.8889248090597707,-0.39126771490754075,0.865449177157235,-0.5167091094298853,-0.8238613106230867,0.7200135318362517,-0.7126035457609416,0.7750894117456407,1
-2.141430880319705,0.2365422170418768,0.40582408667381425,-0.6181750421001689,-0.9869427365015568,1.8196632146128655,0.016374241931293703,0.17394720841281136,-0.20937561331191326,0.5568747223681456,-2.2557913310947475,0.43100969213007667,0.6297395144087381,-1.6191730565158649,-2.5244023897136074,-0.265920074195552,-0.6996008087023639,1.8640485304117584,-0.4835669711228422,-0.14486675514609437,1
-1.6724045258123525,0.13222676389200402,-0.7426591657723782,0.8594142547594531,-1.133042347377462,-0.973878476215936,-0.5060892911918885,-0.004262937643876164,0.0005599923396953997,2.171192861062495,-0.22467990162987012,1.0750212145109097,-0.588018519036967,1.4554013377261916,0.7188802604476552,-0.18657325305536468,0.38714831606090655,1.4443434119799452,0.3816053355923934,0.16392406359342962,0
-1.3480471119401671,1.0561532728232008,1.0697714549838502,0.14506374595938162,-2.3161438629688766,-1.3168334422230057,-1.1996975283653082,-2.018487864388638,0.5212799050138145,-0.15936223214590656,0.8580141953021454,-0.8281962729652346,-0.12205713212127726,0.7931756882186773,-1.1709081889648392,-0.45784838618248924,-0.7146806769904318,-0.37058276240078286,0.9322634835913262,0.4968735905075971,0
-0.5831228313242981,0.19635539941448837,1.0277187487795334,-0.3492618853479615,-0.04785892765275731,-1.1977157502982054,0.31552294092025324,-1.5166625462859213,0.19731341229026655,-0.5416207633091875,0.25100354315014656,0.1794141710488413,-0.6593241347771676,1.6165216545137489,0.8017051305505751,-0.31830101410433403,0.48674150215806,-0.08701522331813741,0.4853210473510747,-0.422495895432434,0
0.7469808401047098,-0.13722459029205716,0.40662203422267407,1.0488641418753621,0.638677139880301,0.8638347680672003,-0.17262913429083468,0.07557637267003782,0.6900736763366125,-0.026260793269852138,-0.06357353918612146,-1.4509278911112242,0.775115121589086,-0.029216405853985244,-0.5889498496232964,-1.0455294856740531,0.03149156226199577,-0.6245104550885774,-0.34794592127222584,-0.9727645167600009,0
0.07287409801551539,1.3210650873158416,0.3123782104665717,0.33868731792169,-1.2578681559088878,-1.84676789521664,1.1927351654164144,-0.1421465369405461,-0.15024298879825998,0.8201581867554845,0.7313802525749924,0.5904220612514635,0.8723153800284503,1.0294574815983573,-1.251034639816048,-1.1430193120737286,0.0731969910016945,-0.06468860503251848,1.2314658566299055,0.3733485597113982,0
1.0326575166220122,-0.4417758616277338,-1.0237559477078506,2.190417001188423,-1.9062366200893806,2.4849824490713623,-0.6335895154938127,0.8049333907323256,-0.47996464271220896,0.3772632593422264,-0.08837328752639602,2.2106897260157643,1.0274793433526916,0.8823970897899802,-1.579369967798605,1.9740786877450238,1.4538402371218848,-0.18722732150688023,-1.0232424796423933,0.15165727214501756,1
0.9693693024080543,1.0181483454788167,1.879874549421008,-0.6316515245136439,-0.3278064598765229,-0.41349414144382024,0.5207561203587112,0.8293237725828624,0.05252636821531626,-2.4878220575623313,-1.426018117120452,0.39387321816474324,-0.3635732949150291,0.2912027551380325,-2.044462049230024,-0.18403239919900272,-0.6314025555665582,-0.2217814037161355,0.6184588043974206,-0.08708472614314992,1
-1.814883829481406,-0.9165105308540815,0.12146106419954589,-2.0017401674762616,0.669085210267524,1.7523748497319198,-0.49945119288521345,-1.6651252963040444,0.135428834719957,0.13259767202610107,1.8690665036782608,-0.7542981326071427,-0.6631645901261828,-0.15046814149498222,0.36389642368477815,0.20786050106708062,0.29593324034609525,-1.6032168466140961,-1.0086140935295795,-0.34375651951011005,1
-0.7121738641760436,1.558417960526805,0.4430021304473752,-2.1272274203514954,-1.0211624575603002,-2.2143927780754367,0.9515497705740428,0.8467707752164937,-0.8966422273152082,0.47004418736820214,0.47347189903522846,-0.26764109089879357,-0.6028206557839616,-0.099094300241269,-1.4374853910534287,0.4322629506341555,-0.11066536855732945,-0.7076258948220261,1.4644489192420327,0.041325632270618466,0
1.4224229552858216,0.4411034580668248,0.030140661315177376,0.25203397993487703,-0.45669914469351297,-1.5542075068935395,0.11198193262125772,1.3845049626510342,0.628102969833705,1.3697811019623787,-0.2731522465199018,1.3442845752345964,0.5385031566390435,-1.3412597272367377,0.5852816760089175,1.554282441611026,0.053384272479021756,0.7344258528096671,0.7181676122853443,-0.48016228319304444,0
-0.9501525300518722,-0.3015934482964246,1.6028442471779696,-1.0910467171940745,0.7009723227039657,-0.9565415209577711,-0.3525930970644072,-0.31120828917368143,0.7077916141550177,-1.124165984761934,1.0733401768635453,0.8146844372940691,-0.26284049946239324,-2.207547565671355,1.7599329946571098,1.1780873685621747,0.10607257638683824,0.7002098475187654,0.17009798419710764,0.36736034914748666,0
0.9849501030058511,-1.4909265211930465,-0.5829294955992674,0.19136225411161115,1.132842211712895,1.7423097016487277,1.0945732912205675,-0.7161945136133265,0.7852553595715474,0.31537289612739006,1.1053139014932878,0.04450208231923648,1.0243517898599654,0.9422300175678358,1.777666712326381,-0.42967612707459496,-0.7833087567250635,-1.308778304485956,-1.2778566451884663,0.2805749659586189,1
-0.5107771919044725,-1.0734823369806674,0.35477286862800855,2.3403002158569794,-0.22888016315794182,1.2207702817126995,0.6588202446894643,1.0062507994327152,0.9104611024518411,0.3535661467404633,0.4249196023936837,1.6766508027613596,1.6761895075020152,-0.6567703583517164,1.3160012656784175,-0.7906736399225947,0.0879642774742757,0.7324765292380994,-0.9090322966404855,0.01690619559011259,1
0.8700602169074838,0.359919017700362,-0.5693611920908682,0.7069550099205425,-0.8747762242543677,-1.1958989416715045,-0.4351933321977932,-0.7249141537654967,1.2098939600191043,0.566607832835089,1.277876521041972,-0.3727757944647531,0.6251105462489474,-1.3803529354131852,0.4002597669054947,1.7813997166008577,1.7097080286755186,0.6378983162599249,0.5623307751564381,2.6903150072886937,0
0.7065207734206274,-1.9643649413468254,-0.5167675675462897,1.0317389805140589,1.7037271546972377,2.2791794566003505,0.2769943311191006,-0.1085864768279433,0.1707054827545068,-0.7343200023133737,-0.686880234788128,-1.0260352475552401,1.4536341508749477,-1.4468829667607033,2.359697080268391,-0.1720313621156695,-0.17117119524153482,-1.6001892867621594,-1.6782675690853426,-0.6825400461535457,1
0.5980991550474662,0.41441764920950197,1.5328733556363119,0.8544020011207198,-0.8610496721655755,-0.025966114775443305,-1.3450144839306688,-0.363131646817078,0.7224469852209794,1.0256321138725824,1.3771809365045613,1.0200365069020898,1.500274609000988,0.34121584249203324,-0.9844308956287833,0.07450959382677262,0.04932816579484362,2.64201191049262,0.20512696150134271,0.0019768447558107757,1
0.2106684652031108,0.7002584870500799,-0.07823065905851781,-1.5431182279428703,0.8920675997317206,-0.7608113920067456,-1.8418977729578574,0.025210867540082116,-1.0916251721591026,-0.05751775300546313,-0.5898923177556078,0.6986888135170435,2.196223142152799,0.16429476537056906,-0.8964653138264279,0.4929864585144592,0.20953423026279433,1.0753434019568977,0.581351577728439,1.4532754760425446,0
-0.6538970942319644,-1.4045967298641218,-0.20675440342927123,0.4136478982823735,-0.8356012406877456,1.56135202006711,-0.13778586119228045,0.3181593274098852,-1.357698726867552,1.3910424750559454,1.1739009315742082,-1.018037671922815,0.0731042543807433,-0.9486219012089668,1.7603935647325089,-0.9096321727447022,-1.2242250083555806,-1.138782936976213,-1.1776470520303313,-0.287584147592097,1
2.394361900582451,1.3305624274506005,-1.5993947621943112,0.014508999262654136,-1.234511998422396,-1.8997979157874467,2.2770864980533045,1.2880757248523775,-0.6867153430032953,0.5384349572164524,-1.0319662838471795,-0.4402592043864004,1.2543383607573395,-1.2361357960304624,-1.2175009461632809,0.7310006267854814,2.185094895036112,0.7157342411708404,1.2533351511653297,-0.18592448094877073,0
-0.488273724696688,0.2484535104173909,1.278873764700375,2.3845978003314694,0.43504837164044435,-0.7408752776060394,0.05539691178333415,0.4888458898129879,-0.7249193428916019,-0.6002042245856282,-0.8284032217482512,-0.7551243984485184,1.2655229214185404,1.0033133128149014,0.18573440095004579,-0.19200127026141986,-2.0527824331705253,-0.7808049515789934,0.3604601325622143,-2.358464142207465,0
0.152354872033722,1.850430213031132,-0.9735461997044687,-0.5089636257074988,0.5054701591666269,-2.7471039186784223,0.47635776935621926,0.39241596717876703,1.1210306673244714,-0.409282438113104,1.0602099074988798,2.7596600389110777,-1.7690759048891183,-0.025574312191994436,-1.5808338053951378,-0.6947131310890582,-0.8224199323822006,-0.5240883979345925,1.777418546107792,0.8071225966373103,0
-0.20435572664564833,0.20855850217651006,-1.2981039036871578,-0.030263057596985755,0.7132662507965424,0.6225966943064716,1.3142265757035791,1.4678504449973098,0.4441451710872574,1.1665283362210033,-1.0259648174807778,0.6072890151016929,-1.7240618108680354,2.598822900074582,-1.1754467630439889,0.6938234538591022,-0.2904414820111494,0.8913439016052467,-0.10489870055067631,-1.4072934434924025,1
-0.4286545269165333,0.6947643267743135,0.3675104105406022,1.7311696317672995,-1.9550487703182828,-0.5663508125107565,1.040430892644839,-0.917976104610736,-0.33689512678513855,-0.5912847888018945,-0.3689394390314622,0.2138087939410634,-0.041292687007282836,-0.635409880228737,-1.0910772431848683,0.5560220968422908,1.0294405559270405,-1.8465730478044171,0.5150742142052032,-0.20063929882543183,0
-1.5297489550040915,0.07203477270537667,0.33396514967619034,1.610292980482871,-0.06611239395200703,0.983909732667214,-0.17117936979639942,-0.08920329769166797,1.4141103906067818,0.3465270183130004,-1.709226399202596,0.3916980160104727,-1.8082953284995145,-0.9395651672539582,-1.2285174062490174,0.6180684939300419,1.53739673068429,-1.0084330205311458,-0.28797561252369086,-0.21600142157311336,1
-0.39608396607926877,-1.0935526940772062,0.9478207764124668,-1.076816973627056,-2.093178022391159,1.2599289143999393,-1.3830178087444738,0.6067300025201064,-2.0152219054323766,1.4242834142738574,1.5080828501440207,0.5114152550218797,0.27524868756836424,0.737528063466538,1.3231314385254935,-1.5843275778483972,-0.3779897459852177,0.1586833236187289,-0.9313762851958728,-0.18140603471718997,1
2.411640191788569,-1.8344227067384695,0.2618572072457253,-0.27879497977155304,1.2784852074516722,2.1691697914264676,-0.19408013233309493,-0.8500082547603859,-0.7567803670208672,-0.8773557351548937,-1.3838590189958457,-0.5967724763676152,0.4300135238113549,0.067470025257223,2.160001929989865,-0.3469734531051173,0.14328667188202532,1.6860069497704442,-1.5805954782120992,0.5933365996313634,1
0.3524229143843145,-0.037962633085782134,-2.0239316109829444,-0.9961892455959969,1.004829149483237,-1.3456648338110606,-1.5534561336632653,-0.35204965603229166,0.7992464575172452,-0.6248112045358892,-1.5052791761614406,0.40153863571920506,0.20103350371657064,0.3496497571474736,1.5322974849918807,2.1103426520963775,-0.6610218815427124,1.4401101200691737,0.422587961384981,0.753601109159814,0
1.067997778058972,-0.7727841047242232,0.2321945046423276,0.5737671099019008,0.5755619258303651,3.0194033823187754,0.9954151904494745,0.31282223676684645,-0.06387783283134668,-0.10200628012726169,-0.29505618980564213,-0.46285628571437976,1.1911730449400957,1.3978443070314983,-1.3426035252602408,-0.541473006507169,0.9389694687047921,0.67101780491777,-1.3552740139834427,0.6586319527905097,1
1.0383860371596327,0.5386493747220531,0.9038914006360014,0.40142965936746206,0.7762935907473221,-1.2642631908434614,-0.8859349254651107,-3.0825621751432375,0.7641582999318943,1.1240958947016253,-1.0055559711837476,-0.36702241863162666,1.1111452152044625,-0.6438720111083527,0.03684862407304412,0.3901926106054028,2.105856344363327,-1.0835965446725377,0.6695153275143503,0.4396697222730237,0
-0.20731609600824458,-0.0803448095868143,1.5142807357204837,-0.4751252784446032,-0.031261414154246076,0.48178660222335423,-0.21800563112112403,0.6369080790029854,1.8054168464197806,-0.3933511248228728,0.1699745397492694,0.701823040543344,0.6399029571520845,-0.5329937194259537,-0.31916785337201947,0.7152365838912327,0.6235257988258587,-1.587188069678454,-0.195867843618635,-0.11965890247315014,1
-0.2537097350663985,0.1872662535095924,-0.34986266307643743,1.926345405721134,-0.3427177768781444,-1.5900074025871742,0.6495813316461732,-1.2519222604734526,1.0129428846697812,1.075103453808939,1.0784261944729465,-0.9977577826593548,-1.3109120070721598,-0.6579581276655113,1.2435736187710686,-1.7420539417718304,-0.1592017115866396,-0.34130451466005923,0.6094533679867509,-0.8155917712191499,0
0.13982527132605319,-1.2683499027766483,-0.0053305733261247,-0.6693662391187534,0.9950175796158893,1.4621309707452945,0.8359699242722769,0.8967077783687035,-1.0384993376142264,-1.194683468016552,0.46078884826140104,-0.3933924379557356,-0.0846708974996642,1.751409073748911,1.5337580212928787,-1.5396256942059605,1.9696566849510955,0.04364363687958753,-1.0805161027215182,-1.0844706235787835,1
-1.4839790594674176,-0.41636008376592737,1.3951019065022976,1.110677684054092,0.18700772147472028,-1.0439073153124672,1.5571608896986593,-0.6414157900234342,-0.947530740972112,1.2962567097480018,0.6259320959729026,1.3698682233619108,0.913711652342591,0.2753962341432087,2.133711600061084,0.18609302087593527,1.451926632314722,0.22352376254153686,0.14425111866298615,0.9713442845414815,0
1.8876876573401904,0.8361799606951649,0.6021183203924835,-1.2417605754816243,-0.21220896990115168,-1.126952386009454,0.07203686128374476,0.2577525401427507,-1.3354815690998914,-0.8603850107795019,-0.9519184600222356,0.07748051851886253,-0.15525904882474875,0.33417641724489744,-0.8367587869003905,-1.907807557877391,0.5565531245337582,-0.41360553342164424,0.7657235197309075,1.5163940552535728,0
0.35196107420805567,-0.4167051885889812,0.2962004433548381,-1.4889222560705766,0.911750123972265,-0.9460259180291346,0.7159104161288095,-0.6855545714835052,0.6290854090140003,1.1522136630686686,-0.9617624207732018,0.4345400972542903,-0.7509003659558182,-0.9287363155327847,2.029842299340718,0.5215951603525072,-1.1766981857709065,-1.4732066298752666,0.11203889430301343,-0.8519712450499742,0
1.0708575979124821,-0.20141611406336954,-0.18748148749128224,1.4901435958834768,-1.0614729729236276,0.23144193715187,-1.2040869501711966,0.4265392900265429,1.2917478507326312,-1.1876011173773469,0.11562079042143356,-0.9658716342550967,0.13015106198558457,-0.14855541490058238,0.24436243836809668,2.018096732835487,0.8543173391737832,1.1912351951807418,-0.17134322434139015,-1.2529997571683937,1
0.8531102644497399,-0.24490805853691466,-0.33890854567583373,1.9933835005824139,-1.1221505614864147,0.35015480291147927,1.4503402587590621,1.6180684811660395,-0.2680325873276106,1.9473284869042828,-0.7269948257170568,-0.7687668285606931,0.7833847241542399,0.7515632254021709,0.22359344053156527,-0.5803550028527311,-0.10552493877095412,0.2676962543586619,-0.23084762304007456,-0.6132538146500716,1
0.7897321246320076,-0.5524797778739607,-0.5114375287825396,1.2812696454013426,-0.967254737981066,0.5445669500931893,-0.21032777286549081,-0.8166130298209866,1.6700939005830893,-1.807262309565734,0.3904842938743351,1.0751207489817565,0.24107897640581327,0.11352149647794171,0.7668533812999103,-1.6994295196075182,-0.6713804436449524,0.14411636277968193,-0.4404332092364305,-0.07047357387745573,1
0.015682236471624342,0.5633653763770502,0.6916185751213884,-0.37453415075025087,-0.9982122585114053,-0.3887539456874972,0.2731184342936442,-0.34406395670422657,1.0230565552522393,0.19337945192415906,-0.002786110666901238,-0.5330904020158331,-1.9573385891339898,-0.9799255747822445,-0.9601279732339767,-0.6681430483277668,1.9002684243109647,-1.3481770454274902,0.3945814572651748,1.087710426157866,0
1.3226178412607723,0.16170088354393247,0.3731223970910093,-0.008870932289573393,-2.229676640729981,-1.4798659253329902,-1.4786735963102973,0.9431592010001667,0.3920445038685057,0.7209891534309195,-0.7194723843379374,-0.6251074206936527,-1.3248330557026347,1.133688498098509,1.1881887798176693,0.965264384380448,0.09345849176635274,-2.0182341114311964,0.5612608911957077,1.346673001401146,0
-0.10581875749769788,-0.17561912995989637,0.4892545350763276,-0.5123742406766936,-0.8388926740257363,0.8178466379900913,0.6863535550145331,1.44194500580189,1.7262265456356325,-2.837506441397379,0.06783851391693768,-2.0199273321561364,-0.30964971398806124,0.05586393984449697,-0.44597425458052364,1.146027575013415,-0.4536363875916828,-0.016610342325908987,-0.3511051325685816,-0.34516470544979644,0
-0.0742521074930824,1.5994888251962187,0.6040248469495526,1.9417461220517027,0.08882296227878847,-1.8022906624445567,-1.6599055625051826,-0.08541883283306648,0.11274893807674967,-0.0021116799848234138,2.4359851242292434,-1.335016245648024,-0.5133966807760615,1.1041751565436755,-1.9786617332698788,0.2061353796226038,-0.2799661328065292,-0.7480718043216674,1.349004309225568,0.527568116112033,1
0.02845758118315888,0.32722042006304625,-1.123494033239598,-0.7746149700185819,-2.0820987031889873,-0.07946419359601997,0.242882013150275,1.9234457948249533,-0.3202978045366419,0.7510994545073101,0.5531491563792091,-0.5482002981667726,-0.47126374070251964,-1.6891830379672617,-0.7142213961006278,-1.9754877712171375,-2.077811819856197,-2.0650830462563206,0.18127168727758636,3.152056734512085,0
0.08329463754680776,-2.406415501375549,0.08479772902614344,-1.0425831535338261,0.016707384737974892,2.644363890592043,-2.520438470619065,-1.335322538755505,-0.3285665162529581,0.22238781413469702,-1.82719593747126,-1.2209505709988706,-0.4864926155454853,-0.548853859632253,3.0487297231132606,0.6642752042571255,0.3182552465834273,-1.9010744288179857,-2.0075726856264655,-0.13242558494333675,1
0.16561512509672222,-1.4640149949474435,0.18706893797659985,-0.44137750329462916,1.1181685483739747,1.7257458857857668,-0.32252211910705675,0.13775840517403723,-0.2810231972760544,0.18147788187905595,-1.1301166323689484,-0.2253481337130077,-0.18769393142176521,0.10076282290159877,1.7296554491356506,-1.399343047785875,1.3741358241501094,-1.3283517915128675,-1.2596648188178317,1.4202710852674623,1
1.3011020630240928,-1.2183524114051247,0.24389094162045094,-0.7708136306140894,-0.39272623842581755,3.192920128310261,-1.1929733710191368,-0.9809467270133695,-0.7053167239158482,-1.498635497149212,-0.37146202108768545,-1.7759822469618927,0.19145071595735258,1.4336250198209464,-0.43993529915650165,0.6621687539474996,-1.998344967144626,1.1942144830139918,-1.6234920202092427,0.5259372802546505,1
-0.21367717058821567,-0.8628437519168075,-1.2426201449449152,0.562979181904856,0.07985683576930377,0.9016613294120901,-0.07882587947345479,-0.2154767161643399,-1.4428885740576936,2.340722611525677,0.011332378367734082,0.6761016136499133,1.823358962036466,-0.14458676732644785,1.1428980799942037,0.08071372672644667,-0.8994479762596744,0.35201159109086433,-0.7046092916801981,-1.1259508961353941,1
-1.5189697808133147,0.9493106854911929,-1.3820175686924376,-0.1417575540275386,0.8417807747840127,-1.3398820467032777,-0.4836171395554367,-0.22710600778092602,0.6265383633369425,0.2587698052439216,-1.0512200297825027,-2.5317693162508137,0.7285186435145362,0.13556341641470915,-0.8852896287436569,0.6376058122312086,0.5045818144773903,1.1955313880867093,0.8891174330255772,0.16540366029970424,0
0.19358991136754436,0.631813319212876,-0.009300321138614417,-0.30372602877666466,0.15519068385897913,-0.6146000380245674,-0.32789471651291785,-0.6581164890752567,-0.13737178839939665,0.8743891807127275,0.8250982646676347,-0.8671302157109003,-0.8192578597214978,-1.345870923473215,-0.8857039416185574,-0.47622087354465903,0.8508979621679722,0.26256132900192497,0.5010042432689366,0.00020706491819709385,0
0.9109444038394753,-0.3875349382594435,1.378142680497613,0.4205367059040693,-0.34319156868671197,1.1957967244335501,-0.9906232233772576,1.5323803825876219,0.729236949310753,-0.32351494678445714,0.7589816954601127,0.44807834101289173,0.5400178017231407,1.8481091041055524,-0.3326989307319863,1.0621674475886602,1.6129781705930544,0.014287211883989065,-0.5753999897660314,0.7331793174225577,1
-1.4679181776388008,-0.7786087299046519,-0.614423524447842,-0.7227802554444938,0.5475398201690533,-0.5331882155102998,0.09637712311403587,1.431588905214111,-1.1001424162710358,0.48161384568809446,-1.1283513375107777,1.263539010796508,0.6422782566710317,0.1936700183481687,2.4721381795650235,-0.5456141563287527,0.4591613159785581,0.16325562629216542,-0.19484228205470464,0.5541429265127488,0
0.6151639842785803,-0.057790273920514085,-1.615846470966832,0.0017948728781070852,0.1664931271151245,1.9705617182058655,0.3726481864800551,-0.40415715947930275,-0.14055348550243169,0.5198710181019115,1.542736367279776,0.24347507713677022,-1.671761273328167,0.1177074184609581,-1.9669287563218671,2.710331644334893,0.709410980586605,0.21000830802258905,-0.6726237495609751,-1.2855991140527723,1
1.4205042872710631,1.409751148719584,-0.30561911106831297,-0.2243189708781048,-0.6981996746110497,-1.9878947646395455,0.6336610247740587,1.3111674978026244,0.2215584736242106,-0.38736196455281124,1.6786746733725662,-1.911640550651757,0.0798014840587331,0.8595848723435562,-1.3166734148825288,1.1395555360254692,-0.11348064588214118,-1.0986204251778122,1.3197519395295327,-0.3883469383011584,0
1.3707918338057774,-0.021010690277989765,-1.3819627849870044,-0.30825662975338647,-1.5587622531381418,0.08777843129015706,1.7497665058808303,1.9249405131870565,1.9306582590562598,-1.1784367129306756,-1.1353162812387732,-0.2617876736240963,1.4320786039045634,-0.03193389005081067,-0.042585889530903476,-0.30031814256547273,0.07086499705513648,-0.4172348352383145,-0.03870931330897555,0.9342740176365468,1
-1.8825207514674638,-0.835611021642261,-0.2606083323339582,1.3339981858769252,0.087204992037267,-1.3129063241959085,-1.4873744464039769,1.5413211448013207,-1.1310686299349713,0.7637997723632599,1.2473036506646777,0.13549137231676192,0.07468584263688564,0.7777350472478546,3.445497491159599,0.02250038824543957,0.49200405410295983,-0.39167060950403243,0.033408907399735385,-0.7057555622271979,0
-1.063258686531278,0.6358472586012108,-0.0963846363148971,0.679373170574121,-0.25772456158629525,-1.6569715976911108,1.2373697935635992,-0.8594597234480168,-0.5737031442926516,0.005205261894946381,1.2833545772882056,-0.1035878946470647,0.6205008990991628,-0.30466783375565604,0.21955842168030615,-2.729404384923734,-0.5532410018397994,-0.4596052987574804,0.8442131740496824,0.21446326746755132,0
-0.6277549867574896,-0.1293196536170395,-1.5170730369056327,-0.329396455962543,1.8619148781501726,0.24257729245964366,0.6012367881516733,0.6104399993168492,-0.48763907349858004,-0.5402855278956832,-0.21297865655021128,-0.2563556428531463,0.1921922494586957,1.8182787037428214,0.05635542443082453,-0.32016950822072576,-0.35067339365859646,-0.9329484701730206,-0.14078220742725814,0.9173666494778481,1
0.06807226924862103,0.5709346273653917,0.5050210882737669,1.7041020780591178,-0.7135846699071758,-0.45809473352659036,0.08451847581532725,-1.3919583809517313,0.5016850451687882,-1.121751102855888,-1.8207602778020162,-0.7057734830953651,-0.3459193290471707,-0.11510969392323915,-0.9044359083653031,0.8891538247878059,1.0287689914234805,-0.7668640380045524,0.4208764461317375,-0.017006074483830996,0
0.4892118246643012,-0.20924574331806445,0.23671712102639317,-1.3395179235650372,-1.874865655501711,-1.4783541348069398,0.6785496546210517,-0.19280608730741247,-0.07502700039680087,-0.3827784017095585,0.5220206351107666,-0.5432015003763371,0.9661253255303113,-0.8516172401867081,2.0926032438463285,0.032863373980213176,0.44049449616333775,-0.11648835263103476,0.3847661174443216,-0.9658267708959641,0
-2.914255989816941,1.7435446393035867,0.7717961772356612,0.4253213083301104,1.261519252535516,-2.6211340231214937,0.35625278870608357,1.0960699074773985,-1.2203206899439758,0.8377642215465891,-0.6671890847775054,-0.732968899123759,-0.5393050144632704,-1.5449373466767586,-1.4545282567416151,0.386382653848061,0.5232231857370332,-0.6792306531929551,1.6854602217077383,-0.8873294588557712,0
-0.24702570074599667,0.650574135450134,0.35561334878566,-0.45209033283308037,-0.0007085945766459172,-0.6137847096401698,-0.31305803052315434,0.8823330623234091,-0.6475418056351592,-0.06613261462582246,-1.2504077339697175,0.6045153263553668,0.2658782296520485,-0.4700421477595015,-0.9323991906851191,-0.4367197360405955,-0.3583401520212222,2.0997217891665154,0.5096385664708653,1.484116028535965,0
-1.4898030653651742,-0.6163950270304882,0.5912895892934729,0.6135361291851883,1.094166835615131,0.7782584842140045,0.6682481239413528,-0.5210889621309163,1.1418965369680099,-0.12412837481770417,1.8200348127674395,-0.021362372441476974,-0.6787041321116114,-1.1442548162646202,0.6729653620409664,0.9993809463927898,0.04871667939380729,-1.208192458358039,-0.5472741752145658,0.14623527902236097,1
0.37085189271099683,0.3406347513660414,0.17048468069691408,0.6623061423683021,0.7051486589381767,-0.7036058022220977,-0.4150913367253287,1.5583499601419777,-0.5427989717169651,0.0803195726252119,0.2353171684846372,0.05650767442926739,-0.08586390079776185,-0.6903518661262891,-0.07928733147574074,-0.07589878507966075,-2.035902570104776,2.524509276607495,0.39199372259683174,-0.6594954368384278,0
0.1430849370279944,-0.889515471317539,-0.24530748618780235,0.2744683356365649,0.8233568294771726,-0.5603828863589755,0.6227691252275501,0.9497003842778697,0.6706871707262329,-0.07158569289387905,-1.9795942758525282,-0.41343880237651026,-2.4301223757273562,-1.196515048150933,2.772118783740503,-0.3657807453020064,0.5063867472328947,-0.8839229498283454,-0.23855910427271715,1.1687227942312366,0
-1.08318844666605,-0.08775830263662968,-0.20057118065576857,0.22399496890104872,0.549574316064444,-1.2103046383610165,-0.07792273567851586,-1.4193843557960406,2.1168030549638535,2.9141092157683617,1.5089188942669034,1.118338136793128,0.6188603301446354,0.736763345167897,1.5091161528260724,-0.6292337633874194,0.2335950812615763,-1.2770845623311189,0.3546419941066574,-0.6611371121909724,0
-1.2638715607337165,-1.3676379928747213,0.554967164998613,0.9151721507186228,-0.6237160349163927,1.5454897804999155,1.3435465066220513,0.8995987379794065,1.361037360932807,-0.9183161373284012,-0.31841685371830375,0.016036663013478343,-1.50860945437971,-0.2308641111979353,1.6870915980140375,0.24618394429596727,0.32638100784556046,-1.4899362046402225,-1.1549179252632138,0.04132683187700316,1
-0.33304762097552243,0.4850831191609597,-1.6571435851323046,-1.366114080933685,1.2718995454239435,0.6838255304835463,0.47139126276499077,0.04455216557115131,-1.2244022070472718,-0.3006743604436826,0.27798244021892227,-0.8474738905650646,0.08184433452953882,1.0579607138387925,-1.9163559233034113,-1.7681569117532319,-0.2758957214401739,0.46330151023423083,0.006253855772101489,-0.42581799836655126,1
0.14641429184260343,0.07606495328286732,0.430362641506498,-0.8192664641893721,0.924721805513421,-1.0150845393146357,1.2746531240383412,-0.532836268779924,-0.18487675624526564,-1.1040256334723855,-0.6626914834880354,0.0867610754626467,-1.1975323112651621,0.955388571179851,0.9001363656211847,-0.8938164305816126,1.161503048481976,-1.4902475232990466,0.36845049153650405,-2.061405424022905,0
-0.304065258065758,-1.3694778477007488,1.141454578321271,-2.0868485293159376,1.4608187182891128,1.618385718675,1.4350654120021116,-1.0525230549973785,-0.05323366756343213,-0.18013560440985132,0.1436308339881977,-1.1587930664246047,0.06882365770464906,-1.0836658334280935,1.6136023136488955,-0.5596541808251622,-1.1218288004125843,0.49271541946140096,-1.1796585710414675,1.3336385618598274,1
1.5895230361038624,0.2664728162315724,2.2096055760423776,-0.6248346184344824,0.3323723332239848,0.32954461318114314,-0.7865720915578501,-0.8857137997996899,-2.162032299927439,0.023385214658507663,-1.7555055887046276,0.4539052294413472,0.7321512260547355,-1.101286489839828,-1.003398424787518,1.0073043574732625,-0.7504101277546562,-0.8644267053357196,0.01853098094297982,0.665334534508875,1
-1.2289449064718925,-0.612212027827626,-0.7174986020844216,0.10643541643128884,-0.10712721717067626,0.7333451470287515,-0.9655750062098389,-0.18231470071699332,0.5967937773308142,0.7203574983935084,-0.6649665113199965,-1.5428221490372125,0.9368056771330601,1.2683586114960674,0.7107961366555511,1.2199431992328313,0.14987219793527454,0.3326127589499748,-0.5305839068528373,0.7071061601065628,1
-0.35984046078038784,0.30695145809727054,-0.22669326989871927,0.5344685350685111,-0.12979082920469348,-0.33698764825019656,0.9221734565070863,0.8549446510561495,0.09148000597756854,0.9845698459571985,1.0237023365900986,1.5378549513264816,0.86535870905007,0.32683220948352026,-0.38921959089271496,0.0893607385962395,0.8958508801028059,0.6141058052896843,0.25597359761340827,-0.32364904470916106,1
0.1447654911176404,-1.4720685824639754,0.06584849756591833,0.3397830221392301,-0.180653382045721,1.7539048923525073,-0.4649230143647206,0.6884365198746686,0.8479287533552818,0.792740176305772,-1.745969032474982,-0.18224182417853885,-0.2629749140157042,1.520664172981186,1.7192020899469893,0.48731316305331607,-1.0441871788640233,2.342857008287408,-1.2727058010997732,0.9940020395062782,1
2.3596142591001037,0.0484409529150778,-0.4093202145866852,-0.1693288571150473,-2.477506118629017,-0.9396906335472068,-1.2237448466562693,-0.402833428474804,0.1884535964292827,-0.9723350038161881,-1.038540857035756,1.1127981956129065,1.805668878116265,0.6555543582884528,0.8869521904343975,1.3250046549456387,2.2689916116594535,-1.9425705714374064,0.33065838059188374,-0.07398478153626888,0
0.7708022199879712,0.651312861353082,0.2178023397487261,1.193311005927126,-1.746895691345555,-0.7061166482076024,0.4755884359285824,0.25617060569427813,0.4278143951529032,-0.8015275901045416,-0.5387608373460957,-0.2549469704035893,-0.497961846817842,-0.7717408145967823,-0.8354280407157578,-0.5125341106465501,-1.0538354953643456,-0.34718649511226246,0.5402205360056824,-0.5177574472222197,0
-2.65508201787949,-0.6884132302418633,-2.401946943950546,0.030283636552963802,-0.5095665028698317,0.8556147409989134,-0.7787395153691529,0.6252895125420684,0.10067550309893408,0.3132382490007116,-2.8439436647717677,-1.3962291302361909,1.545226445884819,1.5731360220429027,0.7661140866194722,0.4330463786039467,-1.3945595133260753,0.06593110857890049,-0.6067721289557868,1.370962760129293,1
-0.4333895666861532,-0.562709608294502,-0.29779615622396016,0.3537706308913895,-0.38762983266324635,1.8037834712021734,0.6332253101150935,-2.367477653373278,-0.36515261319821335,-0.9487486952680001,-1.934964117240471,-0.1493614956496412,0.16336035491580048,-0.9793002302826354,-0.5552534576262892,1.3140749815246042,1.7531948020655854,1.061256258512118,-0.8575815781199237,0.10264552853966442,1
-0.39247110606087293,0.8997325938688359,0.21471318317052634,0.9553005582377528,0.9854496856152184,-1.0676394487710172,1.5781180575621845,-0.8892408282283243,-0.46649537922819795,-0.22954865536034708,0.8691545924968965,-0.4555395260238707,1.472670675750982,0.8760467925297942,-1.0554373616464363,-0.6039806259692295,0.9965705105794472,-1.6394841625254342,0.7764564402770247,-0.11622904312195817,0
0.0637023597657709,0.7081438544458082,-0.09731115070159116,1.4968802738508562,-0.6920651986646917,1.1935600256613847,-0.2981525261999003,-0.0762390173205976,-0.2927579187724547,0.3740620881310435,-0.0682025303326691,-1.406719432559558,-0.24072430398905076,-0.6110850624767177,-3.0064857040360815,-1.7011404742672418,-0.21682705022214338,0.2644816849513739,-0.05481057399136569,2.004423303675171,1
-1.2960486928239283,0.36973921490636297,-2.722454140991939,-0.27362761039326816,-1.1497414553678929,-1.6956463572022686,0.16614061307833064,-0.8554826959255813,0.7528910814937849,-1.8331704516987275,0.32434571119492384,-1.036329196838163,-0.47553444673535483,-1.0523294696031953,0.9108972021046016,-1.1933757685433153,-0.17868088760798354,1.0179570524293595,0.7306181852813928,0.4728150699278325,0
-0.796064137720634,2.0267044223585207,-1.0990447515548727,-0.8607291633953384,0.1612995426626951,-3.1503248055942588,1.25228366195664,-1.7523770951409967,-2.3140440660001054,0.40327456303717174,0.6441237678501087,0.08198881382471937,0.166655817359844,0.6723893376113824,-1.5800206750222312,1.180989905305672,0.10291739052323721,-0.9667018907026598,1.9930770539598124,0.6458904202758925,0
0.9017286971402739,-0.7936107639913657,-2.61813319869228,-0.2811640424645573,-1.3394697749577562,2.2771856815591205,-1.481580771551368,-1.3453354874152414,-0.8980272263244584,-0.12826348048383082,0.1351903409873859,-0.3262337044413596,0.5278393499155871,0.5053371476473485,-0.4977201080203948,-1.8996702808588812,0.7841464163534985,-1.3833407769716104,-1.122137334875538,-0.6286702470308604,1
0.4733366755549671,0.5927135707968672,-0.885668184006416,1.0813169577685364,-0.7287901963773834,-0.747560845179044,-0.8507827486281534,0.8656746511673697,0.5245846830476146,0.6467439354186445,-0.48171705093552597,0.24260281305494147,-0.8447029987029827,-0.8378230611677818,-0.6479636736717482,1.315821840016223,-0.029803781851440635,0.08286484186899613,0.5259871724728339,-1.3387237061355735,0
-1.70686256219305,-1.1279491398228418,-1.0109969600760071,0.49941460793906933,0.3544065674743389,1.324122375547086,0.01069331179648031,-0.40573650163225167,-2.553631015648598,-1.0280678124641107,0.8530604560516108,1.1279249855168274,0.3278187158159839,0.4925234462063564,1.3384709493484537,-0.47945941095045846,-0.26783943256831116,0.5020018890665597,-0.9687143909809212,-0.11359692763474837,1
0.659849612104565,0.17845396747416184,-0.5029096500380191,0.10269051674858726,-0.20891795737087174,-1.059842555549172,-1.0456949708779122,-1.165974185680461,-1.047774946139099,-0.3983270128816281,-0.4070158918067711,1.8507811424357334,-1.0703205486518375,0.24784628190182476,0.6979342123308176,0.6868274954528385,-1.1169408841023638,-2.4923896515830672,0.431684847950463,-0.7712694166774808,0
-0.205766993677172,0.9881892416466895,-1.7260106186667665,0.5975377058947282,-0.027384320403744018,0.8768509232253777,-0.27036669676116976,1.5360611817095284,-2.0807405253909783,-0.9391555697706817,1.953107198272574,0.6869566320986773,0.11712421614985134,-0.7113032269494793,-3.351681324941178,0.23622364626423303,1.605619832565118,-0.38438737659292116,0.1817575027102826,0.14299063480921648,1
-0.14152575336694828,0.37300902863840274,-0.5294669635070083,0.1488768039176911,0.4793609534294223,-0.20352264821361532,-0.561842099351699,0.53102609489421,-0.8261119917145421,0.94881309647162,-2.624817056374112,2.549009708717722,2.343654052812625,1.1815677164191463,-0.6933433273170824,0.8707466445884032,-0.47579544400490115,0.13069002446438233,0.24361602533197146,-2.1782113197314303,0
-0.5238431703133952,-0.06468348904981075,-0.14017792982534394,0.030849492756939163,-0.09326066554176463,-1.060016986006763,1.1722749596080682,-0.3531201800024466,0.5055388769032081,-0.13339032211162255,-0.4050110714506975,0.1294216768153004,1.1086744199557241,-0.6833810365201296,1.291980527776142,1.423264921065661,-0.18398866010296422,-1.3864894206912433,0.3163826714336761,-2.4604358220962053,0
-0.17973251401012086,-0.6074055371667306,0.9112622830378235,1.1123268243902629,1.2931480750212714,0.7055903147395506,-0.5234524298344567,0.27838569532088264,0.696631501217747,0.5231600334021624,0.26386602090294525,-0.3946797086605034,1.8223928325513976,0.45504509424222184,0.7287481025759377,1.0865305578988218,0.07166413975085133,-1.0260680827411577,-0.5192158814300324,1.538847290469344,1
-0.3444772087524527,0.8690307352477908,-0.04147177799914767,1.7984800871381175,1.796665201675017,0.7171890017468961,-1.0990392245318592,-0.9783079498224979,0.33776609905460137,0.2006986942888783,-0.8534954800613416,-0.6694369136334904,-0.9365920062436421,0.5529052285994815,-2.8898342052428405,1.1062315588599687,-0.7494159869569733,0.2572534211115017,0.17749817978381244,-0.39711533156785284,1
-0.21329657563207796,-1.2349702901725694,1.2917156075212395,-1.2287793509050138,-1.5697766847188763,1.4621005522216917,0.9513849835007704,0.7479953986272,-0.4168996361193892,-0.21679203168792927,-0.39026753093161815,-0.5801637221245197,-0.685934503949618,-0.09887262565948246,1.4522613428429403,0.47334118338514336,2.036042832840112,-0.5352457039403952,-1.064668812065575,-1.402929072413111,1
0.01840163078343813,0.17179820285621258,-0.8567720938267928,-0.33286040438251124,0.20438903160297678,0.2926030731647018,-0.5555467794868666,0.31745326125017514,0.6927227551168594,0.32159321133923857,-1.2021495260760888,-0.39568071175626385,-0.5293321124483709,-0.09338685889994829,-0.7326374872488117,-1.514470309180767,0.22526411724754952,1.7549330716472415,-0.014292990688204329,1.7349365758368085,0
-1.3004502289219138,0.22530247445860418,0.04406463491293769,-0.734975101257266,0.293008807258655,-0.7108957081173233,1.1407858004524745,0.37105373821536314,-0.695680744166515,-1.0033018309754966,0.5855215328568677,-1.6713322676347722,1.7441031844659785,-0.8463983057776877,0.21020872671918855,-0.2137702480623489,1.43388446819627,-0.3591316281088747,0.3396599051523197,2.001922459248361,0
1.0859184115067195,-2.480859438339188,-0.8450385117162756,0.14240486662813231,-0.23259923843548608,2.8222311609211648,-1.3805710174469963,-0.53972679815177,-0.15864102604310112,0.6770304698008064,0.24551844332736034,-0.46532251834107735,0.31017582718283815,-0.5021078248296975,3.0402779245336147,1.1142343467426044,0.2828281601187029,0.8810133471652023,-2.101131034633285,-1.1317241885996594,1
0.8640699821389469,0.06287913702331356,-0.9096804393124754,1.4194556807978391,-1.0179114904771591,2.140679667262039,-0.4513028643436646,-0.9004484613780268,-0.23105953684089858,1.178865937036939,-0.8221656066894069,-1.2876052836530612,0.12645921906069005,-0.9154770290902925,-2.443651957407351,-0.5028687536709558,0.30613455310275534,1.3111622966036165,-0.6710710905263558,0.8515910458931973,1
-0.05080078861953355,-1.2749413587483838,0.5637878750069146,-2.2746210312061996,1.555198534147342,3.680944762382535,-0.5913947298380474,1.1067104242873174,0.6622629821596197,-1.1207676506962496,-1.1145323150080617,-1.7392051521728,3.1176811292080475,-0.20412976887271617,-0.8237998649296393,-0.0120435529599315,0.16064994035311653,-0.057397463786793744,-1.810131095460009,0.014004967371380734,1
-0.009082794095686441,-1.4479051074534146,1.9473042288896751,-2.3092040214088487,-1.537503218234725,1.6486536654045474,1.1219504919152248,-0.7621584630262199,-0.2202095296340774,-0.3546803599307581,-0.0555905231992714,0.36309843266103875,-0.7877582576204393,0.09882404501643172,1.772779512400588,-0.7838417390846841,-0.8839898989220014,-0.13367591465481174,-1.2267796427378985,-0.3516742428437714,1
0.9524781569528054,1.2625253031571173,-2.5535495960558983,-1.7793989305072206,-0.32601249581684916,-1.6887001348102484,-0.16838492247285253,-0.32038505943679435,0.36681404328544226,-0.09752538374562343,0.3903661943953757,-0.1539052269746876,0.4766510408005575,-0.9399678291500665,-1.277150849184777,1.7159076311326944,-0.8108939362002497,0.3278110735741233,1.1519361985936905,-0.5109891701957271,0
0.027010554301906357,-2.025320849721974,0.6208299452898662,-0.7984727967996325,-0.4971340238699362,2.2641053318728153,-0.617796273481028,-0.40505095294555277,-0.4999624972086356,1.8898139038938433,-0.7274648064542795,1.2175480219507155,-0.09716710637250317,0.31977804112682007,2.5247071003390005,0.29456851257516387,-1.4084233842060085,0.9130708059288597,-1.7022531880631107,1.3990974792634143,1
1.3906435959499572,-0.4428595740675477,0.0722883471248695,0.7339504783642384,-0.22652747238283805,1.491901676075598,0.5558260275751273,-1.4723540615107777,0.10338199621209512,-0.8034342741712571,-0.43042769880071585,2.0084730109816995,-0.33577861774042206,-0.574601858183391,-0.514338440746327,-0.3171028325739657,0.47001366124666144,0.5712242102362395,-0.6986005452224988,0.36075575466383486,1
-1.419877164270929,0.3134042807285863,0.114845090277753,2.0268171160423925,0.02310434600073103,0.842904484478896,0.8687983383055493,-1.9790186934897123,-0.10852784256484785,-0.6368764742064333,-0.9779388355526387,-0.6124228909008682,-0.8300704951292369,0.8627545919526867,-1.6672133945493135,-0.2818448493970999,0.11447605881877927,1.542547211374117,-0.12728698009887982,0.2921688282073261,1
0.05519924253008922,-1.030700321823978,1.3534536476212031,0.7320809514330224,1.4436703191662383,1.9611770946468796,1.3465716626102961,0.8728170831783344,-1.6254922701998327,-0.853932908460056,0.29137898481594593,0.0321850870368397,0.40482340880826806,-0.30906623673826017,0.4194294736911304,-0.03509646678459442,2.0487082576988507,1.2904607413763498,-1.1311590874752764,1.6079150611191575,1
-1.438426718775404,-1.8887577500400483,0.8817464007600121,0.3019316851187039,0.6128840717631837,2.078498581631518,0.5567179766334188,0.04312543095304917,1.196133717091107,0.21751349593878547,-0.6153138820737076,1.8578501512906649,-0.9311652607769599,-0.6490763335666391,2.389713337165068,0.47729600880942324,-1.269923087327547,-0.7893523659025773,-1.5766876336764244,1.195941907435307,1
-0.5321685631271895,1.357913406328263,0.12617790366196718,-0.8320613048498566,2.046862195719558,-1.8837138792983734,-0.22247489677826537,1.991553302204734,-0.07722104522304557,0.2078025073533134,-0.6749340187905523,-0.4030759890650308,-0.14702542343084998,-0.5501152829365389,-1.3015118033501185,0.8407344821295493,-0.6073544332122114,-1.2926253471522626,1.2610458681028522,0.6820694900626313,0
0.09127189816757326,-0.17242232890585724,-0.7691623186421507,0.7833042370887136,0.9389088320395578,-0.7544837503188552,0.5106761378588074,3.284118201287884,-1.4473813334630898,0.8671568891001863,-0.6215940451706842,-1.333217053950996,0.8690312755308397,-0.2670037617670316,1.2282756985312,-0.1244566297144221,-0.11358186823078863,0.15939319777622218,0.16522658592870423,-1.008013223170678,0
-1.2640061679473638,-0.4670903655967862,-0.9784995458666064,-0.1702582467959055,-0.30561061415380336,1.3519208663586624,2.7552177437199017,-2.0903028988531567,-1.9493717553224232,0.26426827164563654,0.7309589763762161,-0.6506598273683837,-0.39987823866837147,-0.2656045602861052,-0.30540547921712224,-0.11464083550639245,0.4861847915619389,-0.15011695125380659,-0.6642643723257246,-1.690671627606452,0
0.7929053718372018,-1.88464870950381,0.5882367945150587,0.26621526015290703,-0.6517041482182336,2.2144115153153194,0.721921252408372,-0.5483967878111827,-0.8252128755457164,1.1329561648061375,-0.1341533269924053,-0.8725945264061531,-0.24421504017566917,-0.5016466787964576,2.234279220234308,-1.464706681617567,1.2904253246168622,0.5100665931710657,-1.6192388860941234,-0.7502588076917368,1
-0.8395275580176573,0.9453982168006492,2.044481557199944,0.48279012406031796,-1.0590371220120975,0.15784020554776512,-0.9972282874387761,-0.06338985203481078,0.14204447883054525,-2.1357998487348056,1.1037200137225964,-0.38448912104151794,-0.33346069318177196,1.0835831031099956,-2.477976784455781,1.5199520059142992,1.3722713166079914,0.7597872369530771,0.39687447466017134,-1.8730058309306206,1
-0.8508840890388987,-0.6547930502967878,-0.7507296070055988,-1.770481137776078,0.10908297034983186,3.0125671257232276,-1.151997547579143,0.9280906109910811,0.43712677973105185,-0.5650604735511925,0.3859700925688759,-1.176644943900053,-0.258008536197609,-0.5781134587156433,-1.6234816286369025,-0.6362237126519298,2.441221722471914,1.871074482308114,-1.2970534987875908,0.44231686816448523,1
0.5789098180691342,0.6765561537499206,0.5405895418122408,0.2940820387932141,-0.3755089806394995,0.34282257072971145,0.6190831693880101,-0.49731714635766955,-0.4551717839537639,-1.2952586206671208,-0.6560972360056414,1.2692556718986205,1.4617170162571183,0.16333468067753845,-2.0192256124838908,0.9714123576723597,-0.06433764737916652,-1.18755316677504,0.20875212205433086,0.8810621873806654,1
-1.125587114031969,1.416809208574962,-0.27484530066979224,-1.4974466686057486,0.11410149222651991,-2.07613637270418,-0.04626121726634254,-0.19024084441321568,-0.0678713816994819,1.5889403284440828,0.06188335288713521,-0.927553330811728,-0.303626072898001,1.3632289751322504,-1.2395129275174435,-0.4888861190436912,-1.0962203248685651,-1.2422465335492292,1.3519929251867395,-1.8070413949318163,0
-1.1952937635992447,0.3853077721899664,-0.9797212247168068,1.9532591375265682,-1.6873443471107104,-0.20059834468995263,-1.153332403205745,-0.7090209576304904,1.8071966436378852,0.13106518621584873,-1.7938924978678903,-1.3554475031122892,0.17775010626803134,-0.5258796758952039,-0.7265112110443751,0.4004813865063287,1.4509275482792119,-0.07744346072599365,0.24849382173473095,0.4581681147886987,0
-1.1534924259847839,1.7963867793941632,-0.009844808650383004,-1.017764309076953,-1.1200474224698722,-2.6432592517505693,-1.6885051880685,-0.3918767653868664,-0.8235349706258495,0.9282456913443246,0.6709112482768751,0.6037905202778941,-0.3732682459413141,-1.027403551526011,-1.5599251430003203,0.6445184916452914,0.2678436378663333,-0.49653173548196905,1.7177760449480566,-1.0642200068173489,0
-0.7925234471152126,0.9137260480171336,0.18568858041873892,-0.2084682105404079,0.605606232631313,-1.3326992427612157,1.5091310134045506,-1.4840566649243352,-1.3656174041901494,0.12626773623406817,0.508608373233442,-0.4303093199546424,-1.5271678565896476,1.2066081548639151,-0.8060587356150503,-1.055089368176695,-0.4235985817281771,-0.9846547848472624,0.8698820980196241,-0.45763324933761523,0
0.6709926520889239,-1.76810406666201,0.2712114752799734,-0.9067289653500941,0.7349648157519848,1.9872554558413904,0.4709670697851621,0.06404884501770187,0.8986278667304854,0.5446125041840371,1.733441339384263,0.23419415149820536,0.6673831031405686,0.435946323899337,2.1926291448710193,-0.1923031842816272,0.9126023140297436,-0.2925161935493418,-1.4895671706417721,-0.2830790735982502,1
-1.7961977553345514,-1.1712847431358462,-0.4761991603989872,1.2716967915225579,0.9964626154129835,1.3493701322882063,0.16601884787457225,0.5996436407250353,-1.6214526245522214,-0.5297782520307184,0.8889400055930373,0.35339379745895677,-1.1154200035302062,-0.14996629117086105,1.4173078184156351,1.3011298521785726,0.5712830531642964,-0.6903381233439047,-0.9975421146041354,-0.10613200761231605,1
-0.4309438004852274,-0.6256319661714081,-0.8715105943331573,-0.8730525596772274,0.5617110279184433,0.6871950927776603,1.4876884464035136,0.8248840377287843,0.28483969535544995,-1.1470655997190768,1.0477015688776097,0.36516063247516933,1.34648059555603,-0.4914104166895625,0.7929448544192359,1.5597419472839638,-0.6970314693648616,0.24973606786381217,-0.5218406214186748,0.4855939200440023,1
0.17866977521907204,0.0067734199325769785,0.9632265338939392,-0.32474193508197385,-0.11298112310661049,-0.9306014814648074,-0.10798368601261019,-1.1858149110149452,-0.4496501938428139,0.9334229544758642,0.894458843105129,0.3343747468732986,0.5102522224050186,0.6611529286613466,0.9790010818077348,0.26201657435847575,-3.3755791001776,-0.3617169878172646,0.3079127681043336,-1.2704882455818216,0
1.8476600029424488,-1.3666848436814893,0.645183496480902,-0.12027193932576595,-0.3513349354557117,1.6256637636225135,0.8438287744856245,1.6516389486858793,0.4664559729694125,0.7533311717782117,0.01775254617328601,-0.6485216295046535,-0.7158259138747501,-0.9220243251771819,1.5989944863476286,0.12677060114211314,0.3086752940556164,-1.3358268451505217,-1.1807163882650995,-0.6345213234339414,1
0.8985117045515645,-0.386022945908285,0.4762403533876659,-1.7257711248125733,-0.993593003931448,3.078496341931184,2.5299277492519523,0.032143146964560894,1.846395920599248,-0.2926854589752769,-1.1204179189363892,-0.754866196571921,1.693547133413672,0.02233923931860801,-2.35047890823135,0.15140739062477757,-0.8258327732380476,-0.6181604486836274,-1.1911191638353205,0.09205513731199198,1
-0.7193216868081737,-0.06929640219979329,-0.24791602574300886,0.0217130184848427,-0.6760543665488049,-0.36086881336223653,0.5698763759795229,-0.4198469958312289,0.4613307130354217,0.46852360281883604,0.9937402628679574,-0.25308684101411083,0.32868234949648295,-0.5911468299256105,0.5553081044365415,-0.5373625893133998,-0.1305754572951713,1.2160065389114765,0.0852777969289633,0.1847686502490239,0
1.1672907173837799,-0.030055770068675932,-0.27695909422716564,-0.026746301172925133,0.9089374968885997,-1.8256463596674741,1.024773800665011,-0.4111733955533163,0.8340554518493689,0.40608510987442903,-0.9970603273632624,-1.0572514620201034,1.0406424427996679,-0.6578984885747409,2.0264629258709395,0.34738984170855525,-2.820168822240691,-1.2665388289449717,0.5834957890923341,-0.6238402486872604,0
-0.6417271436521294,-0.14925274040044212,0.7699687313352226,-1.05649707062526,1.368094236814898,1.04595911344865,-0.7749628240639848,1.2497104201843185,-0.9782549380604774,-0.015563088870293978,1.9669169625082537,-0.03914402696834188,1.0472764085594626,1.075221541181916,-0.7544054647204922,0.8634372801898786,-0.625916017684602,-2.954248941242031,-0.4132842596979104,-0.08259257535129046,1
0.41135763115143903,-0.13325205131980933,1.163000969705304,0.018252460856112946,0.7095994793835665,2.043507756980607,-0.4012092065446777,-2.354482922696602,1.2146667801329025,-1.722256933957519,0.9280156591516868,0.20849197057558072,0.5274808330277304,1.2304600477599754,-1.860651159273472,0.4458388752292466,0.410383276786892,-0.7204550706750589,-0.7323115449171437,-0.09390356871304721,1
-1.081109347824113,-2.0686208191416156,0.7969359256585957,-0.5160265317217283,-0.10965484911745936,2.399635889224372,1.2046759357569254,0.8468537431799008,0.017219582730560564,-1.2117682074893643,1.5336228457329233,1.530047441561629,-0.8123813546900387,-0.6118288167399027,2.485477863898728,0.9491660702381609,0.8235461198419735,0.6768376541110072,-1.767172977847023,-0.17667509270824255,1
-2.4825439859108385,-2.2148747654653684,0.31103906536807824,1.1557327121208922,-0.28949008043361957,2.510598678095795,-2.8562754133411574,0.7164302036574001,0.2860158076346249,-0.11820844557094608,0.9191861536769533,-1.0593406872748266,-0.15136290357574236,-3.3078999524973884,2.723994494493927,-2.875773427628275,1.9248383620798655,-0.007171210981326812,-1.8728964163003237,-1.757423370402755,1
-0.39361158203300994,-0.21780325006460563,-0.03916211544275943,0.440059929023145,-2.0495145161883253,1.912628577835879,-0.6545335709983099,-0.591018455733432,-1.3121632011955178,-0.7624179506029144,0.3735336834117687,1.455434483915325,0.45721306369251385,-1.5681443134200506,-1.5141232808454532,-0.39338229774465705,0.3824333156925354,-0.7603636412161305,-0.7295751352837534,0.36539424192514075,1
-0.0610756713523761,1.5107581520592654,0.9427885141400756,0.8468821038849139,1.0719298652117972,-2.195401948423043,0.48730523704499484,-0.12517442838316423,-2.4980610174929394,0.8761691671912328,-0.8792827824119881,0.3485951198609804,-0.3849428884100812,-0.11522423255219759,-1.3413931363903182,0.54090851856099,-1.0584406336416528,-0.6683451948468017,1.4356181812560143,1.0800560591393102,0
-1.1896666590903613,1.5579204788312857,-0.45730165508679,0.21128369227947272,0.058022734808395225,-2.1862024170571805,-0.04282338131157488,-0.6067002947652967,-0.18452535765584954,0.6197114459661363,0.8484308822052846,-2.246889333984605,-0.49190244750620515,1.2000789564268612,-1.4664279717207145,-1.876552706041874,-0.6243453897132241,-0.6353623888256293,1.4549827498523498,1.2374381346841392,0
-0.03757064497948127,0.6467646341691101,1.6554071130882952,0.7396531517246714,-0.6121669171548207,-0.7484998094762454,-0.4835614838465371,-0.13939720066323416,1.494938227453236,-0.4114931445621802,0.4912076654119963,-0.35802937974698623,1.3183023248526693,-1.9093560875072928,-0.7789781207274227,0.07268052432934134,-1.7312013034449254,-0.08923415422144892,0.551939741945313,1.0487071264165635,0
-0.5517378518322928,0.5289783592809917,0.4459477771253033,-0.7230731049121446,1.3351126678040974,-1.9292554163582496,-0.6069634458726355,0.9669174010754679,-0.7631063534454757,-0.07247771959403507,-1.358256986122487,-0.09216581082147648,0.543339596999048,0.30955564676715147,0.7718697588716928,-0.860523867981239,2.3016748520507746,-0.15650383020921016,0.8826596366643076,0.943193303477794,0
0.02084148213777202,-0.6282539711987452,-1.8415656164845604,-0.6375798578775357,-2.757853629547368,0.7497508161575197,1.1285940674785802,0.5270711986781154,-0.028901523497860945,0.24972548705359698,-1.9841280667576089,0.5273300794806717,-2.531430045778005,0.14782209030324492,0.7324277845527631,0.7069754644705992,0.49325417619303186,-0.045642853333795405,-0.5435667572550705,-0.058422310519861353,1
0.02447966985191076,-0.04941063799976869,-0.6807664465790269,0.9753357348887596,0.9459409606394378,0.024953434642977168,-0.3688032651888687,-0.9764255397315984,-0.6336398659105773,-0.3422451301467918,0.1980569258851502,-2.0343558678843627,1.7481355725242844,0.4489427181929976,0.09398991505945542,1.6826475940132972,-0.9626685344090254,2.5032378050694883,-0.03161372443883834,0.3997799176168511,0
-0.7718903751859546,-0.3190701757978574,0.1676813334492398,-0.7243851651221698,-1.0188424693746518,-0.8547496777497885,0.4543314331522287,0.28244976405560046,0.10507597120829498,-0.9777544010420485,0.3600164652382253,-0.22815134928823433,1.1738420203667026,-0.5850631713965995,1.693724090988534,-1.051547558340161,-0.8850286322627987,-0.05158125721557804,0.1284771050897953,0.3727941585292059,0
0.7756752996156893,0.6996656809307976,-1.3673264612849558,1.2364895121841768,1.366214785205788,-0.721329856689106,0.3162737802597137,1.0945624546137955,0.011369908798494166,0.7834656483247346,0.28092849694782634,0.808988609229009,-0.49920199827593026,1.8701386928213053,-0.9372542137471489,-0.7184839851611164,1.889282454250252,0.7082662196573998,0.5681432060354568,-0.04798579485058113,0
0.6019362371032422,0.35271401433936844,0.2051848907361836,-0.3596926657008235,-1.336722084146622,-0.27245149727803475,-1.2015353947392868,-0.1658409056620021,-1.1376002049642353,-0.532793213080447,0.4473862964734275,-0.4063568513704236,1.261761160395,1.5206009017632118,-0.5700338851266586,-1.2373536900391682,-0.04145796232978563,0.850004267969593,0.2565556238579428,-0.06480925356113022,1
-0.21138422981796898,0.6660453472974756,0.05022769916568044,0.5364138998913434,0.7289411945704503,-0.6029087394237289,0.4795075480016086,-0.5741006752835983,0.3255778167870701,0.12347980916459421,-0.6923507742337942,-0.659039274888645,-0.4074601072916016,1.0338810549242086,-0.9818223692718706,0.9079623136270489,0.7466113646021572,-0.12428577716243629,0.5134180284030593,-1.5822231667464777,0
-0.7614555567638507,-1.020150786162635,0.7429954109391514,0.21359657456431608,1.117520548774607,1.3118662187687984,1.5291010066732473,0.7939351209105097,-1.313272287252248,0.5837293615218192,1.1201294063310439,0.19267992984947224,0.30274379250504235,-1.2093244677784134,1.0882865067804397,0.2563609837384655,0.6565060831752271,-0.12799697521339518,-0.9135553243089866,0.08669457148553406,1
-1.2425008369193873,0.18470085469958103,-1.5249849401440596,-1.9911401489546665,-0.8604384680668331,-1.432457402321804,-0.13377937252123967,0.49982163597380935,0.6457976416037114,-0.7308131256087531,0.6943263811492989,2.572752389244474,0.12249092537445466,-0.36123019291437297,1.0812946777148502,0.0873574252602637,-0.944908722685067,0.2452917426369353,0.5566509097249616,0.14111449670559295,0
1.8188985322003248,0.7911125626354382,-2.5065715705367166,-0.2581751380314344,0.13949779614745886,-0.7482773670165725,0.29746205311781654,3.0982994340712575,0.13674664739923068,-0.23823367505561752,-0.28483693774220137,-0.10619409003975315,-0.6493648196138809,0.5101243612500749,-1.1317838089400587,0.29523257504060313,1.177184963184339,-0.41051848272973,0.6203544004957134,-1.625544033562061,0
-0.3560920486190552,0.8456039653885126,-0.42483134752563845,-1.6949734385166126,-0.8907488635522636,0.2601878091085391,0.5024996961292902,0.8625434846151703,-0.41643843324802554,1.2184802148716865,-1.4268265767813424,0.06933716171534797,0.8173062037383262,0.8202323983059842,-2.343720874594805,0.954085102156628,0.10957158007785811,2.202013924659616,0.3160151566152254,-1.6339229590592872,1
0.33078380653823597,0.4082275614284379,1.187713384138455,-2.0140632742377633,-1.153706323630364,-0.054346687749997624,-0.815909535148553,0.40016960520049744,0.685619374218483,0.7673073626024868,0.49663461497989536,0.6351000115979253,-0.02968879028597843,-0.8668845848834666,-0.9389505372690066,0.48721819463042715,0.08486545836110417,0.14425352228204003,0.2114824181742751,1.2561974394136823,1
0.09893378702888371,0.6935108661162174,-0.23058639852361285,-0.19044618592921678,-0.05250506853865217,-0.7305862757590171,0.13585942408165688,1.022841471550764,-0.9925780067288229,1.4120268785432495,-0.14487856194788684,0.043040870850387644,-0.2811254848880863,-0.5740825770872696,-0.9123187740562744,0.5793467597567757,0.3383574419359596,-0.6281437391691783,0.5682537369398261,-2.208280776228252,0
2.0135542946486997,-0.46302324872121026,1.3773350295283417,0.06440752243194205,-1.4222345015068736,2.5380339101621203,-2.191978656279881,0.6055136511241652,0.2739110868471789,0.9944145282075845,0.681634223668389,0.014108356253124855,-0.8144028209931906,0.5709456946038727,-1.584227278912873,0.5704860860796908,0.24409844350238658,1.2205506039312326,-1.0506937356202093,-0.08317177193461948,1
0.2579759812211809,0.99475064364074,0.44947391283230687,-0.9823035803773146,-1.0147594931858521,-1.3671441875693673,2.0860470495371137,-0.05390484900573916,0.4751677464953816,-0.9040682897360003,-0.36146276669398575,0.41644603810145264,2.3200407220172594,1.1218578562304709,-0.9671113926968453,0.19613145902390733,1.1038773433162576,-1.548960525053475,0.9196031442751779,-1.1818741254208012,0
-0.7243025342076668,0.14304318748856634,-0.11381253841375806,0.6036457389607386,0.03855516878431771,0.5317262575317186,1.0852222636616315,-0.16841971202888115,-0.35895838517941375,-0.9647897376296856,-0.4836586374375685,-0.24672442411444054,0.3596808476863211,1.3746112675765545,-0.9182145747538393,1.1870776787417554,0.31444459087485255,-0.4146305088140306,-0.10623022974703136,1.8978872926587056,1
-0.46913085421040895,1.223975608022664,-0.9500634974661272,0.5268979236657937,-0.4829098394605177,-1.7319735281935862,-1.443604262169765,0.9513062442994834,-1.4452052644122255,1.2725701629285695,-0.0827150238964932,0.24309172766069878,-0.19819567637971988,-0.1908722195531798,-1.1367004782974341,0.5101574689151834,-0.9928660010855455,0.1263141994832002,1.1478145085669458,-0.7961368031864954,0
0.5346290861224353,1.2807480389102566,-0.3084827884558197,2.088442772869925,0.43295982536069616,-1.718249042634659,2.4267164863455224,1.0213832954293984,0.003375506597160999,0.38961417737090387,-1.3776175007542373,-0.5647740041709423,-1.879924385139045,-1.5859833122379583,-1.2900485892705793,1.8709651753717822,-2.6357477390168778,-0.8682927318763665,1.1702571308464416,-0.21701705042437042,0
-0.3030927196917261,-0.2639054924628617,1.607019008249281,-1.7551020312711616,-1.015507438813321,-0.45234181725510014,1.5947619890438636,-0.9603530521421138,0.726870523744936,0.22271606260096463,-0.22788428838190591,0.0956075441125776,-0.32107942945924683,-0.21035760377691182,1.128494585981065,-0.38841124098877516,0.17044299872136284,1.4295196585259922,0.02289357386319807,-2.256725105289419,0
0.954164514190924,0.4247088942878634,0.06319360385022683,-1.3383306268204636,0.3108383975387898,-0.4207467720425684,1.2461649978779448,1.230484356358352,-1.4749506797103382,1.0066246315965148,-0.5444010195789126,1.0478490568897503,0.36471177320848547,1.5327838847681055,-0.587236027017144,0.28326995014659845,-0.3767754697378553,-0.5669763910042788,0.33926947969236376,0.19392147688393416,1
-0.9066485451542928,-0.26241582072127967,0.29471925290230155,2.498430483721495,-2.0276772716708487,0.9699901234073857,0.6932176016587042,0.7031401972360493,0.663545618498435,1.32099578954071,-0.8860402469783771,-0.33257937984987496,-1.4069774621039888,-0.22800572680971787,-0.39673566887304257,0.40226807720129804,0.957993941480019,0.10801412097950092,-0.4421018606488631,-0.24402835217113436,1
0.4539358884037746,-0.4020499735129165,-0.19629361774576656,-0.2462901426088,-1.1239011249228845,0.640384397608581,1.4571018262274051,1.5102866512731454,-0.5613567375239471,0.3473634035161247,-0.621159243445229,-1.9158690263084484,-0.05248268231071405,-0.438408888036707,0.29692653708695427,0.6362358284303241,-0.46524542916908107,2.6478842135570875,-0.4004328078337597,-0.02264413013637428,1
0.8600850677428203,-2.219872458211132,-0.3225487102266215,-0.08127954801358575,1.2287280552289201,2.568945687726421,0.8410815386064158,-0.6984737582131462,-0.836187114538325,-0.379907966540577,1.0170655439701535,0.12555852247357793,0.908222524091729,0.4586004538776307,2.6737824333072697,0.3339450479990393,0.3796100564144805,0.5553796561497687,-1.8943716999096156,1.8657273559684568,1
-0.45144539032493364,0.9882588256693176,0.26930618956233815,0.7985013379072202,-1.574341717731963,-0.9957144739624235,1.1494873640103684,-2.0591604836923203,-0.03756350936619123,1.1364555743248452,0.4076897368371771,0.5809995399616921,-0.31178557325602474,0.8766058798421794,-1.3486057786201084,1.2523463622980082,-0.9728278925829571,0.10311792571720485,0.7949089105847457,-1.532598234597762,1
-0.6431833420270304,0.1983756958019034,1.6875480552367936,0.2775525134935317,0.7267940464018038,-0.24795003081853428,0.24511428437261784,-0.2570524088130647,-0.6290378612036109,-0.44360683020738595,-0.6281493997556425,1.2863821369955335,-0.9969316264021268,-0.9331060771871093,-0.21927612226644566,0.6882053064528827,0.6989530717174212,-0.8538230875043771,0.17530577059712046,-1.0391111683677392,1
0.8601852107818442,0.4852415781910387,0.9637378771731072,-1.116919511912159,0.3104792770059333,-0.41942486717601346,-1.4781137143876892,-0.75411247979106,-0.4088961749894955,1.817310819725607,0.14674747220522566,0.3299587878404347,-0.09779499708420289,-0.4760100000208513,-0.7365003859345558,1.184984447600316,-1.0043402622995898,1.3965978462231778,0.36755706916411074,1.1164307487822072,1
-0.08104596472174376,0.5328711866925561,0.5030903686237468,-0.2357112448566685,-1.029811848541845,-0.48337637932057875,-0.3187483152461331,-0.6556877194614437,-2.0858978777333372,1.452755545126183,-0.12334406404611045,0.3090474430326539,1.119244917564096,-0.9394632419859826,-0.7844205387261491,-0.294455757588034,-1.0084487325473497,1.5287478505409084,0.41109457786520504,-0.05152292852464606,0
-1.4000707231830092,0.9758889639926844,0.23855495377373917,1.1223742187031596,-0.14325891536419263,-1.2868803443218908,-1.2905614219462187,1.534482101794515,-0.20562785364324765,1.229990368438683,1.0965471182302537,-2.191253851165281,0.5433908278718096,-0.4597646158304763,-1.0069072033973694,0.003147726906326633,0.5872624134641767,0.9826831427699412,0.8843738917022143,-0.44854283652786137,0
0.6623068966479679,-0.04544436867607029,0.215031942943456,1.567791509795664,0.8695725186534211,-0.9258860732541111,1.0733665824449723,-0.2841878821547786,-1.4144630113663208,0.42076656251858635,-0.8097354673898115,-1.2512279153776757,0.7039646767942336,0.6455980789595456,1.1014977924697456,0.8898569517854946,-0.5461661042180197,0.12060854761357863,0.28159352699378704,-1.422058497167931,0
-0.8593992108172007,-0.41428297537423137,0.0999881637655518,0.579076300875503,-0.1353342339231097,-1.2634639703600674,-0.3351431387781925,1.8115557731939131,1.4985463606698537,-0.35928530430641653,-1.229495157708088,-0.41192323438595313,1.2167234924979469,-2.49116140815146,2.3635170762427595,1.0896295229091613,-0.47025571626635737,0.7172635437832151,0.21712422133007314,-0.9218236563202137,0
-2.0843316213428005,0.2373366120950429,-0.25959672180927,-0.08857106726878992,-0.5054472096535272,-1.1525690243282414,1.2114275036324305,1.0685495584552998,0.6128253216693214,2.1487062939370514,-0.5106839381956507,0.8717244241841364,-1.0769545408779464,0.6847148540498922,0.6533117470805618,1.3779743339254138,-0.5582302623977843,0.5212157911887249,0.48998302851752196,-1.6382456590945336,0
0.11314045705302281,1.096667844798454,0.31852100479887446,1.0539857711828762,-0.6328802748847919,-1.549084399085856,-0.9916966634403105,-1.189232465077129,-2.00745686074501,-0.1449045790814313,0.18932830729237413,0.29724427338012405,-0.7047284356108838,0.5720062783004729,-1.0214054653509599,-1.5375847964491753,-0.3631166611555665,-0.44594371386116016,1.0275300601105983,-0.950910729687232,0
1.4794817618608729,-0.5504771896805862,-0.29987747449661223,-1.5450564074064352,-0.13954204292790354,3.4193940816049477,0.46041564984282407,0.667065472728354,1.3286464115446437,1.4929526227538277,0.25678325732472285,-0.22847254380954055,0.29657267669430815,-0.36331200838854505,-2.313489660808804,0.533695248006193,-0.6590238266596705,-0.3910246668655764,-1.3807636109383175,0.9530094982140498,1
-1.4028661572078547,1.3339854775325377,-0.17749188377428318,0.5817817706283626,-0.36931877015818887,-1.7424787203692578,0.08244176663484246,0.3912093272373939,1.1121006192213385,-0.7474556539582122,-1.5794362987175987,-0.8178918421385055,1.1568337810369889,-0.01622311759594124,-1.3941596748562342,0.3973970234592343,-0.10813899039141675,-0.2805020534116174,1.203449550033573,-1.750975574405228,1
-0.4799681461487265,-0.582010270683289,-0.531411401138425,-0.1771681151147619,1.050319552276355,2.196376347720732,-0.19308207400661265,-0.0016217169633801235,0.41687306259004037,-1.7047859057901145,-0.6110011240896291,0.7963400197488324,-0.39115637225284255,0.24889396913325643,-0.928102496407778,-0.4290372480926655,-0.5159809893490795,-0.24795420732788961,-0.9952823885248536,-1.5231724641738478,1
0.12345755616914253,0.36337016125119354,-1.7782027275658474,-0.1358730483637962,-0.13419768928545298,-1.4347088052009522,-0.2368520491221783,-1.0622403173432842,-1.4345808609043489,0.9361535941282105,-0.9203586163069253,1.0570590113565772,1.3534515614761184,0.29315722532296834,0.6473060079608641,-0.010556434880853316,-1.0895134082734554,0.7005953972771274,0.6421597208717816,0.5339807974186639,0
-0.44352159983711503,0.2712795934107862,1.5051959988790395,-0.7602844386215937,0.018790511307940762,-1.2535446357880538,1.575720450373765,-1.8662459348495894,-0.5621623419347272,0.034143893340212214,1.322926160335532,-0.5516751380466781,-1.4910799236114736,1.7293008660447564,0.678428870722945,-0.0004787180685054915,0.07224913423620272,-0.5129742439678118,0.5391492542106266,-1.55102618198332,0
-0.05111869301537766,-0.5464973979969989,-0.6656934648935469,-0.8972530061612568,0.12428569485085071,3.6334314303573403,0.36901643782516713,0.03047641392062887,0.14330630500000371,0.2680504275897533,0.9360561679360162,0.7769367029315166,-0.5497893596380333,-0.6529501558320808,-2.5521845472862204,-0.31526633391625575,0.016124787900472438,0.7151743901280584,-1.4489558093417845,0.2408767572004076,1
0.8055747028061735,1.2200044872291333,0.8495845310466172,0.28802836830548917,2.4187777793134635,-1.8129845742706645,-2.2185699659510996,-1.972089026643818,0.008857703668895378,-0.9414031690020248,1.495458245242957,-0.2846255042536789,0.444853537557488,-1.4439255470737569,-1.0403365359655896,0.4115657191642819,0.9758233372885634,1.1209670236143776,1.172455133656116,-0.18969349345240752,1
-0.35799043441333583,-0.4476566661589586,-0.5387903045767108,0.055002936033374625,-1.125654967800585,1.535308479856881,-0.7202120210067899,0.9468075665118705,-0.8905688105910143,0.2875639051673281,-0.04129136178466144,-1.4745026870482356,-0.4661886119462229,0.42243497290143983,-0.5490576330285472,-0.3672039342117483,-0.8596135138784541,-1.1640506324058255,-0.7150889052262648,-0.7075522852941063,1
0.7824660218746737,-0.08189378299750856,-2.019926173942275,0.5844887886474618,0.25014771603535624,0.12913060213039174,1.091027909191477,-1.768263509501486,-0.42093356458376585,0.6009137824153344,0.9239826791201501,-0.5504882602676295,-1.3882924314848524,-0.940977261282717,0.06188218041010973,-1.3184013824734664,0.6690752544963648,0.13945246602919717,-0.08113557310014764,1.685064345333184,1
-0.3386690538837576,-1.1669767004821137,0.5168252658244509,-2.7452995536723845,-0.3806946237950925,1.6794108423746419,2.1563496317292987,-0.4894142344944204,-1.4092157980245135,0.7531899497325488,-0.37598357935186616,-0.5610891309809973,-0.8455521763546138,0.4050353858557128,1.0537123338454109,-1.6102631187918002,1.46644239118858,-1.0820177850419361,-1.1035605789700205,-0.9864404990992466,1
-0.4928849123837183,0.3176812583459609,-0.3300068686248863,0.04693629841522772,-0.19735515533466427,-0.9965194758869388,-2.3690243115812515,-0.49620587574150743,-1.686876951373053,0.968498802624876,0.9243573680260055,0.5672179054338725,0.14876073333569612,-0.5561645694219997,0.29013138652200965,1.5401078237440315,0.7499383929448385,0.5207943056927528,0.4770094498983824,-0.6476527563780456,0
2.0920985716179086,-0.4779054529680193,-0.10226635021759252,0.8930774345656918,0.7348113435104173,0.5806003618654398,-1.289382089103393,-0.34152041500530517,-0.7673474859381645,-0.5111052123287851,-1.0946920440273713,0.021626630593564705,0.3908699078019598,-1.0581509924706867,0.5461586103856362,-0.8397974073487009,0.5505569328262319,-3.635200227540102,-0.41684870372640126,0.5902703110753222,1
-1.0422715880472484,1.4795130317444605,-1.465673857342095,-0.9764000486637974,0.366746407892257,-2.1224284825287176,-1.7690503037393988,-0.017894977008350053,-0.33143137128150285,-1.3559703448599638,-0.3838747413307828,0.20228040762121913,-1.2331013050148552,-0.045254301964336476,-1.3431434242962308,1.3909723580014006,0.5704211733607956,-0.19578527096858134,1.3969004937449998,0.02041716721291813,0
-0.8607568017018197,-0.200463010015473,0.738237230816162,0.23061084876621443,0.08747375368073924,1.1964323096922114,-1.1433389910838607,-0.5878563049080002,-0.7267419048820193,1.0628536930332164,0.23304295152948393,-0.7180647836182643,0.34992371524939253,-1.133421018292623,-0.7902993435634789,-0.8953543736592,0.5342078623746747,2.3378277453883,-0.48684972299598983,0.07215323682176132,1
1.232328605214664,-0.158376071458515,-0.4046958568633263,-0.8193868304987907,1.9824704501689276,0.7048517946407835,1.029604361419693,-0.922351329061918,-0.5969720279011155,-0.15195112347198586,0.9537602558113537,2.171802667396602,0.44176064964947936,-1.1889411180533487,-0.3672097975303532,0.1756035498043702,-1.525662409286842,0.8092586281232986,-0.30592701589739135,-0.20068521837532977,1
-0.05608572627867428,-1.1279246291707188,-0.18759882127683974,0.6611854748160046,-0.32542127137283106,1.2467003077679448,0.49294981046696934,1.1227712402333418,-0.619871070624552,-0.795175012413834,1.3089894097291122,-1.510924561816994,-0.9244085682299981,-0.5688285875565908,1.4212361786618546,-2.080282617242452,1.1629808803918416,1.0471766550029968,-0.9433531028934258,-0.9354354054587067,1
-1.4397052966180355,-0.26035086726395706,1.5380162818616334,-0.21271991693091935,0.3275927311429576,-0.9308076947076896,-1.6100216729089964,0.3092783851266944,1.9620683618985282,-0.6468363041676235,-0.7768620986213922,-0.24825111386109355,0.6729702060319175,0.23045988062763317,1.631668884161841,0.29457680054031987,-0.8539202975207183,-0.6291996069703238,0.1812401775494608,1.3493239278107392,0
-0.1416485860101269,1.1644025715548463,-1.1863364271098544,-0.758765257935375,0.6197387847028687,-1.6199988826315415,0.587855888137735,-0.4684961133603157,0.5309756619640905,0.07569494000509344,-1.911316891662504,0.09297924652940966,-0.6536791406374189,1.3508523306990055,-1.110983183953699,-0.8063769291180498,1.1663705456692521,0.6855897462984164,1.0828864946633,0.868772500590771,0
-0.9811655311396816,0.34989236250044076,-0.4872285641135523,-1.148794035158656,0.0341524174880246,-0.16538155007852018,-0.6757080791616118,0.6793732829565033,0.4620608932518965,-0.6775646523356551,-1.0872459388628026,-1.0858251288851855,0.4625912928539512,0.6663125009092119,-0.6776840439056677,-1.7258067287905967,-0.46440426230938764,1.1941094030473725,0.22015984415020126,0.34767648353833636,0
0.727122481485493,0.6394283375155292,0.24245018063581938,0.7254188271577661,0.8179920992573367,-0.6624572631997956,0.06820678260283634,-0.07004644372796484,0.4670909439935746,-1.0828405288683434,-1.7376861982453433,0.08534395552050993,-1.03873443416267,-0.18770160587403686,-0.8531064917555116,0.007350674919699149,0.5790615726946706,-1.9252622125874854,0.5202867640933025,0.4137542029473876,0
-0.7754826486844134,-0.5041734405426703,0.5018520493598908,-0.3834780189238867,-1.716497577143866,0.6640066001907508,1.0868634897218359,1.2246387312151752,-0.782541286326445,-0.5869582099762845,-0.5218305414881482,-0.9111700600248446,0.5358569424886379,0.8454065567820555,0.5210909070320509,-0.862306936163681,0.12486761019547897,1.2938176908147259,-0.4566208501106095,1.1176324416039574,1
-0.5217666572990717,0.0749683499375572,1.3636072951996998,-1.4413417457153697,0.6116015615496833,-0.812080630970504,-0.4384273672152734,2.2999691243864735,0.41208346487146014,1.629318517441612,0.037563351381111706,-0.15201890563269788,0.6564065654899721,1.2891318354374448,0.6856439278887565,-0.47952499463178405,-1.2084822042690762,-1.8481101123885366,0.3014623275830869,-0.1026485734506316,0
1.0634357218674595,-1.159334266210187,0.19144204734460896,1.0974226874227069,-0.9234292057213925,1.3384858529080081,0.00692472104371437,-0.39030414911169925,-1.47561274638294,0.6568058285094803,-2.2816620724205774,-1.1118507066640289,-0.5190257189181485,-0.10312806235137562,1.3997628088214704,-0.8909854419534304,0.6061496997584691,1.3583571664306051,-0.9883083286392575,0.6957457924726428,1
0.8102600443753338,-0.1073853300106651,-0.8550954744092049,0.14782073903652695,-0.8859707338977769,0.2848104923127326,-1.2060223714081189,2.05419384125607,0.725081044447508,-1.0175847772133757,-2.8500301093171823,0.5445824007936281,-0.642776382899948,-1.4162688593406074,-0.042399357247157154,-0.4588768450249969,-1.1554517938176596,0.8601826383951566,-0.14420328462621948,-1.0006293724832407,1
-1.3980980146818753,-1.5148760309785447,-0.011006321628407697,0.24310305832841442,0.5435243325500279,1.7775060441999446,-0.770226983110142,1.125679932123462,0.5558584593174067,-0.5133130890056609,0.6816606513974395,2.3803877461644896,0.2937473516739988,-0.6202642966676787,1.7985104645464864,0.3265959599163561,-0.24439983553751055,0.7837313967528776,-1.3007438017255717,-0.7334251668172389,1
-0.04470875675958535,-0.13840823945150432,1.2719183034223662,2.130104266320959,0.3327052943741829,0.20643736568457471,-1.2581972900269258,1.0533102796418705,-1.6196898655166265,0.18213487101117645,-0.5954243852430158,0.13886398920054824,0.29493473511013596,0.7512777051426102,0.11721617553663244,-0.3398211683082972,-0.8861126513476503,1.3597718933283136,-0.13326139543286672,1.4470046175850602,1
0.21030304022199536,0.7410425415716401,1.233724278336193,-0.2205382291565374,0.1884757610181029,-0.6624565295691478,-0.8050951810305088,-1.5100412119852522,-0.009182353385138937,-1.1983921249520453,-0.6566893456274132,-0.26030904127143756,0.5402879440356954,-0.19370537980496205,-1.101298496584862,0.22328091325537056,0.19839351717748668,1.0841982440435427,0.5684985208429766,-0.2724100166036872,0
0.4629127794931132,-0.46967287917082107,-0.07347305456421788,0.3421194201096571,1.0288774416789441,0.5731201994134124,-0.9776468371548056,0.6101335450879344,1.1974945165643633,-0.02238465649681007,-1.808342054024234,-0.1395140283330708,0.6602587067065492,-0.7172829730156689,0.5340528463535862,-0.8860393883859076,-0.675039011419468,0.6518415719803556,-0.4104935000065873,-0.7940837066054469,1
0.753213446416157,-0.08414626457765671,0.404941353815343,1.8968887478720813,-0.6809088291356947,-0.26328859627829215,-0.8386576375205848,0.5516802322559695,0.41744703441079983,-1.3099875117317676,0.6819932992541455,1.041732852654597,0.44103583485076286,1.635007165731419,0.487188662287973,-0.8385806594815023,1.8266470793119378,-0.38738174501471484,0.04628224083602103,1.295148544195343,0
-0.6085918055692785,0.5386906797100894,1.4653794274985183,0.659401789848495,-1.2291710335183172,-0.6038830298460569,-1.7956132206423168,0.33234637147200347,0.27359457326167763,0.27092134270744134,-2.2994555236698986,1.801045196539334,0.5737677611445846,0.3010012339184757,-0.6697181574239728,0.07807771389598944,-0.04662476521466915,0.10760343622295077,0.45331218403825324,-0.8490234320820353,1
-0.2638282304006328,-1.6214566134202628,-1.0399681516170514,-0.5560525574794034,0.5951573238847284,1.7903102823286061,-0.6119130526418207,0.45583767838814,-0.8843802153622045,1.3534350629077507,2.448812305740227,-0.34072077153208186,-0.6763158635773625,-0.9739670442491007,2.0451341884472445,-2.0824719767026716,-1.1781278953500545,-2.2301302529146136,-1.3555045368894694,0.11784432614130065,1
-1.1780408673763807,1.2235008954559354,0.4373131870389607,-0.6769951384585313,0.42544486418417227,-1.6840902078586266,0.18517553682991406,-0.952316380738797,1.5232386217122582,0.4512253193185082,0.22228985580085406,1.2788658133133932,0.8301918118626102,-0.772659445270824,-1.1867659376401238,0.9003985883950636,1.667224111551137,1.1834936668899279,1.1319112416343065,-0.37231905293792283,0
0.1243847669077142,-0.18585845705702086,0.9456334275676297,-0.3129289671900141,-0.5412990949622398,-1.0247116694844207,0.5043650657184098,-0.3043448710539514,0.12019855874605508,-0.21673178915646166,-1.9768215689475905,-0.4952150980047351,1.9856764110148397,0.6185563569779244,1.5501794730317042,0.12352920184109302,-0.828293760348399,-0.2592218130040925,0.24733012711120547,0.8234231845623113,0
-0.032185950944282664,-0.9735314576021131,0.5559874336901389,-0.22083449203708258,0.40654213826669494,1.0941108968728543,-0.6084370413911421,-1.471211744279153,-0.1890579208523746,0.6349628736125502,-1.5110935484525234,1.055353067471044,1.0388397119820936,0.2444544496055498,1.2073712138645598,0.10654467643437403,0.08547725034829733,-0.02816690844955293,-0.820138461929793,1.779661887087689,1
0.08497296263582721,-0.01424201985218805,0.39329513816648076,0.07166855388024412,-0.24584831744398336,-1.21837498228853,1.1064571522946443,0.5692893232700639,-0.6842421805152435,-0.7737805788906578,-1.3376741860876842,0.612171618618584,0.9622105785810979,-0.24237545810511135,1.3381872444829939,-0.9857330334274744,-1.0878930121092583,-1.008106506760428,0.39216502275442156,1.900649041722087,0
-0.21968704502383987,-1.4124516965766711,-1.501836924629838,-1.426483156621165,0.7834681062089172,1.5567138782360073,0.03986420749158606,1.5159451462942337,-0.6913348611627764,0.3862260641045818,-0.6133636006232359,-0.8073800562841116,-1.1529019436473826,-2.0678183764773013,1.7845410293444708,-1.5404327171242964,1.1529341769747732,-0.36070450044957353,-1.179855301039555,-0.39275895241680914,1
-0.733391370914118,-0.42361122258956413,1.3332105613800442,1.088092463208589,0.02050172936766847,-1.0057879156263654,0.7520463836188297,0.27008441134776406,-0.7245322690342489,0.3243659742438005,0.00031861146506831443,-0.5572813096145535,-1.5333920889187305,-0.7031564622558137,2.1106427757689454,0.7032182548567439,-0.8591042740501407,-1.1201988014411794,0.12832961911363952,-1.071194857868986,0
-0.6315777291653314,0.3748952097668112,1.5730197252148563,-0.7582820688875902,-0.15083771156669531,-0.13570934077138297,-0.46580556911816284,0.19502498402812674,0.820344012612456,-0.8043157596599924,-0.0739475656083926,-0.4516594761596227,0.6227112239002686,-1.1306153349375263,-0.7704960698569052,0.6295295842218108,0.2531652380379812,0.8953554307625996,0.22230740221561335,1.75547569831549,0
1.432988276709578,0.1181826852595178,-0.12698781320498045,-0.15308050448140273,0.5945090026314696,-0.0841630545854708,-0.8319711080785314,1.1629895956773382,0.9219366012853558,-0.36143419635031226,-0.14798874752285357,1.7097632516645733,-0.3932364091628454,0.7156090679730908,-0.19862298103031462,0.03395688516516826,0.7986482071911434,0.7664559598497087,0.08362990193551202,-1.1714831299709862,1
-0.6608342358101458,-0.17814426285619264,1.3643262441708666,0.1697477679706617,-0.8228559015184324,0.1532100685346831,0.662536033398613,0.396366956467351,-1.0525471918701104,-0.10198665459367798,-1.039220163990766,0.8179815444538614,0.6079475670057539,-0.8464978028689073,0.2712126896057083,-0.7554988831339492,-1.572989257072861,1.4469441463869799,-0.13468682891062894,-0.028217878937229775,1
0.4731965832252261,-1.1677864567993317,-0.664267864958582,-0.43629019099415695,0.4766135070198144,1.4151259858671823,0.504154550950278,0.26525702358040226,-0.9580793796413607,0.2245994767082595,-1.383467312455986,-0.12184561131103523,0.8058977770010688,0.3147099423907597,1.338418569001626,-0.030593064230755616,0.20082428967447366,1.383424078555975,-1.0174122014789497,0.6331951786719153,1
0.3220204796552139,-3.2812362864214313,0.8636055068862878,-0.7722350213415422,-0.17091005347474328,3.7575043196906033,0.5248649917251288,0.008274494342320363,-1.6758401645518477,0.16704310416914414,-0.3311642658558212,-0.2122343016155467,1.138698946694648,-1.387753081001437,3.994644010615292,-0.3854009764969582,-1.1738179970984242,0.2852819511674943,-2.7871074438721712,-1.2137121989732502,1
0.6140362639572081,-1.0709678245764165,-0.9334711584250414,0.0432040486855039,1.511673414185431,1.223627507255499,-0.2552061344396246,0.9980841726036552,2.2323460331857383,1.5355307733718824,2.208046047543548,0.12540867947584441,1.4767436707882908,-1.037795473018184,1.3068029837869914,-0.622127480356389,1.828974756254353,1.2985413297690838,-0.9087747754850535,-0.5754902130961214,1
0.4608248654038653,0.3087055740536924,-1.3996815047326863,-0.29045391622778904,-1.1630426502846019,-0.184854941390179,-0.24936962517248124,1.4622546040347288,-0.08106710543541713,0.28475459338556824,-0.41342377063644137,0.03239621368357873,1.4287601620367705,1.0725417995727589,-0.5562535358498311,1.434309669352076,1.048399887813541,-1.9632891478389742,0.2069943204753003,-2.219777947451851,1
0.15201577783777934,-0.014407155015000329,0.018796191985491827,0.8341005719100684,1.1795382676077382,0.03654153022841422,-0.8555326699056159,-0.5075313435257685,1.218665210788921,0.581373059338924,0.5172754273613065,0.6292381802952409,-0.6687782387811225,0.9118135935708017,-0.0039023747910411632,-1.416990139680991,-0.4472451047873071,-1.5733469496057397,-0.01880012299050797,0.2594788230864766,1
-0.04779925038478981,-0.15989808978901787,1.455600479257298,-1.1132948341146311,-1.4089191026905246,1.100908770758487,1.031653774575175,0.8918630221607488,-0.8776173568629051,-0.29969605666431426,0.44489589500988425,0.8507193944606469,0.9945582357416216,-0.6570352370173239,-0.7871887642153681,-0.7617603706826457,-0.726774137833843,1.5758758095019694,-0.4363267706467141,0.618360566259665,1
-0.3017984933962528,-0.4175220413162109,-0.007062904550829715,0.9919263098869546,-1.3845180194249966,1.9176739260897004,-0.397548696545778,-0.7798066757376003,-0.22789255876583409,0.2932844290048521,0.9877285159245996,-0.7756063614376031,-1.5235978106681667,-1.8829834466717266,-1.0317104754532826,-0.01813424350808177,2.5303696686416894,0.48473464796892385,-0.8259859082679262,0.2839110587363809,1
0.27509347694375413,-1.5317988818332777,-1.276618200244661,-0.15831961259537855,1.71511821817878,1.7659125300982408,-0.04128077339237078,0.7540858050384984,-0.5017577611697203,-0.7546043823932729,0.08220292626279649,-0.33159377893154535,-0.003912509295078522,1.8680329249591099,1.8522468692450267,0.7004970631581634,-0.05650612465920803,0.5030892533366624,-1.304977070659585,-0.7483831806910334,1
1.1659165202552229,1.5312809245551233,0.44174673637755724,0.7714017949037666,-1.580603940809169,-2.1444820717265154,1.2270345970488723,-1.3208783553773176,-1.4947561464496442,0.8336032048373484,1.2445651603552557,2.2314989110277486,-1.5444338482482443,0.0011099446872931465,-1.4459931160591004,0.4928839718518698,-1.6667634067891977,-0.6011265526688468,1.42868317203577,1.6734418856229851,0
0.07225204823791581,1.6031794363448488,-2.301471717669987,1.2744284266875814,-0.4268041949352576,-1.938409593062293,-0.8208789224096867,1.1188945979306693,-1.4384111667945592,0.06450597286257172,-0.2589387965783906,-0.1878594010087195,1.0984848760518187,-0.17167365392478334,-1.84205777971007,0.3576613666310894,2.0578111770977623,0.9065441571099638,1.3953236415725367,-0.24633528117984818,1
-2.2832804575272303,-1.1800709223496335,0.11088050289283735,0.8520150349084945,-0.10482036594046269,1.4136580885976904,2.008909419096128,-0.44736294916121566,0.7614306240608931,1.0468790323232877,-0.13856762339741077,-2.567435909739,-0.8302346336672846,1.563961336859704,1.3699935349181946,0.4622523292930485,0.24728999957425232,0.011208153195899085,-1.0227600824169567,1.1285457775311865,1
-1.0496554989099411,0.144403414304125,-1.889649292096153,0.08669769941439658,1.2906444609225471,0.3020768829496563,2.01527511046064,0.347561613803552,1.6406145634882874,1.4473056993918065,-0.39719531614598763,-1.1022697404558555,0.19157739619408962,0.3556689485632294,-0.6758610688754207,0.5062409893059261,1.362562852712452,0.5681032051286461,-0.030392685006849,0.3111099911431952,0
0.5156280884439565,1.329172880891423,0.15805348992013185,0.7760279138434754,-0.4159669279473586,-1.8338343158219015,-0.09662367001488972,-1.317131919946585,0.5221425459339358,-0.5014021468856367,-0.9457460606967811,0.6082461916849685,-0.752435237353035,-1.0022170189267248,-1.2846739789186405,-1.466785190615677,0.9784221120280351,0.9753124584779789,1.2310779565827277,-0.3899237065594453,0
0.9154029704849369,-0.670561783458517,-0.9652140767505479,0.7138774440901375,-1.2738373251342043,-0.5104573056590848,0.23873792529135657,-0.1546903311345547,-1.66871386234613,0.8109137726156964,0.014694095544366792,0.3861664979983887,-0.5224147283775092,0.09901444948725731,2.1839178551507126,-0.5668133178023392,1.2227117928319309,-0.6537420298069675,-0.1510207897316375,1.8876251206260046,0
-0.7201539770215667,0.18186311778126554,-0.5011771369530351,0.10382923503269768,0.6899402768960868,-1.10678754304523,0.757056001819417,-2.273172202546832,0.6039170414833746,-1.8664481527634753,-0.2002166664916561,0.6834146735600306,-0.8328632751545352,0.8606854213686301,0.7398285340770687,-0.836338536496288,0.24104327786211174,1.589895594810694,0.448673161271138,-1.3275074905374307,0
0.23422041359956,0.035070828085023924,-1.7073429536495999,0.5090451447971439,3.040686954159441,-0.853323465031464,-0.5842290931920854,-0.5859507687138121,-1.1219681199494154,1.988884638754853,-0.9680129645892809,1.1478027917597526,1.1289567351829475,0.6543556905962175,0.8272140806918152,-0.20025382681277568,0.24527693221760752,-0.5893365645851804,0.2960362970577945,0.6496048651128858,0
-1.015995431168029,-0.9707648825196156,0.5846229524867408,1.2884336225033886,0.47962531955157295,2.4744994810336163,0.23782954075833587,-0.9273730056959336,-1.0553241585924595,0.20199901075732124,-0.4323011858095411,0.23173094203039254,1.1288474875493895,-0.6342747168173137,-0.27610741512177106,-0.2336069609828654,-1.7447603876053015,-0.4949645508907007,-1.2707948936854083,0.003060116738572855,1
-1.1550084973999026,-1.138547170746935,-0.5835605478960735,1.8453996812503788,0.22517093222693582,1.3878666937372566,2.0449387980310263,0.09686603247587562,-1.4084314903683608,-0.031160364801477616,-1.9837622094530445,-0.520209013454081,-0.9217178364819151,1.0286987158898995,1.2961636641959968,2.418355753572451,-2.3981630952508977,1.2463298110749446,-0.9946140132533414,-0.6651073710188052,1
-0.015777688899670742,-1.351192178907164,0.33014994939193854,-0.5701935976981533,0.04687854330331131,1.6143904868931434,1.283739433701408,0.7356807637597333,-0.3722565201257048,-0.09636128558822336,-1.8162665001339957,-1.7001208688282619,0.11423264450235611,0.4367677511104973,1.5732138784743936,-0.16683966769392072,-0.5844934327943987,-0.8653895050452268,-1.1696746054695606,0.6710260113888488,1
0.27981185430235533,-0.6189553811694145,-0.8771339384474245,-0.16066484837472153,0.6881080244042689,0.656203460639147,1.0967242076292842,0.8876229633803967,0.27892309716744346,-1.232454390830226,-0.5539346838422423,0.7293697951297508,-0.20791231006611424,-1.3843781442136902,0.8097918273664589,-0.09789240517213632,0.44504269989418677,0.3670467929299679,-0.5085255105498636,-1.3364024233582634,1
-1.479089288097522,0.36209603170001026,-0.6448089363934834,0.8610979890066731,-0.8532181181418795,-0.4180492774776847,0.05107630446507834,1.018624510033811,-1.0037878154636364,1.8816212893577708,-0.66843303064877,4.479084251025757,1.569584066281079,-0.623180315308064,-0.43719076176603977,1.099415601792937,-1.1098394892699073,1.8331141483984492,0.30867888788358583,0.7379349262621552,1
0.11088638282841785,0.5132747474998705,-0.06003754168856451,-0.2218882712922687,-0.6332313967149771,-0.550385608128519,-0.601944441935177,0.7556658387443146,-1.1081124582588693,-1.4069434005131694,-0.8506132529519478,-0.5410068657828994,1.7681692930597834,-1.349773069381231,-0.6648709402692512,0.31996519114516303,1.704592093297377,-0.44184892724082386,0.42373709800165354,0.3418252139549665,0
-0.4851100193040616,-0.22472606022004624,-1.0001389212399567,0.8839831604696676,1.3229733083455433,0.3486446225147115,1.0833921435833522,0.016620981362413703,-0.27867890283955715,-0.26601669556034696,-0.8790162689504512,-0.1855485345928537,-1.6854923928685774,1.609343375609877,0.17591477314231518,-0.31818071752668287,0.42776894435061114,-1.4006698548865477,-0.22077758223776117,0.5512833327755875,1
-0.5772287257105709,-0.148546274883612,-1.1047746736415167,-0.5659371308924055,-0.38113769667341885,0.7631217030674993,0.9886087934991747,-1.208858864620722,-1.5515374209681267,-0.5945036959490072,0.6037132405441962,1.401500346552158,1.5375513190343435,-0.07567107265706344,-0.45355530454380466,-0.6583827179404454,0.15252588289761657,0.4781405755558084,-0.3203419865642723,0.4583890099570684,1
-1.577229636132122,0.5107359014900048,0.13155164017749568,0.49353729420376685,-0.17239269980923128,-0.9125762202811044,-0.31062923983688057,0.6476059825670705,1.586899657033091,0.1560907384568524,-1.5852460107298574,0.35647710466949206,0.20152960578250198,1.038727059442183,-0.271203156113093,0.47868118065093707,-0.8935809679780109,0.6875507195924941,0.5411215504928283,-0.11335479410729969,0
-1.4289046065117268,-0.39585867837375366,-1.2249998886600506,1.4837439102037069,-0.5837221335626013,1.2492900789642305,1.1765332537877653,-0.6401544568346118,0.6672451474292419,-0.030786502413415195,-1.0857477107815494,0.029796165121424436,-1.3992282592246312,-0.7348108975341908,-0.3695947939124389,-2.1529135157575157,1.1892264612557852,-0.5619301138579263,-0.5968641621851877,-0.35840357551288854,1
-0.16563141031763223,2.103615900318969,1.23000057271915,-0.13699548944245826,1.6284685547723217,-3.1892441868275694,-0.9647054257507148,0.6789312900592783,-2.128734094414812,0.07715649621771674,-0.28438464960650933,1.5905820726178503,-0.3409078773460798,-0.5193963718261266,-1.7262404093997978,0.4283166923752375,0.0785770297191498,-0.5938114080687051,2.0423116126986383,-1.0263692076658921,0
0.1941076309533577,0.9615281523269658,-0.8372624310497003,0.22054142701386686,-0.5391227031489786,-1.1743602806839406,-0.6078752606758179,-1.10486279306252,0.48387665118803974,-0.23052462518025083,-0.5482687949250771,0.8333339117803071,-0.513196364513396,1.2179591523055584,-1.092203593543738,-0.7179188907476018,-0.5312142946075985,1.1797252083607102,0.8407187424581263,-0.5888668267386961,0
-0.23701197001262772,-0.07072666453412135,2.814654444472553,0.19484234027013805,0.3933070500053236,0.6955191666160299,-0.10434279298689192,0.46027162498230384,0.27926783821652595,0.4486357645145273,-0.7380570836613916,0.1812511626020504,0.2063617713254507,-1.0196953197088567,-0.571308281951504,1.4621959387176369,0.7499002394237105,0.961987189071841,-0.26128506914140975,0.7007006121205837,0
-0.7725086063921601,-1.5855304099225307,-0.06374992167917787,-0.9146537353257298,0.4507704171862659,1.7931969222404183,0.9230872924501295,-0.3190629197847001,1.4852165841471172,1.6173586974450547,-0.41631525734402774,-0.13331580651810626,1.0278838914334096,-0.8879629366016216,1.9542968684295872,-1.82816492792714,0.7397592906972692,-0.342994225602232,-1.339404095662128,-0.3412312210234211,1
0.4158368362860605,-0.1584591556056298,0.5042878533842724,0.013450364619293007,-0.5070086592700558,0.8502478632265882,0.29096473013744295,1.784775039185095,0.957932055215684,-1.0733280322228955,-0.5139006266488432,-1.198951397993876,-0.9287920814524587,-0.22485305579485193,-0.5225496420344059,2.9356579023277782,0.6002129657442777,-0.4288479256060734,-0.3535722521904797,0.36039339501808015,0
-0.7596517608333779,-0.7027425615860668,-1.1963398992102119,0.2316699390187268,0.6228614849614956,0.7803506737169242,-2.3164448569274905,-0.3145003933502,1.0171742141701563,0.4448749166771231,-0.3038634294811303,-0.21765512113811641,1.4761148745657644,-0.7527192419030679,0.8816297667082489,-1.4762304803093984,-1.0237344452778183,0.6421210038765839,-0.5889277579483,1.192606204977316,1
0.2103671135408869,0.1694335728651282,-1.265258409085215,-0.836980354439587,-0.8729889668893527,-0.04004040718033264,0.48058675842771265,0.8223504708957536,-0.7780947858327143,0.14775590740012853,-0.20698458909836875,-1.031025275147307,-0.34409802826233293,0.5519642593318276,-0.37100435099479534,-0.11447237179886294,1.530334564354411,-0.7618246716588487,0.09349975082761917,1.0409541737977894,1
-1.3045488995841095,0.9664041159854874,-1.7849385328721046,-1.4838058550333233,-0.02473542080240107,-1.093262105227425,1.1632821327942087,-0.53716426238832,-0.4738828697857191,-0.399424780986017,-2.22834243994978,0.37574688171965837,0.1072858660965787,1.6779658369686972,-1.1908708113019593,-0.29343140231331255,1.2849167848750833,-1.5132794691577722,0.8164789021559503,-0.748009486600535,0
2.602479874874313,0.5356500637386913,-0.12049741389935952,-1.0777439349303435,0.4862873047408947,-1.0880569766875943,-1.8559332871884366,-0.5442744329245381,-0.9172616421772875,-0.748811671023577,-1.1063441570771089,0.1016557615660292,0.2257880340855212,-0.8043615017626171,-0.1443286617608046,-1.2814909728688244,0.47758881955300486,0.6632733812644779,0.6103985470173838,-0.5902146122004895,0
-1.3980820399187832,-1.0370043730260363,-0.7683234936966282,-0.49309946097629387,-0.2491210034887189,1.149503007783421,0.24477484111169842,-0.8635983927318178,-1.129815030264563,-0.1805502908857391,-0.1558090821819066,-0.3233536694387154,0.005143140541849398,-0.30683174438859473,1.3031451474462747,0.3933783444697123,2.5974372073752243,-1.0296552556924194,-0.8683904720034682,-1.6865702430814355,1
-0.7477851043659819,0.15792640995406584,0.45649803525064586,1.8549873574806566,0.460197681230041,-1.8655534753132348,0.6984251343843719,0.40113826126422947,-0.4220058967090802,-0.3710640289008525,0.006984916255938689,-0.6361984412021287,0.534703949636198,1.0199286054277548,1.6100112773413118,1.0295669238227512,-0.12528662276943792,-0.5082651460833204,0.6857524917569948,0.2819343032051621,0
-1.0561115691870866,-0.01067855723686315,-0.9648933001863843,-1.349605255711928,-0.010352289907736689,1.4983087107947717,0.21282439866996872,-0.7051105201659605,-1.025219085737433,0.676507476439975,-0.17387382031458634,1.3385921382956067,-0.3998267342865265,0.01999548620641927,-1.5767884680797637,3.377382919082646,-1.8802884105687847,-0.4093405752186243,-0.49564522404612554,1.6158724901223136,1
0.021222650834258405,0.019327878174622712,1.0745297902299311,0.8717025855988134,0.6067621502064073,1.1686485415245338,0.2252697220150467,-0.5744867054162757,0.07758538948639096,-0.21224430983993056,1.4106923204208948,-0.30971081180657256,-0.18733030982130086,0.5095135639296859,-1.2974126961171988,1.3914579669559421,-0.9345938948984711,0.03277363755578143,-0.3734704686100941,-0.7974381170700989,1
-1.2648888441027084,-0.13396778688556402,-0.8605073265053105,-0.9511080467424646,-2.0870692457095164,-1.1610356099015724,-0.6046808501274109,0.07920292868964361,-0.9298479483926507,0.4972179804531937,-0.2941231803761696,-1.0878375477136197,-0.14468576074234318,0.1045422455492162,1.5692747980801651,1.6720417730423207,0.05520800899233323,-1.839637872562303,0.316585641829972,0.5995786278137534,0
0.39530725264933086,0.2942134321074455,0.8810588920574334,-0.6794449849177494,0.6946691241185846,0.7402418386342272,0.04729874312872792,0.29522475834524275,1.3469412443889957,-1.1797767493745086,-0.43651486326554356,1.0716803738905898,-0.23955585893709952,-0.012024028913188147,-1.5105128948265814,0.4891783506377937,0.03302330719303323,-0.029351702115694548,-0.102778323465512,-1.0356040560453943,1
-1.1300693390403578,-0.04031242623670461,3.9262377064363267,-0.4242363333980435,1.7246966497611085,0.6860835334900095,-2.0841129394985884,-0.04551224530124217,1.2571492168625729,0.7505791675217656,-0.28744751940035557,0.2873289044030093,0.32950873557300914,-0.5698329282387588,-0.6355005034267469,-1.5171736966716791,-0.4500128579958137,-0.41619440488525394,-0.24376526294376216,0.5082686396745896,0
0.2003947848763514,-0.4917006563319619,-2.0443304762010746,-0.23071097248482308,0.6098125198747528,-1.2288934608056508,-1.3180920357955057,1.3429563316312263,0.5795778471138472,1.1490146960523997,0.3777117601138336,1.7533751987243156,-0.31660344290307396,0.472953564713271,2.5156255690613945,2.0548098186386485,1.444850287259808,0.16968509085775127,0.16907340351432573,0.0220677009368635,0
-0.6270278518303946,-0.10030268053947589,0.03158900615257829,1.3255002197212566,0.903058166736933,-1.0507347049207632,-0.3494249506357074,-0.31444379029762937,1.8068588841465116,-1.8249777469611168,0.21747348301422456,0.9078523849098702,-0.9711898691379917,-0.1664855842815459,1.3690498259201611,2.1773203810422213,2.5083062730565633,-0.7387387253049276,0.29644352768377796,-0.367114170072311,0
-0.9198981704461536,-0.7451270215993681,-0.5897592406671354,-0.5273633377201086,-2.3048571725962885,-0.45206243872520246,1.3001765268131393,-0.07810901011278953,-0.8866650346843747,0.5274386518599967,1.2368718935182248,-0.5442882931554857,-1.2309784968052595,1.5428881055391184,2.303572317756946,0.011736369721935848,-0.14817853349822913,-1.6110027678851675,-0.20551884376336202,-0.2422880981783883,0
-1.4396081307988273,0.27437628631485494,0.20968606357448813,-1.095839163003958,0.4337476093485353,-1.2794045522772894,0.4575419340047812,-0.6710148456624536,0.23849892567305414,-1.6819687839854107,-1.7718966822464437,0.6368701583954032,0.4335416104725293,-1.1044518278549962,0.698529837205021,-0.22257492722485295,0.13982135851821087,0.47803781519228344,0.5490856105439575,0.4508123363317998,0
-0.14842940106418565,-1.4599282233451636,-1.4467571063284652,0.012654464148654489,-0.6961170513463018,1.6677503754218048,-0.33477332470482757,-0.8641720791739649,0.5858129835546556,-0.2308489679037105,-1.1595355504504887,-0.28002423292176953,-0.6213317235219793,0.027177167672463982,1.7817163927762294,-0.37051335659386964,0.8247017407860974,0.809846061119427,-1.2387368204040217,1.4754541310422942,1
0.9926281029794295,-0.5072692082674751,-0.7969866688138775,0.44670361080914417,0.6149612320467747,2.7853136257620967,0.12390681652107108,-0.2459953383557008,-1.0751030481167556,-0.8089638929258004,1.20357805453346,-1.489284264440218,0.006548657804539276,0.5870575345945356,-1.7406937082827758,0.5424239695321018,-1.3449277870651724,1.5579054323183568,-1.1526514512640187,-0.23078615210272213,1
0.2909134015923317,0.013075203079694989,0.25668523089147866,1.5414571948322535,-0.4138101186218971,-1.290045531094827,-0.9891545179929867,1.2803520208371357,0.6737688343362598,1.5163474657991973,0.11263668182564038,0.04668173416196121,0.11126851916748945,-0.8560848720009113,1.3481375214567366,0.6742483084247656,0.6665425319826307,0.7184902973171294,0.42859247214719365,-0.1512990397697074,0
0.7791306255883522,0.6964651796467692,-0.06015449940512768,0.17782979970543425,-0.9201522314576858,-0.8684736982130625,-0.8727849535276425,1.1026920460743783,-0.8501977458146558,0.09535027433277855,-1.4771644163123816,-0.5102911595630633,0.8048559381800797,-0.5297677059230407,-0.7720245152446694,-0.8324766217233888,-1.5772283709195007,-0.17963037272551532,0.6148027670963014,0.7796961821794943,0
-1.2353339793034797,-0.590570884579915,0.5834335691559652,0.15983535190809744,-1.4152339308664725,0.6923481231694981,-0.1435246694229566,-0.3778694539613512,0.2068825297567905,2.0872721617936274,2.231496335202466,-0.3524789455866479,-1.6797453265189957,1.7301167692088393,0.701796027784308,0.2759858494205397,-0.6183968529606526,0.12872868073964833,-0.5068927122060489,-1.041005218283787,1
-0.2597211710765324,0.3367246777367904,0.3435975351782162,-0.5270661182397741,0.5501284812178794,-1.3481639947181323,-1.4363524570391606,-0.035420140691509526,-1.0867108113847272,-1.361675030463631,-0.8002932816073767,-0.01792796824979873,-0.28568654809226357,-1.0236597461307144,0.61980273030334,1.625330309075195,0.03537141708863912,1.6923130191048756,0.6011808309365267,-0.07459267700807634,0
0.1540318416835874,-0.3555045085400503,0.995693754370362,-0.36249900288206854,0.09030979920643496,1.6099484959373778,-0.8814337052269955,0.03433338856883548,1.1361913746425423,-0.7948936470016904,1.1644117405352703,0.9256767577138694,0.6746949778086199,0.9475119085755672,-0.8539868362043075,-0.61836502004413,-0.08269774501839869,-2.072355181695998,-0.6958050370194295,-1.5030468593574806,1
-0.9710620291077331,-0.7946229725026254,-1.3477092303094034,0.7571768211020226,-0.032481035842094615,1.3100751863130045,-0.32175270399020833,1.9837041354787512,-0.5552730880131715,-0.7234866224198,1.9126881343567956,-1.32484578093274,-0.9846336870179554,0.41709532442324604,0.5393541147194907,0.5711412420380737,-0.11315849445608397,1.2666612531984123,-0.8059647049878262,2.2143299425565965,1
0.8543693203494214,0.2832061511674646,2.344053778832626,0.33196392856655366,1.0617847669583211,-0.730491359869071,0.13376057405422923,-0.5869709860204633,-0.6293742112064558,1.236204978259596,0.8052398579044068,-0.03644732025803771,-0.5725860481265272,0.510098731207273,0.0897430030335411,0.16633886595065583,1.8627596863802822,2.0699477390696788,0.37354899296346494,-0.1795298339759204,0
1.2354317757568007,0.019286885533282047,-0.11607081012048345,-1.6556393601700825,0.6089844464924351,-0.7296703923558974,0.8730660663320997,0.2997948741631638,1.7283293805663333,-0.2617807223427068,0.4189116113727865,-3.033989362145269,1.4744973675705146,0.6463201631358254,0.7334837224118937,-0.9262391125885509,0.09502788527207305,-0.599355705052997,0.24806073959204278,-0.10861665493834241,0
-0.3996964908359908,-0.8033641286497342,-0.7997428881105317,1.3225484628316608,-2.094437526714903,-0.43362008525108187,-1.4872897932074287,-0.6759376648038271,-1.4446412530684143,-1.950900466789381,-0.13118015426484045,-0.4310011058329391,1.4168340821388028,-0.8594381867953109,2.426086223343183,1.623843744269257,-2.9118039447172657,0.09238145899896975,-0.23918851654508724,-0.04674945390270229,0
-0.09830984745437601,-0.23852360248423762,-1.4338058239284144,1.3369690735559603,-0.8140106692915557,0.782549439882346,0.33011379047094364,0.521449399059529,0.3314708963308953,0.18198988262279764,-0.3656770825305199,0.504270748038384,0.3064508629633407,-0.08225369967145317,-0.25457052046144846,-0.4377373224043246,-1.8037504840924963,0.4394860480085117,-0.36939379821060614,0.8800659629573423,1
-0.15932857750935098,0.07253397249358702,-0.3610871633868695,-0.09762069577407609,-0.07618761129101755,-1.3687913618115668,-0.39506690612720935,-0.5465482962364754,-0.1654240521818934,-0.7753790296726064,-0.3287248129662911,-1.4068105446048718,2.2022432733729134,1.2285720820619974,1.2871515794887665,1.3354738978506546,1.7845588888535862,-0.6958096106261655,0.4825864384325529,-0.6829351063151862,0
-0.26281684252611515,-1.9301235925782505,-1.1789961729568956,0.05171788481318731,1.2556775257411008,2.292819442555727,-0.672218872552405,0.474603923034761,0.6626783576861647,1.0325388983011217,-0.563066199795102,1.1221417339195243,-0.0942438435247516,-0.7028328129354411,2.261471207219914,0.18964795487489794,0.04482313193228475,-0.8857356006337547,-1.666487404015767,0.6330665474972272,1
1.5280313593878327,0.94147969188213,-0.059415181272494094,-0.33638694541113623,0.22423474453529177,-1.088778753797359,1.855503314794263,-0.26265952031616774,0.7608466543114778,0.1722543864110375,-0.3464265060068996,-1.611567359102828,0.46248362406685406,0.9603047962814704,-1.134789496439269,-1.1793691216326172,0.8875039674140593,0.6715311717290534,0.8031852838635636,0.9495945713644882,0
-0.3300901917014373,1.9550980238998459,0.683223014788808,3.112910201043841,0.5667717261841796,-3.0058804312860676,-0.11480224875906367,0.7114105794654951,-1.2742321190767951,-0.45341410838385404,-0.6573725539947244,-0.048965030858450255,-0.8480655980305086,0.8080361894020714,-1.5596477515544054,-0.42375968202270325,0.732829081821745,-1.795643172630015,1.9118083855781351,-2.0993562644190256,0
-1.1811935394294981,-0.23243419015899175,-0.30093529297013316,1.7123046874375993,0.720639231357267,-1.0146243331134899,0.6427171526314838,2.5460545359427917,0.8380140545363104,-0.9469827656173482,0.0773637302840967,0.8892634247589758,-1.4511039864667385,-0.5225209294096369,1.653148727779912,-0.40615141657380355,-0.07282243259034207,0.45134754786463266,0.22192893700135516,-2.52345736251247,0
0.8187659708488161,0.33654819446524453,2.6366691419455885,-0.6789803464631321,1.1625736681878402,0.5956447199701553,1.1535028497815438,-2.3960822883304163,0.41478446207924113,-1.980836470922634,0.435546318992364,0.16648527257714707,-1.874892064047533,-0.4805744132024745,-1.4592268676806124,-1.1574157902154336,1.1067745186243287,-0.038323835697372494,-0.035347898801653704,0.04189592115427648,1
-1.151014083619507,1.3416841138879205,-0.5309708978119645,0.4632885301181062,0.34233783448962146,-1.8378708873712044,-0.33513778117145177,0.41486550036191044,-0.20447122098612153,-0.29660745906979835,1.5541604207147741,0.8539759765522237,0.5581395145185063,0.04351466864346608,-1.3109142136558412,-2.529560077694303,0.38632331781156,0.241321934916781,1.2383357119640732,1.9870611116994412,0
0.4794415180860639,-0.011358496408249848,0.4547409121411344,-1.5486182988637467,-0.19646658342809717,0.4789623515248631,-0.5164296438875717,-0.1767741631157821,-0.6497652268482671,-0.24149744587077882,-0.20585943088034037,-0.7465783465402389,-0.28487549336967083,-0.4911537471421047,-0.484644577253578,-0.2561797524953801,0.8745170741325226,-0.061764199860128925,-0.16221179411092015,-0.03361256470371301,0
-1.3409720359812798,-0.4926731100307465,0.2113806546459647,-0.48348390840381605,-1.5444549090835542,0.5870323573930554,1.1828949388779253,0.5660574588320672,1.3160994518504814,0.8609101045414628,0.5201764216002716,-0.011589784318821215,0.14050890428560542,-0.8179372904264822,0.5753475355407579,1.6491913233344617,-1.6820672836977855,-0.5076927701800915,-0.42596135836844506,0.03889451623624384,1
1.5473109830876783,-0.7967190198925398,-0.9340055020627144,-0.5420835550478789,0.06947811622107863,0.8811442729742001,-1.6130168135769691,-1.4473960920589406,0.13367883823762333,-1.2158439828253684,-0.5687057065970534,0.9662787392346717,-0.9396095170978495,1.8129072206587489,1.0033382543586962,-0.23653325209612397,0.17103949263714724,-1.348427512780981,-0.6665179443044749,-0.7691452798066177,1
0.6266136372630708,1.4240516441820026,-2.832325924984141,1.6163000427219165,0.12861745040496653,-2.0305789087947463,0.8139808601977412,0.6373246830230725,0.6234071382799156,-0.22938233185546722,-0.22565638071225164,1.3890243629627617,-0.034550623953963515,-1.3927354721669964,-1.30593923917099,-1.6167133749480143,0.04556388114189831,-0.24861585376667736,1.340512681294255,-2.0173387981224113,0
0.5734474933553989,-1.6316042184678314,-0.6902762332372047,0.03755307666056291,-0.1149509314918426,2.7793418757053003,-0.18354032201646558,-0.10210305889143893,0.7248293734858318,-0.367074646018183,-1.4822314236773086,1.1516655830474756,-0.7880762539036712,0.4006416383398367,1.0118667498926492,0.45635597313269627,1.4916738588018077,-0.8965855406471915,-1.6841495067116063,-1.744532888606054,1
-1.503080301759818,0.6555384623624403,-0.2515388860444957,-0.8082657216409264,1.4223698616985077,-0.7641317873760721,-0.5975101946916416,0.08531814256502405,-0.9980606273144129,1.4015985929464294,1.7388996637975789,0.9788580507817954,0.5225141052657575,-0.8304444065565653,-0.7836851872554924,0.4183982208886837,1.0519476177229186,0.6504500925361392,0.5612208304811854,0.7833905092825955,0
-0.31207193205273287,0.2857939151539083,-0.3059544315315921,0.19540322128332027,1.2744402278489033,0.9758007245747579,-1.236478286592349,-2.245585897565163,-0.6274207344263732,0.29551169159033874,-0.09534109119668262,1.7303218148571686,-0.3532641354381582,1.9186063338762078,-1.7419461033917898,-0.22549342333463607,-0.33781509419140304,-0.5587958188849573,-0.18390012923231874,0.9481429504720496,1
-0.8460396726276345,0.11254984403294375,0.09546204135829657,-0.5208929039037633,0.22693194380024787,0.8266262787930695,-1.0296109710894006,0.046637366565965746,-0.7223474046150294,0.5477389787375606,-1.718930412953847,1.0469545344282092,-0.23457902961918758,-0.8343736122951215,-1.1592151378234585,0.6882597107724135,0.6568987063196474,-0.705537947278461,-0.2172547802390395,-0.18705751647366262,1
0.3160678697299512,-0.3155537517348965,0.38818579565473343,-0.01605403924858619,-1.3528658889640388,1.5737135144740244,-0.9702713259082388,0.08739142892012171,1.2841046951788975,0.33237683351960967,0.1487806348073052,-0.17125630482493448,-1.330226255641338,2.583573660166567,-0.9128022801866507,-1.9899462698211248,0.5838830222840011,-0.3764225545881953,-0.6649858368236777,1.031380525277331,1
-0.5047154618351514,-0.4324387269868019,-0.7447561567843887,-0.9166386933635471,0.5799721710336103,0.4724066441252236,-0.052447699649119134,-0.9896592875112686,0.5596615703243687,0.26960369406324414,0.669868037904822,-0.9439850153478883,-0.21015560419087462,-0.11135440238551125,0.5508509886724762,-0.950175462069795,-0.43351182120353343,2.262568808335318,-0.3598515442974328,-0.8709232698700103,1
-0.9900137139031393,-0.41384386588988836,-2.55254015202075,0.39662793922145717,-2.9937066026606227,-0.7680893211834914,-0.40231002275272265,1.384871093794044,0.046461273154189575,0.03756685870725232,-0.8312878954818901,-0.49094894973186637,1.065963719731826,-0.8331415233289663,1.8324993603777489,0.01783225452975753,-0.8250972999455244,-1.202671507771992,0.055136192381315695,1.2740635835161493,0
1.653617268492285,0.6147490343518384,-0.15129922023252232,-0.7893385057196743,0.5913492417584003,-0.5344617490933036,-1.3957892021924851,-0.4519493719118777,0.996118214911129,-0.7284616216803428,-0.7239903317426091,-0.19539035117702397,-0.21560957856802238,-0.0070449854805546995,-0.9297555466900561,-0.37185788227866556,0.13988723283912738,0.31952467078295543,0.4666688939767124,-0.36550593698526584,0
-0.2702923176244952,0.009463877522637495,0.1903101253970567,0.85093692777578,-1.5748799874627346,0.19632709736921683,0.7645995976355802,1.4166613082979562,-1.5693563427251942,-0.12907998804685242,-0.244317038639649,1.508336098057729,1.6546347484020885,0.536824683955676,-0.23314349573324566,1.9178480016066657,3.0966955137720533,-0.9694324432883201,-0.05979149329756449,-0.06088597690670255,1
-1.4509129285940126,-0.1014107784032701,0.26118454127962865,0.7906723186907282,-0.571902849809924,-0.8482737539697396,0.7917452740087223,0.9845928948957969,-1.2008189998350405,0.043908301877156795,-0.6411116541527696,1.6588696944553298,0.4595754883110654,0.787276293122914,1.1551663119650497,2.017775813175065,-0.8249606865912409,0.5772623672009194,0.2296276860157421,-0.3759282454713564,0
0.4436757268881162,0.0576786589266229,0.2905803478745374,0.46032781838148307,1.589446936104708,0.0037773369438502957,1.081580728364782,-0.30308607711201396,0.19365531663149269,0.08488824152666716,-2.5280045890204903,-0.8341940938737827,-0.9820924068002156,-1.6503545041545293,-0.1449202328057424,0.13035720265710996,0.3385944331158625,0.377618406420093,0.026129503818523754,-0.6794195609428907,1
-1.5151149362494807,0.5455414392268044,0.5379836721509411,1.667797933004515,1.350993905727516,-0.8983006964065531,0.7178462289962667,-1.1229011560768327,-0.49819192070143903,0.33847310531211144,0.883624548970972,-0.16048622032856263,-0.4731074133605223,-0.2377233733471127,-0.3714869425311782,-1.7367268177644393,0.4532740421331758,0.14888660395377015,0.5529613124819098,0.7670626894897021,0
-1.0785127413645972,1.3701810026016832,0.9256722095027217,0.8272361076574231,-0.5101608136502173,-1.8636074668229266,-0.3307748960230527,2.381713531732546,0.3993176017191309,0.06233134961912296,0.14945608966330953,0.7707502096187874,-0.5059661989878553,1.1598399663883443,-1.3529848014549868,-1.0258681059694763,-0.17529452990401284,0.10716991525959621,1.260283092409755,-0.8464343014589786,0
-1.7189099560288814,-0.8763304593289899,-1.1711676678012368,0.48689481116196437,-1.0374416964083255,1.0474848470309324,1.2530637269289127,1.4225951977899767,-0.0010711335374141854,0.7070588584012034,1.853834157502221,-2.756462797090711,-0.1754584350417629,0.11859442305687404,1.0198391116840506,1.8907298485940296,0.1772972131473084,-0.9032036088954514,-0.7587539831748688,-0.9436017159193308,1
-1.139061507616351,0.008290156285902586,-1.0397932245282346,0.17567371249177932,-1.3076425810934404,-1.4214010343988845,1.8486630689665502,0.599089759263809,-0.9807648436625377,1.5061472407749465,0.2736601192125019,1.5668547072137862,-1.381769188567704,-0.9684836469618956,1.50034729559084,0.7700501089175859,-2.4581694305490185,-0.43884999047817147,0.4693307845955051,0.3589175837406595,0
-0.5969935884209324,1.231133387963476,-0.8758148246462933,0.9022713999434526,-0.8055266825105205,0.6800564498056094,0.5327832093226242,0.9943515198154235,-0.16013013959793715,-0.19609321067693788,-0.2151138001704899,1.542276627661302,0.5430322792896524,-0.4998724304108518,-3.7345407748496298,-0.23389780045359396,1.4930031044432035,0.4096853437465497,0.3614598383217668,-0.70128957079155,1
0.8312111031997558,0.655872885730034,1.569628586939493,0.4456779070819239,1.193611755172588,-0.5979562913162249,-0.06744655855518213,0.20748879785218177,0.32717055287779023,0.10254143981752241,-0.34230484344914897,0.902091311588268,-1.6047050097978122,0.42350787402203743,-0.962274342373078,-1.1241218588607733,0.8715559662881419,-1.6872790796411685,0.506970051530043,1.1209365124062458,1
0.07488758437155775,0.11573997022152611,1.5789450927179753,1.3486931986455122,2.0064086377129366,-1.2937932119284823,0.7947585224719341,0.878654850180379,-1.631067625194979,-0.30746090001514215,1.2374645917335385,1.5783426774972855,0.21655473837820582,1.9941237407344399,1.101389535358578,-1.5722305440781297,-1.2465619661594265,0.3899455993834367,0.4785299922471744,-3.0185567705677925,0
-1.320892282506161,1.1943057802303783,1.402009325919122,0.7072313738042767,1.3460997945142577,-0.9950205485392676,-0.3028852437989931,-0.02185674744212368,-0.4697644643371368,1.2888634252063023,-0.19330422644796988,1.471585082569894,-0.1934276285812056,1.4751123643098556,-1.8526148296236231,0.21838898754417418,2.14300705458491,-0.1330031639300636,0.892442989235835,0.6852900847109679,1
1.1671207880032974,1.0211259222544242,-0.26330780687791616,-0.305444702441682,-1.2101609434141578,-0.00016253650167286082,-0.1570248284447078,0.9641558841719786,1.2785751679393744,-0.7487997960200538,1.5914003677628041,0.8767141863861161,1.9529173824895107,-1.7291828895034203,-2.4939113793970513,-0.061097508005868134,-0.023050556085466193,0.4168015744831139,0.48453784600374167,0.3374820747263991,1
-2.100026507651624,1.4177674133816924,1.0237095461069814,1.5634133588321082,1.0450884740847535,-2.050320628835917,0.24930859564172886,-0.35141423571373254,0.885231482988991,-1.3993061748019415,0.14488783309689118,0.02390304328495547,1.532367724678116,-0.8184286659420014,-1.2694706675809466,0.49986412374037137,0.6255080168310357,0.3676492929914216,1.3439949235487314,2.012270445700765,0
-0.9807880084135592,0.14790106684040744,-1.0757366484416113,-0.03992646337336377,-2.1200872151201744,1.7320567871241188,-0.43145564455988483,0.6098800471904189,1.6797473822215292,0.4705098473785568,-0.7360636534685142,-0.31093751635109385,1.3491351051134295,0.794923113875559,-2.214177477137621,1.0581700938241017,0.7399440513793163,0.011862679180784205,-0.4969395191369232,-0.528998414203127,1
-0.2871095048623429,0.3246324470429414,-0.6060838322196587,-1.3496496702201406,0.9435977762729458,1.5115778404585067,-0.48667632288159673,-0.5459619271149279,-0.741498249912725,0.7195994976248915,0.7065054635472527,-0.019122179853707483,0.5921139002849184,1.4201849387819487,-2.409975872086312,-0.7066691040731404,0.43521152828960236,-0.07022362057462567,-0.340897763274979,-0.38281748098675,1
0.6952692270887474,-0.8239420555586214,0.45166247328419384,-2.0771596593008277,0.51486117993516,0.8873852174650597,-0.319512449919035,1.3964657004557333,-0.9991869029616581,-0.6370256098728607,-0.35997617358090106,0.4121143007306019,-1.5390549215704685,0.7972522985400334,1.0631536450023034,1.2283277105444614,0.36417006314241074,-1.217671377606484,-0.6814776385563771,1.140962932365408,1
-1.1286345143792071,-0.07558689637608311,-0.007480796740746615,-1.4844390681934263,0.2956655514819996,2.0670070341319167,0.21668909749767315,-0.30152629576934714,-0.33516697322638483,0.8967973320332352,0.40329960416682403,-1.825657995664608,-0.06084952000292773,1.2782809474594865,-2.0266366775759543,-0.19334094967962276,-0.0709053625273688,0.42232479744987467,-0.7126458377957453,0.7740227740710525,1
1.5994709401137894,1.567254577732641,0.42834205066072495,2.0826603221097977,-0.38445687897709163,-2.3616623632981897,-0.7114621940837048,-0.3787598366030933,0.5332073178993125,-0.6516751221564157,-0.411024936503173,1.0216229840730389,-1.2756826599957316,0.4308624190150374,-1.3015216609911653,-0.12854629325195685,0.7031425422200039,-2.1943824698200243,1.516860797163377,0.13416641599584353,0
1.5461085604314098,-0.7451896609126907,2.259602027742478,0.08015976048755348,0.2563246529688533,0.8364439977971989,0.721161822084155,-0.5056205859191885,-0.06552911548895132,1.383057398581605,1.3635459466396125,0.30193063500302136,-1.9921855663492136,1.038654287319735,0.9252983008434925,-0.28803073943922103,1.4147438193598127,-0.5118684010935176,-0.6274334264854601,-0.4506681775680075,1
-0.5401390394636103,0.27889899122267414,0.11656565681533587,1.5273082241945979,0.900791174028302,-0.3443103378542487,0.7462775936104097,1.1941481480131266,-0.9589140900059879,-1.9483785067321513,0.6940326109679394,-2.1060062013831335,0.2366469126728498,-0.4821242843214694,-0.31286813157096716,-0.890831680130782,-0.3548507313518155,-0.7387152655423863,0.24506139746402775,0.21630541124831631,1
-1.066234931899225,1.1054199976818344,1.0743180127155614,0.19405194360587402,0.9040175547613144,-1.4500960205707163,0.2243396567780826,0.3207857259326839,1.3313390619884031,-0.6382827265284942,-0.29748220087385013,1.3119837385739466,0.2869558543017087,-1.270061088712032,-1.1486789198769511,-0.8319549174944512,2.1247714030169615,-0.8153756283161211,0.9992716819509995,0.22907468820570256,0
-0.3725622805709149,-0.3916102902571878,0.169597676394935,-0.7036563773150829,0.7611923727015086,-1.0741850083446343,-0.5246687805653643,-1.7710568023371822,-0.6590596905145408,0.1704009940620107,-1.5060829104020683,-0.4177551249208164,0.5053933762204632,0.6420450918935612,2.105651260751548,0.050913695535472696,-0.68135160643521,-1.8858646178642093,0.16590750658789458,0.7903490086922889,0
-1.2083035156593327,-0.2713941486465286,-0.34201734580477505,0.563673654270156,-0.370036612568197,-0.32146947796488645,-1.1534825308886436,-0.08187417719083905,1.2762639878735544,-0.056836852206949735,-3.321114555589139,-0.5902219663056348,0.3476735422449994,-0.26867787752495675,1.0067800358230907,-2.1797886613902455,-0.18716554786386091,-1.6795027929134034,-0.023509936056201643,-0.23186850662578992,0
0.13249714349564554,-0.12901688883261872,-1.5646221273358043,-0.6117596395045849,0.8715243860879341,1.7728751802835538,0.14342656685749322,1.5794378916948595,-1.3204934434050315,0.43841269949664524,-1.2511991366336779,-1.5325182768296637,-0.1539976651978317,1.135947845943822,-1.5814763586895344,-0.16195481694132746,-0.38148941482409277,-0.8839988567464406,-0.6416911683902198,0.0923767916399243,1
-0.11040116390158848,-1.6794555143816683,0.7566424651069377,-0.6840460303790417,-1.082158135827995,1.8498240195916442,-0.8588442782989592,0.3091577195174642,0.6520802373549079,-1.9517426090104495,-1.1786911317962547,0.3520386129581204,1.5271323841551305,0.005085396128234085,2.123128660138793,-0.9740601569182217,-0.7100250868151013,0.45507557572037044,-1.4025088490760977,-0.7058040551156496,1
1.29963128530344,-0.08049540509973102,-0.4956487528793405,0.08038503876365498,-1.8920849255849255,0.19412698333767253,0.7168795348194515,-1.1339463359678041,-1.959181608735977,0.5066364549090028,-0.14158441929433813,1.7706418724626733,0.6321516296907728,2.2033098152577577,-0.011065599669994874,0.12592382048545514,-0.3993300229002119,-0.40086533500970234,-0.10175331737470115,-1.124655688332994,1
0.9120236709883057,-0.7705874946981969,-0.889252162470918,0.8782139981549947,0.13161537327274178,0.8593974662590766,0.434376922028368,0.7043386011475956,0.186161955581734,-0.022677525487341064,0.4915865075904735,0.2140143897008368,-0.8543096504143626,-1.741716619866104,0.9627768269601935,-0.2313759574900389,1.9799483682905985,-0.6700905738180335,-0.6469991749136985,-1.031826550728435,1
0.3842020720058965,0.7236711441920533,-0.25628082425157245,1.2809395766667275,-0.4068852445043747,-0.8182224427035356,-0.23591652931212392,-1.4972576451786446,0.249548189598077,0.6688401305462182,-0.5347566708443231,0.29497145570882155,0.7219034854381414,-0.6654222981294605,-0.8922328125534437,-1.2699985973938759,-0.9944285217997922,0.6719446078144975,0.6112575942112127,1.1039335467019071,0
0.004229858994151577,0.15252238685167338,1.798725018351312,1.2718924219386565,1.6562082520572956,0.19000424293775575,-0.7352010347632466,1.0703651602299298,1.638359732270941,0.3379575282321183,-0.2430611988808665,0.0022879361435040493,-0.3882430535215389,-0.1108125602790875,-0.5757977250214588,-0.05592044852221312,0.6188862980231536,0.8913036868697555,0.010154457605838225,-0.8807540896027302,0
-0.8381764823315314,0.11319166397270544,0.7413198169079143,-0.4516410891769469,1.2090101989009971,0.4324230215552316,0.5354587474096335,2.505448905356894,0.5935394322931908,-0.3056324424067956,-1.7798751082081674,1.0641707023410438,-0.2631612720598266,1.8951486121089698,-0.7390693830831785,-1.372409737561307,-0.6003386590064871,1.048203967675276,-0.0878795931081228,-0.9875229624269947,1
0.47543068252662346,1.0294836235315725,0.05119790188108534,-0.5336003064391669,-1.3724655478841008,-1.3540997699217796,-0.501784192811532,0.5002404694365699,0.4243939378610126,-1.7476365098282616,0.32297450361766816,-0.06100397185538355,-0.8767737812118448,1.2208212988130478,-1.0659009365948706,1.7120402840178925,-0.7955570679408823,0.43477006455689116,0.9318115711750486,0.04522270899998256,0
0.4936548476431509,0.8367725969228628,-0.31030770538490365,0.8282296901846228,-0.7097889922335351,-0.9078600962478692,-0.6143231440962944,1.6087808557343735,-1.1071568168024517,-1.433151814524712,0.9788895585567792,-1.3717431292635056,-0.4629395120252583,1.090861670603698,-1.0725883038097368,-0.14994071907910936,1.2960630617813962,-0.524662407066803,0.6942691505268851,-0.9680457585102453,0
0.7691357793100331,-0.5883420829081938,0.13885603243088018,-0.2650649968885794,0.7980910486615617,2.164633600240614,0.8314988669316621,-0.6411649293968504,0.8406067127833832,-0.8509750806815649,-1.4241676001875991,1.9116060670633217,2.6983288359370876,-0.9026543599878197,-0.8786791686740647,0.24207067028796736,-0.1877270235798839,0.8639235499624459,-0.9878933259832419,-0.7215690823400293,1
0.17001021898020968,0.12953470960308416,-0.9220530471774268,-0.2671915656552882,0.9559380601783107,-0.6845494759333757,1.585679173100759,0.2879196212460003,1.675129939690226,-0.7892465948861971,1.9435840873775632,0.05545333515769916,-1.0418869324773683,-0.2870822031150092,0.4159352556993925,0.08401019092435126,0.2876820436757222,0.4419089221642027,0.28559549076020263,-0.8030845807190595,0
0.05517063787146392,0.7658315054672651,-0.2658283656469923,1.0304387856367914,-0.0178621548877335,-0.9875623056567523,1.0772936730156928,0.2725179902295931,1.1966271208272423,0.21411098228613354,-0.3346038545302957,0.5656329018867201,0.3070030600053617,1.2914688890653634,-0.814051355223798,0.291732725378309,-0.0006084823222894505,0.4891305566492876,0.686706581708005,-0.8361948507041709,0
-0.7491717266032418,0.04446722424793494,-1.5028706086823893,-0.6116337366945591,-0.6615414425152919,0.5217187416461426,-0.7459421264756013,-0.856348518281204,0.21049629892150362,-0.11000549870105147,0.7534194635024307,-0.6145387836910949,0.013043374376952133,1.1186323341542117,-0.6667383067762641,-0.1792510253569118,1.315508290940104,1.2920603343265227,-0.14972402227945408,-1.2395622860802396,0
-1.9793296949964019,-0.005486181355212979,-0.10119762731753187,-1.1427906949964008,0.3408645992482214,-0.5200528759294801,1.9008318150657448,0.03990669451976115,0.5634099508221323,0.09390648166044979,-0.35990553718324825,-0.24770719843449732,-1.7849439691918576,-0.7668695251179117,0.5697455537949618,-0.9229768983740939,-0.13721170304420047,0.300175049284521,0.16767357412752415,0.7183315431942462,0
-0.07159925185806683,0.332900549584943,-1.100154232971695,0.6687416555925126,0.7789365035121141,-0.00031944931038785374,0.4395012306202264,-0.005596018829046555,-0.3570292008066094,0.849102110743144,0.4577728661518858,1.6744924333475373,-0.387099702474401,-1.0917008761393143,-0.812763022688533,0.6955377575657775,-1.5178737466808094,-0.29396694766418224,0.15805298806952284,-0.5583017539460305,0
-0.23372405785172545,-1.3068637001762646,0.9623451692665695,-0.52738906163962,1.0736219439075716,3.909761909687836,0.9458881565546393,0.7690316554422755,0.7769316923548287,-1.7776809623702012,-0.6308455507908564,-0.29786680495686124,0.39876376442481426,-0.005106632027225022,-0.9906155433694105,0.7851850823103762,0.707457710864381,0.7147456498889451,-1.9001966885004642,0.5880766751678318,1
0.9613603598188132,-0.32022739129518457,0.5170003025139351,-0.31213136754128723,0.5208656925615726,0.4375500188313757,0.3608606095656809,0.06134366424086365,-1.7562302344795768,-0.015547153643574597,-0.44271706953217543,0.23855807063954726,1.0553655467507066,0.2454097417713399,0.3140655814790091,-0.02220022343532477,1.5839364409634833,1.0681610348759842,-0.29519880690705164,-0.5186250012643829,1
-0.7708188027286894,0.3951391866744046,2.387967705524732,-0.4973543714140932,-0.27293332022551287,-0.31684600955358344,0.18007103769598148,0.8671874128277388,-0.8954279609250417,0.4527563520766945,-0.8356890050200362,1.0972201916064384,-1.5085559682128564,0.5764513451224227,-0.6261640958493697,0.18497057507315626,-1.2783526288023244,1.7073298095592229,0.29122044499364846,-0.3652808582038849,1
-0.48754455640659267,-0.36078328377527086,-0.1471553052168605,-0.8130228521688223,-1.5050718742538034,0.4086734407686625,0.030948088267830184,0.5569478823405032,0.4394858279957648,0.4348929626773385,1.0168308890128515,0.6273281202738094,0.2235994544459053,-0.7736398449381301,0.44401453914450617,-0.6944984102480511,1.7967534654264914,-2.160912602766722,-0.3049861883016162,1.1629025725441393,1
0.9468614616461799,-1.7318886810152454,0.9133910908021826,1.3122079936015318,0.2405807577265921,1.9514459890125877,0.21229961766047659,1.2371509754787164,-0.8463469915126599,-0.03265590374030994,-0.3039226476153726,-0.9096520258330384,-0.15378516514619175,-0.8841091410299213,2.142482080895392,-0.14342321645892908,-0.7472173084867436,0.06429487858758168,-1.4606595818098602,1.351088946337002,1
-0.18204043108565582,0.4236203774850247,0.13349941906137147,-0.17022379197117923,-1.265636445089811,-1.0793025221999302,-2.9733061712925575,0.2893389056429845,0.4931956884898786,0.47474210483989104,-0.7480909828486626,0.2916589331890461,-1.0262423753029,0.6352455366039567,0.1199368237520968,0.6102350056939962,1.8307438248312617,0.3775547328379105,0.5543784102466803,0.34961533102838527,0
0.5079326699620159,-0.4900369292920258,-0.6860615265436788,-2.783716223798099,-0.07051955272741914,0.5799513149819961,-0.3521804481195873,-0.4786921889391912,-0.7794562012522323,-0.5854450209199682,-1.5648544249554606,0.7656431064826952,-0.7415712588935076,-0.023870968309452716,0.5764839071059978,1.6888221923026767,-0.6604473680075832,-1.097643363578611,-0.42239210653151893,0.1518475496415706,1
-0.552750787066322,0.43992595602855433,0.11751761915809661,2.1069401822631857,0.8381772195994377,-1.556594168854173,-0.3542186159166406,0.4857471474554596,0.6533683837958855,-0.5248594603244346,-0.15723639202855216,-0.05892635452305161,-0.08860610634860941,0.8884469303585544,0.5907109268195758,0.003197990615288397,-0.7721489637119425,-0.9499957035196952,0.7183903779798003,-0.7804046059286275,0
-1.3115491378986817,-0.06812161633190625,-0.07878840008029991,0.19495509241218734,0.7410169513364492,0.665287214076107,-0.6368452142703895,0.15763455844094396,-0.851180482447485,1.399417926653883,-0.28815026242251623,0.15047449877390098,0.5106006904103135,-0.024129110454973405,-0.5453293345176395,-0.7956551338258075,0.18807335699177305,-0.2365373833685352,-0.2501504800226131,-0.766352609265016,1
-0.31607285602704976,1.9244098442081563,-0.10322175293249623,0.9262154022415924,-0.5827586576115821,-2.967792769263669,0.26536234939962844,1.42274813609994,1.2038844371688162,0.1973157074055956,-2.438817158276429,-0.13427916218630415,1.2361307218062179,0.9653974845911707,-1.525437990833796,0.08865759096143744,0.6157711497711416,-0.6176518954343502,1.8847773111460304,0.3904648499288896,0
0.9189148546583293,1.1681429984036924,-0.22153659758373817,-0.9845340504819681,1.8205439079418155,-1.5472250167552453,-1.176962112769968,0.2094700836477726,-1.079842447781487,1.193112945851028,-0.5663945912147232,0.8316167861804036,0.784002779310748,-0.0059547092127293835,-1.1979716340773738,-0.18826133508630655,-0.45965677227299695,1.0215153927818639,1.0608334451214474,-0.7493576894227776,0
2.1772934475490655,0.6812723950892904,-0.49736953314026283,0.07388693612455402,0.3090544381042879,-1.2260543634288452,0.7145497614635058,-0.49687612734152825,0.906870534610285,-0.8323894449694428,0.13394188295201317,-0.6116931217017983,0.30124248009139015,2.4398744669855015,-0.35238132945951883,-0.611188502250286,-0.39925664594596205,-0.4917666126562028,0.7246740204620941,0.574386351133876,0
-0.012298449308057612,-0.4718009910981303,0.17852916972047786,1.8338965460243755,-1.4811457246217157,0.8384065535864281,-1.9645360381029247,1.992036635959309,-0.4357644969706192,-0.5974788580244034,-0.0023689161328080566,-0.5436068960930526,0.5571376184034819,-0.8679224627511536,0.2554509229309263,0.7492825568794513,-0.17284567481411092,-1.4955415364982039,-0.4983636939700439,-1.4239581121976068,1
-0.7424867777695996,0.7116898314608746,0.6628410930216325,-0.0412596526500604,0.6418941228586382,1.4508012573641187,0.8931883472072516,-0.004072837121435025,-3.601085104459518,-0.2899813544366399,-1.0296962396330605,-0.48401712362208477,-2.0149012325066082,0.7497454754383477,-3.290339942633199,0.3343270545535034,-0.2145376645179636,-0.8385006163839522,-0.13735448589991173,-0.6729053320094016,1
1.0546206284873183,0.38045067817575845,-0.4592203979892406,-0.6531373899299409,-1.5341246934488515,-1.6112729307693643,-0.17613419771077837,0.52252076644239,1.1685803642733814,-0.35385896282010376,-1.6880343251976782,-0.6007479306385678,-0.8146856532376702,-1.0188051975907135,0.7944730413196981,-0.4553424231453126,1.024774112281728,2.1655214522065567,0.7080746751381233,-0.8065096290255822,1
-0.07478129665130821,-1.6779286524714585,-0.5648714942069116,-1.4703801346757173,0.8452803046068483,1.9440445272296278,-0.6180320739060579,-1.967094562906154,0.14599591431263995,0.5364877271213292,-0.8859625679998893,-1.7557678577580538,0.01620659948405166,1.3615382028481113,2.018603478766064,0.5012490868072027,1.0445264298181407,0.05618391839232033,-1.4326342434452586,-1.0308251267194486,1
0.35116546762708406,1.4709737567876309,0.3831681897589003,1.071080500402805,-1.6922708316433286,-2.2718466930848393,0.4990958161377494,0.8280588148933092,-0.27131497806829746,-0.18667896231344497,-0.17038576538819597,-0.8128235903365649,-0.02203486400427045,-2.0744863510163114,-1.1624407588324221,1.1218615047942522,0.34166023195262635,0.7290636450023644,1.4417716914443959,1.6238849928111523,0
0.15946250680412918,0.4113166663723293,-0.4124138182164804,0.21209335307417523,-0.24066517453021302,-0.34096125395757415,0.25719897035592737,-0.1643352058853912,0.5136144642310962,-1.60027110450371,0.007880184694728152,-0.3256110521485036,-1.0158788269899783,-0.9933586995819507,-0.6398791883836124,-1.388542553831211,-0.8927875154918841,-1.2172826922204794,0.30679188373781535,0.5861658003927833,0
-1.4951975873031556,-0.24433479277012934,-0.2665473042807473,1.1586670233413017,-0.7581638194999282,-0.5734104141533061,-0.6507936550684602,-0.3162965363648446,-0.007708651482244078,0.6055439825855826,-0.22878434391938154,0.16769153485956126,-1.5908458568586958,0.5080877144207865,1.2102110071114698,0.5237277654138535,0.00806675941113609,-0.43473496812419127,0.07181958741552327,-0.32368275404118774,0
1.2106745525421971,0.42574227219931216,0.40813591277835637,1.3954340821991853,-0.47364545765119104,0.4586109877485255,-1.3756340887863618,2.369287300811497,0.41195299906180954,-1.7378046158464995,2.9430483352686214,0.7244910603817276,0.3014070697811174,0.24180207155574857,-1.5304852488921092,-0.03658003987684579,-0.5996399948212037,0.01804725246822428,0.051839036527611466,1.1782528475480023,1
2.0750650393485417,1.6019076497932452,1.0578141808207961,0.3440539215634665,-0.9355962987624259,-2.349358730004683,-0.589112132781127,-0.4174303819894322,1.144293068559939,1.0743330047702437,-0.17791787580439816,-0.912810919296513,-0.8978300664256293,0.3483417392461269,-1.3993235499437282,-0.4877053729487446,1.1801281737415277,0.4964001177339411,1.5292738597105326,-1.1869933883057446,0
0.18111228888942987,0.4184879640868349,0.5068113976630492,0.02567231520761203,0.8869526074731716,-0.5010681281129752,0.5452584830261195,-0.34969874535875045,0.00016050740708493661,-1.5172538605721053,0.21112477684466674,-0.4182489152798312,-0.14717164784843637,0.24959247607438337,-0.4861147790066451,0.01920342096554723,1.0018704135410883,0.6673552844546782,0.3626168380973386,-0.04244852901175601,1
0.6159670060468382,0.3066858918790947,0.5991033318635947,-0.663436157219488,0.8091127907313788,0.16968144556349296,-1.2077593925433523,0.5306831230100478,-0.9104867035315213,-2.380739105523497,-0.8497209214776963,-0.48298392607284074,-0.31469082878809246,0.03757485933586561,-0.9305987929121097,0.1293680067038185,1.0371814056490503,-1.829681815208083,0.089953182044562,-0.1683004231716427,1
0.7662429750405095,1.4527689580198204,0.7638603516334226,-0.87847380134206,-0.5509818035382495,-2.1494709706326964,-0.05310680169691065,0.5008315910042116,1.945195074276933,-0.3033500674771342,0.1680153405325285,0.9452115346114836,-0.6375875420759639,0.7424589135926203,-1.248891718662567,0.21668311896428621,-1.040193719815898,-0.2188662517356257,1.3930657637164445,-1.387868550455802,0
-1.8255121089847097,0.4799760051214858,1.085671909183638,1.1847438987066807,-0.5218655165517466,-0.5252467379264283,-0.14753818810015182,1.4642012725235871,-0.6958299463922752,-0.24581912671105752,-0.9346089125902313,1.1961502215261264,0.2898300418707116,0.49243733915416665,-0.6104324731321822,-1.2159378179759015,1.0570434191653657,-0.6838602033464366,0.3997071272451071,-0.935082836427547,1
1.4861513251433442,-0.236775478043636,-0.2314180612049924,0.30315382837627336,0.558558153281572,0.3834070857675771,0.24552817205616823,0.8240865805442636,-0.22339841634209087,-1.298741686610492,0.5906880448441909,-1.4089842999517348,-0.7496669509459138,-0.6352613845586089,0.16815688158741204,-0.3340530820568455,0.45170020097593927,1.7222673909870256,-0.2378765454282315,1.4588191358564693,1
0.4158027257204452,-1.0344614322853818,-0.104009227724695,-1.7394252442322782,-0.25111783464244086,2.3418848371002996,-1.7582088766554351,1.4341770365203266,0.22992434541793752,0.7401256641052443,-0.972162217943325,0.07957954655656065,-0.552692953783497,-0.8002227353999037,0.021339862667873577,-0.38163109541321133,-0.6257730437317763,-0.1735444175613875,-1.2575955336307494,0.8268386307091143,1
-0.1350446018627742,-0.2835147076421023,0.6015800454021792,0.8713536757310174,0.25158791799884483,0.43356823535641886,-0.8856523977532653,0.4425624290228071,0.6437340011921098,-0.7961315055429548,1.0511217477579984,-0.8291589224854,-0.142285692445148,-1.071019562531488,0.2286550428824241,0.30096837664241116,0.801639716903692,-0.8791531990935461,-0.27647634106193253,0.9051191831693894,1
1.3554428011054958,1.918755780178417,1.1727568452674448,0.6464895377257707,1.9412174364637491,-2.988099355961655,0.6654168236917787,0.2314459225255723,0.13429649724779288,0.7211353625455816,-0.8783230771797389,-0.3780078990182172,-0.8729610904537004,-0.21566763754763232,-1.4899043056225565,0.8814075289235711,1.1701987091966037,-0.9162741005637249,1.8887434926361697,-0.9046143749937661,0
0.43568311192450304,-3.0806545443443465,0.9456890374971552,-0.9906975095362324,0.06875005676357226,3.379047234342914,-1.0280386590928636,0.38213127589080353,0.31982306261406573,0.8228420732163579,-1.8225343436866017,-1.0879334586290748,0.4930864020479377,-0.5445729318237916,3.9095943598416,-0.5791861411469302,1.2409655987385322,0.21566278748606432,-2.5680241589072788,-0.3518737962865159,1
0.8461184692959337,0.4907488126778674,1.3342291941726905,0.23513529936618852,1.1381503309676184,0.8688903515101538,-0.6973642279161708,-1.4587583925306935,-0.4895706470306716,-0.5209685512310958,-0.5289163791046552,0.7775960617922721,-0.2671374859417547,-1.98468794144591,-2.128174176549063,0.4403539938779136,-0.10346278984692345,-1.0504376287559674,-0.05165221571051454,0.3590550934803667,1
-0.817581586777691,0.2304528000025424,0.31314302313353215,0.7956870201223867,0.05563012376578855,-1.4963622975156636,-0.8906960852622773,0.9087634781243586,-0.7202785765879318,-1.3550860657750061,1.8167932366623727,1.347678085512624,1.15875483450987,0.6994500906065418,1.0379108198670608,-0.45662878572190524,-1.0550207553771844,0.06900350073706138,0.5992822766986119,1.366746736694397,0
0.636180488684036,-0.5397405905666577,0.4918781505788882,0.24290254071125145,-0.0790650194873722,0.7256317857661266,1.1230803993406389,0.055479918765380484,-1.3007350703873357,0.15086762851156252,-0.45731290655670426,0.15567538768838682,-1.0691042911659632,-2.5282451003137143,0.5420373530562769,-0.8452301054368538,0.2575817492104368,0.18587788362226634,-0.49367350070540267,-1.31172043291069,1
1.4846418618765076,-0.2716179700077867,0.2270288603889453,0.2687757891486415,1.27427225873437,1.7226187395683001,-0.5918760663430924,-0.9249258157192739,1.5894412835616984,-1.601181198811573,-0.1135881136210503,-0.3825838427224335,0.3884246136775064,0.1871071001250919,-1.179411615177517,-1.0272518875051289,-1.0263536223898961,0.6255913025065598,-0.6928948029975532,-0.3449831619570674,1
0.31965182591897723,1.4333681467551342,0.3636318826249679,0.40429475496169764,-0.42076179368105326,-1.9188099778361307,0.8868873900973003,0.4367385517335095,-0.08152267310164589,1.192507512477975,-2.6042138566271342,0.19894814679649453,-1.0710536796490489,1.235782191822154,-1.4482635742954604,0.6802161054504494,-0.5041798310076715,-1.7785875840065168,1.308337435998936,-1.252393444413119,0
0.5915710184530977,0.30834648125251046,0.28456679047452627,-0.6849961501263927,-0.25083367181123084,-1.8373382189576453,-0.561050852022268,-0.6892766231523877,-0.20716168909404023,-1.124200096946978,1.645354952270745,-0.235164878251097,-0.5944977224267224,-0.5491264809895774,1.2124281290907604,-1.279647848349243,-0.3812372872728735,-0.82932037436137,0.7478826940378136,1.435856464085898,0
0.24941768768504166,-0.639756380241615,1.399486426972343,0.6596499980823705,-0.27751361886023346,1.6135754809776244,-0.6286543050745702,-0.03658997434293117,0.1247520996639345,-0.021244779276242128,-1.0363092473737703,-0.20346114108030489,-0.7480960646216471,1.0901834710204468,-0.16358586148092058,-1.9673250642259945,-0.326673247509044,0.2935375299686405,-0.8318590738172724,0.9760407193559466,0
1.1084446017228928,0.35060513851851166,0.9765065890631646,1.1206857064225952,-0.20493247424160788,-1.1194194037687266,-2.072135116096487,0.3852126522593542,0.39488149000257766,0.0018035063564141765,-0.5632097340426203,-0.7019572982951219,0.20548642756002017,-0.1332787152291555,0.34119199142976475,0.11430875305924776,0.295195368158836,-1.0893426377121063,0.5328706468083132,0.15734656767307767,1
-0.8852486861242225,1.035993683752347,0.47154238041820573,-0.32669621318636405,-1.2284438312657626,-1.5563386442675387,-1.8311448783383502,-0.15032046027187207,1.3032780373160637,-0.5505519317084877,-2.0755880090785332,-0.08606969279089306,-1.17223375343664,-1.0425776946705763,-0.8654492119606938,0.46436986354657417,0.18106274277108234,0.31635832153614474,1.0011177216912066,-1.7710685530880912,0
1.4363354057059785,0.6492670784763472,-0.7331561971099966,1.0581183250871502,-1.8579014513982872,-0.6986130172434446,0.22899639245934025,0.6386601686431024,0.04600274725327412,-0.712220763649051,0.6032475005713938,0.29815846599052565,0.1480894197982762,0.3676198402097109,-0.8384585300999574,-0.8810683366612923,-0.23811043631205406,1.186734620177331,0.5367930404174689,0.44130715169924584,0
-0.8935150925192802,0.04998927797100316,1.06014381867127,-0.9013756798971745,-0.3879649689074522,0.4026609929231304,-0.8937460190837143,1.6713475754374763,-1.8734413039546167,0.4060561224280809,-0.1761335035509783,-2.899513879868482,-0.08670113614820872,0.505735432472799,-0.5528594501474853,1.25761905635936,0.7978507013821389,-0.23492427152097461,-0.10812194128339403,-0.15196738231603887,0
0.841632255765075,-0.18696373227368793,1.5206400960170445,0.24854510511898723,1.5301856237965608,-0.698109670544743,-0.3146014474420489,0.4021978249123513,0.6099513873319773,-0.5112594578695273,-0.6421271738316033,-2.0265777765994355,-0.6422324784439893,0.034393795307583075,1.2034846262203467,-0.034572225485819015,0.18421722953009348,-0.30234956633175064,0.13986916183416168,-0.7706179501253388,0
-0.8410484303982945,0.42742828614809353,-1.2424196738324118,0.6062371934962887,-0.5966236939834492,-1.6689195927541498,-0.4773448584438344,2.220321858004882,-1.487154235709771,0.09004158386695832,-2.3775698299271024,0.7002219112822892,-0.05474639567621555,-0.20292395653422776,0.7414005456969794,-0.42098586801317606,1.6828883889478314,-0.037008094073233626,0.7492384906440153,-0.7318592098580639,0
0.561472629826133,0.255922072275775,-0.6160712153363237,-1.970308581351401,-0.7704247991378789,0.36728586528980156,1.6170449245216825,0.2521948542342867,-0.13774106038792705,-1.1251978277377233,1.1433615302058282,0.18485865406036467,-0.22056594026731396,-2.2029133532057186,-1.0180034741502466,0.24690606341661173,0.5628544804571306,-1.0886934104763422,0.001167760482618106,0.5092953236420079,1
-1.5184156988286825,0.27302493389101046,1.2721985542500975,-0.5545932404325518,-0.7064755007657966,-1.4127101943533424,0.5881572644358652,-0.1825848784124418,0.7489361138059267,-1.9232162862097522,0.032264810771252796,-0.8938332206390901,2.116012056830995,1.1747618002330382,0.8444390950958514,-1.431188333235752,0.04621160367091715,-0.2451724218513857,0.5920915953283311,-0.4214829971663628,0
0.2808911266011715,-0.8165651927901464,-0.33908829452682704,-0.06420379495271358,0.20207450616131267,-1.4036870390425629,0.09600926799704997,-0.9907369187412842,-0.5953056976939823,-0.27831025587657626,-0.004201915391156093,1.705362356513084,0.3720814786673863,-1.5736290221169846,3.4960943291669007,-1.115246536376814,-0.5527909175451801,-0.3720643253313259,0.07216898274438706,-0.4597413950630392,0
-1.4055630538562867,1.84100159109514,0.36064789143579495,0.5925672738473307,-0.031203488939083975,-2.847456832842845,-0.863493604964934,-1.3668583632808264,0.1986800095474069,0.6333268260712385,0.018016872044446585,0.47263034584340563,-0.6298845523638104,-2.704391631602775,-1.4504483229659255,-0.48827384245154465,-0.9849931258170151,0.02263085267686914,1.805802744421194,1.643378155804534,0
0.2750022982918108,1.0113361893575814,1.5761725277413785,1.5907957421712526,-0.5076941283897106,-2.297937026775677,-1.8582914882251074,0.27168358450003066,1.295207072669644,-0.4352481970051683,-2.1268334877992654,0.03162197391024777,1.0440251294423797,0.12063476089345412,-0.01187157387991411,0.583837081539059,-1.4921020171453638,-1.4089607467920393,1.2322340399921714,0.4123559690859481,1
-0.6867323955673516,0.8825351899472862,-1.1742022957201466,-1.3993421658487708,1.6478776057836733,-1.0399737326898806,-0.3559349170869707,2.3059465859677397,0.7985666731105902,0.8596307868548461,0.06832212993981754,0.12631251458699935,1.6639862798080995,0.7964303666421104,-1.043029366264278,-0.3248579264985461,0.3849664160476343,-0.9820194972109048,0.7592385858814826,0.780201721186075,1
-1.9689231424160831,0.384808063000368,0.16805980596682024,-1.4741321320421057,-0.18150316213566714,-0.14495715285406519,-0.9951484818533795,1.4288577078135674,2.042076040143744,-0.4482246163001494,-2.1770650464428547,0.17847666388538974,0.32910677871012955,-0.5859276733177553,-0.784814884032637,1.2528426344274837,0.10343812930810638,-0.6922503292658964,0.23003860003209245,0.3216785413765001,1
1.2389463529394373,1.0097963539998063,-0.19382613877280352,0.2773769379581917,-2.0038623644067535,-1.3235679533164233,-0.26451484131061076,0.05993263026632825,-0.49163618563204736,0.18384954475369486,0.6354180302092264,-1.2392583948534726,-1.308820399119112,1.360658595838651,-1.0504775967041216,-3.0195121558208253,0.20965941527462578,1.8005111815108537,0.9124739488878475,0.8294748419317485,0
-0.1840868670159194,0.21031463433185582,0.0780074184788575,0.14237791251046628,-0.3451040968191901,0.3550689615187421,-1.3077765651476607,1.388664520102482,1.6656032136865273,0.5740419308840301,0.044062567406599355,-1.8357687561770901,1.3655264625262657,0.3813528345802849,-0.8935384874531752,-0.6301428301423468,-0.7721923878043793,-0.10986412310193568,-0.01647112074179759,1.2827949688389804,1
-0.06251376817721002,-1.3038058825232772,0.029174426768095948,-0.12407722610303959,0.01159385932537144,1.4847158680393895,0.26978392939993606,-1.3348268175884932,0.6530079383099038,-0.0724290696422832,-1.0259433396994282,0.02464737821054295,0.8228592227833518,1.6361051105963191,1.596197715599466,-0.9231191842365297,1.041107816524563,-0.8343763117547379,-1.104733372960497,0.7954327068074329,1
-0.8838688951407293,-0.5222806796593014,0.8598335614674577,1.1971680272478535,1.086380711205838,0.9642292694174067,0.5682733771527843,-0.49913895147036563,-0.6804940477640476,1.783922595201769,0.3333698512608781,-2.4928104993953535,-0.22347250523693915,-0.807591340098296,0.24414336586013619,-1.0448363139030712,0.147298000389084,1.6814924574180155,-0.5635114247146517,1.7445838700752485,1
0.17146931759039094,0.28576294633428845,0.3929135105482163,-0.3939866812431204,-0.5691481986725339,0.04839345565829056,1.5904035685736386,0.43494103836789866,-1.217403793496952,0.5187930174517212,-0.7971135662249808,0.04092474872892285,0.30638948207341404,0.5377681903684838,-0.7497425267320788,-0.9983067752910549,1.1526481032616924,0.8635282425215212,0.11973836619309715,1.9913704184169045,0
1.6776254421561345,-0.2902133450771891,-1.0509411661889605,1.1864155905176088,-0.22572263161213502,-0.7802384651889086,-0.34034048288290325,0.9156538042583441,-0.9896509661643634,2.6323862046774984,0.45564691008859476,-0.7932211972070344,-0.4908728948935657,-0.9888723476355838,1.5435305982680538,-0.5319315082920923,-1.2666319951066096,-0.4299001052078867,0.11777196974676442,0.7735476151070181,0
0.973101561015072,0.9959747342010041,-0.5237313027714218,-0.9665878909853152,-1.0797363212758484,-1.4136062056917957,-1.3585740152574743,-0.5984375805810469,0.20323595458603103,-1.5118834195632136,-2.0217986399619474,-0.10128071870153288,0.3639706308527381,-0.0681234251679531,-0.9203967684011801,2.0931979322099448,-0.7790927393767005,1.159381043300522,0.9353965969174344,-0.13213658890154725,0
0.5396547743450705,-0.07676018562086036,-0.16877193943790955,-0.4222006848047443,-1.5690990246932246,-1.4002291712794892,1.2937531558659603,-0.9081539486076704,-0.08288698387486536,0.37822628543151016,-0.5300895860048698,0.09689787603431459,-0.23390798544489444,-0.21795090624353872,1.6854321454824075,1.8551185730353463,0.6126263773371126,0.4795105629413033,0.4220455718249836,2.6253055802689116,0
1.2221941801067953,0.2926675411721114,-1.1414157922272192,0.5511266040869559,-1.248302801869318,-0.2795081050739696,0.5002383506982397,-0.21450256682421923,-1.335691521693076,1.7440102340757326,0.09417646917364228,0.7403334225564788,-1.663689978196383,-0.9597323348329341,-0.41582218012016336,0.5570296224878031,0.04342340881641101,-0.9960449401698921,0.23037638822860693,1.3114808189602951,1
-1.5309276325126464,-1.2097538975715285,-1.324861303850239,0.28729657274908715,-0.7256174565632872,1.3925216537085734,-0.17436283641253425,0.48114589076518677,1.0452075820322506,1.0678566772943998,0.35747018584872403,0.33412624733823465,-0.2610034893516796,-0.6068253417863988,1.4651052478316782,0.9203961612544849,-0.7268893832047121,-1.1467830986265493,-1.0299229766718383,0.36752904756141197,1
0.5903622081149456,-0.7761329573853993,0.201066990031392,1.89557477322856,-0.5895171324965108,0.8972031342881256,-0.9653961591817005,0.17289168478769248,-0.9319911252835396,0.9465485277167823,-0.7654812204420857,-0.043545672078880604,-0.034812314757952455,-1.916300765997707,0.9358775393824063,-0.31556769253452216,0.34508618601508256,0.3548181181783934,-0.6620086747936207,1.376522659738668,1
1.1055931452894843,-0.3148495370079157,-0.254154530874387,0.8573221919061772,-2.5701475485803527,0.48852981613995416,-1.1554960421287641,1.5976749967049828,-0.9971435467856863,0.9668834167557434,1.0270044117876564,-0.0037485338018516225,-0.08318066010440868,-0.35420976166544893,0.24639274266123934,0.5661773907701725,-0.2966687366744715,0.3226706307420114,-0.30933911146285176,-0.9474228950184589,1
1.7624731648696121,0.4134754199215976,-0.957927839495268,0.5069763458281417,-0.2867216948200629,-0.43555511670197755,-0.9906540774992385,1.182900489387524,-0.4691307161274624,1.3071354231507137,1.9519290895174237,0.0779372965582097,-2.799964302593586,1.1138623979822204,-0.5439566590124767,-0.30445802114822945,1.4838901537677616,-0.5717358227493337,0.3387882041652033,-1.104145456663919,0
-0.6518885825313808,0.09396438008918104,-0.9367952349593828,2.059845001737402,1.179942130038464,0.4699633783207091,-1.372079187269614,0.8007019475455768,-2.1045827987653323,1.2434691283459636,0.731898069234381,1.25451870238119,-0.15647737612315848,0.5587238369444854,-0.7322671943216712,0.34292637732134257,-0.3089600145979074,-0.779375325260117,-0.10929371761578101,1.2058184207160432,1
-0.04831967873434432,-0.19795866650492489,-1.1933788124438198,-0.5299929317034754,-0.11036475929185985,-1.2161917432808638,0.31992786184477334,0.5491266755583651,2.184230601754902,-0.30814762945313745,-0.19559323684922542,1.40904596641209,-0.5025865139056851,-0.42447591759177994,1.784576890048764,0.8747396215802571,-1.537026001127929,-1.7931535024541505,0.3042837629033198,-0.7920035740952445,0
-0.9575689550152119,1.003084884511347,1.0538915522958832,-1.5947559581633324,0.28580328679473294,-1.3175631030344777,-1.194522939766035,-0.03392522592790888,-0.4586386361010845,0.0013256887344072295,-0.8451539584261589,0.5533889830744267,-0.5779207768327106,0.42069963101847885,-1.0405088385936176,0.8811467208133691,-0.5893322314273619,0.39542098538803816,0.9073234992385425,-1.3944950688592617,0
1.7963608229269636,1.4786907723586666,-0.5892716517893062,0.5740712208940013,0.8347513263248821,-2.15733664368659,-1.0921636327180897,1.5898389781806839,-0.24268127681203333,-0.14896930976729691,0.9137716213855857,-1.5457297866907331,-1.342127748485115,1.3995946451457935,-1.3037907821198227,-1.365824155415439,0.7060789138151315,0.5027844268951942,1.407940050194611,-0.002403840918853844,0
-1.212740614874805,0.22656392018344995,0.9940027883688467,-0.10002785894133592,-0.186148218965649,-0.9931394951474335,-0.042267998434793036,-0.6519521540233857,0.04226306496497919,-1.7695102363524722,-1.2486634247626274,0.7854825898295763,0.5087633310493045,1.4801830768818647,0.5090683054359031,-1.6282540477151743,0.6485467476329978,-0.06431045011924605,0.43267112974179994,-0.3484661913619803,0
-1.1536922813398585,0.6863324199543324,-0.3365525898781734,1.0363028920724797,-0.10726476581094174,-0.7594328147634103,-0.01987363536831157,-0.7625192391465982,0.1994239859867671,-0.40179502694163366,1.220282896417717,-1.0766791274710135,0.9005330773315916,-0.5955349351838592,-0.8639258804342309,1.6994359830087096,0.7547332980678092,0.6813623265753054,0.5742928232632936,0.15449366559525113,0
-0.27110969264679446,0.21218372478842326,0.6689644817181823,-0.5137997527080349,1.8321196075773012,-0.22548503031823786,-0.7185427067790403,-0.588691699469274,-0.3998226835954676,-0.561660556925426,0.3447749725922945,-0.6200229490767115,-1.2687510076012833,1.3727496662488734,-0.2770347909704163,-0.6679416704595047,-1.4912278313904628,-0.01568796675693795,0.17450161774570577,-0.5588162917367949,1
1.1433981071495527,0.09715956293542855,-0.4929182749492523,1.6629314471898375,-1.3239510842195628,-0.5746818568277252,-2.010216654566063,0.06578864864896251,0.7124817644338045,-0.12492159532356542,1.8076308056706858,1.6414286277223145,-0.24341030256790794,-0.16007448660830478,0.37747616739616263,0.05651064846555637,0.1501356539562031,-0.21519632356018042,0.23426170623751327,-0.8252919608308644,1
0.6461296760241716,-0.6216551928673228,0.21187917882888407,1.3831945153293432,-0.4457574597968489,0.5716866557157456,1.0103793132832635,0.4800636179041039,-1.3620433708547575,1.697623779709341,-0.8819607642671741,-1.4427147860027125,0.7099327481472374,1.2663302679562887,0.906801029755135,0.638543317267599,-0.3207838618519991,0.3320814614168105,-0.48213383738930804,-0.32390885321592183,1
0.7727283779193933,0.007217237124321019,0.5837114198239499,-0.9528610405863005,0.669884490215741,-1.032926291313865,0.7404212140477514,0.5379759698264889,2.3744662832839922,-1.8256151785646464,0.2948306892096945,-0.19572497908388292,0.06173467646029673,-0.8446772632932499,1.0873827825397426,0.17319764270874738,-0.07728523746629531,0.45514638094951854,0.34162669698658343,-0.2523534819908905,0
-0.6129832712706895,0.7258860747956707,-0.09107586035302723,-1.7739696161121294,0.6558921377875826,-0.6962160784329802,-0.17759599475873897,-0.7712002995492906,1.1839874431968893,-0.34514688113802716,0.9639069340758625,-0.020098751769651646,-0.6172122466479616,-0.68604975703518,-1.0281635308273764,0.10705745299229676,-0.05704116685294176,0.6879329720514281,0.5723609715904123,0.9259751007146168,0
-1.1794596645077804,0.6593966314097138,1.1785126897984228,0.008556080824349832,0.5199021395287525,-0.7058088839100307,-1.3734028889697492,0.27658150559104877,-0.34730228895784293,0.5044832563830169,1.8688178405438531,0.4197056083572659,1.355572935710348,-1.5708814571259122,-0.8555017740080604,-0.6108576398050658,1.4350873992222355,-1.5630343065712535,0.5439552025439933,-0.005560293648070566,0
0.30047435961082836,0.8852669878658376,-0.4501892648514116,-1.2207124259141586,0.6012067489291149,-1.0146192531014662,0.0005279588565972928,-0.5505368494915835,-1.1388331177807691,1.4524675344707454,-1.4438548161335418,-2.296180953137238,-0.14778031881747153,-0.5081401976473109,-1.0768256274074688,-0.4532484090230134,0.6222071440434019,0.32674476460232005,0.7522331132525089,-0.13944627568099954,0
1.1126883749899252,0.6547697615274277,0.6170059495766975,0.14338846734225108,-1.3659557112005343,-0.6653597477124392,0.6835693232004776,-0.36927713924620315,1.5337277099164992,-1.3526702858435344,1.2119439853864005,0.26125053123385605,0.40865281148067084,-1.77623523289832,-0.8874726582067207,-1.0293715081820716,-0.6292633936927887,-1.5223591862178911,0.5285160106804562,1.0599363840466218,0
1.4588853886324693,0.9618947950856919,-0.5844097746882387,0.20324773130540036,-0.31257742539469074,-1.0079495473052944,1.0581361125674218,-1.0427750567564191,1.9008887896036848,2.0862641008080813,0.11003482393284925,1.6350476706194583,0.5200043808008099,0.43800525851872685,-1.2711230978053822,-0.4507844930934654,1.2150656055916387,-1.2949318853402603,0.7864062285742532,1.2455568146836256,1
0.1923689270375111,-0.9799939297389146,0.3957115324169533,1.8966040685739283,-0.3549213536992336,1.1053134197924255,-0.727949867474313,-0.7550339959104986,-1.0174910628880784,0.05523043648111129,2.1272974137495684,-1.8454238848045357,-0.7059851654989105,-0.04459867199522342,1.2111713986411516,1.1687689170111202,-0.6581088093827662,-0.348308395044006,-0.8268726023844749,-0.5886925246919921,1
-1.2192844665221938,0.6103543794338429,0.9678260240252041,-0.47417817510396487,1.3739143852114495,-0.6365245370389123,0.993782214530439,0.6324542166423008,-0.12402138738999703,0.635967750711738,-0.8523867660741036,0.4753656106920102,1.6095206657759729,-0.7717719573928751,-0.8098362555279283,0.22749587573205374,-0.5694497744921104,-0.8220760118279274,0.4980013639512177,-0.6813802350695739,0
1.311693449272661,1.4461301497755692,0.19624094066672046,1.2912738390158789,-2.1715714047604475,-1.917685812924665,0.5457867135323555,-0.2775442563155516,-0.253676077542381,0.9374774925069249,-0.00811320161175029,0.15808922532318442,1.310191908080897,0.4217800742508709,-1.4806371982631976,-0.21596052035023222,-1.092141593428733,1.6350663945275195,1.3140244353419221,-0.6135876053627944,0
-1.167757415899921,-1.0213605610761847,1.1904749851934822,-0.6844404020861826,0.2112093992244567,1.9383879722964832,1.0219627766781416,0.6469045232565658,-1.135635904757829,1.1464871587330383,-0.33953015666598657,0.9609321786082614,-0.2885329006817962,-1.327798673479431,0.4209967428473269,1.515413815348209,1.2746838496794863,-1.1123274696705807,-1.1192660820825016,-0.28370672836473176,1
-0.09362131907061147,-0.25567367924689655,0.8494562551043311,-0.1858056100997783,0.028468940438410424,0.3653690202407842,-1.865839755203436,-1.2265605799019654,0.017414248998230967,-0.47869638100794565,0.9790358254675168,-0.6431539972011118,-0.9086522819154584,-0.06068543320192063,0.2336123460909798,2.096161276050951,0.9078606377044912,-1.1536593514265687,-0.2409369559967824,0.08434103219821125,1
2.423106130613554,-1.2159271357087154,-1.0594214070820567,-0.02417142635820863,1.683972030069338,1.4046186823617355,-0.4926548532134034,0.3929073590143916,0.40043199385628025,1.924845495123521,-1.1363362231559908,0.5870424240678338,-1.1600203819432886,0.5194366231917376,1.4672420524463152,1.6563225078035575,-0.39902793154992044,0.047104697759313356,-1.0368127673316414,0.03946219930393072,1
1.0715431522348857,0.7482197861157132,1.4104591452035038,-0.47949296739924335,-0.8610879101735704,-0.8429262858104498,0.4097627959594974,-0.4430440211284823,0.9413105807674833,0.3113086734428849,1.4033699701251907,0.6979032725390276,0.4631847952675847,0.2965755451407618,-0.9257646723946684,0.19729226563120644,0.19063559126502433,1.6999573745763805,0.6309935445507622,0.08382662792936094,0
-1.366211590902226,0.04607679291007155,-0.35854252756260974,1.6123115279035483,-0.20103877186663505,-0.5143222759704336,-1.450163167036702,0.3093904424598202,0.3821171705925179,1.385575233941481,-0.23587146453367722,1.048794439671241,-0.4564956095040957,1.1974885400381745,0.437673217356617,-1.7951291966198684,1.5092400198275007,1.3593852232307442,0.19026188233944247,0.5463989516672716,0
-1.3117366922451246,0.049759191224973076,0.5172102161589602,1.436089346182016,1.221165750004087,-0.5796561835303944,0.4438928390428866,1.056730430775678,0.6254760003040509,3.4289104780082136,-0.12050105822332462,-1.3872865134308663,-0.1636336708574914,0.8982445728562294,0.49857235640204245,1.044386051876579,-0.586285049552152,0.11515231444047566,0.21340077120558595,-0.5564657778499762,0
-0.6897277740641738,1.4517327383264358,0.6929186230316111,0.8595878869798019,1.7193779062072967,-2.0465079547818745,-0.6058608207588934,-0.5495571359085801,1.4436320034688142,-1.9196731561976563,1.9925153531681183,-0.7666565877833479,-0.04541121793223822,-0.3871306497895146,-1.356509229148807,0.02538842054241018,-0.493122822399772,-0.01383774609423725,1.3588618003917798,-1.3386057997232488,0
0.4675749124821571,-0.5087497738270421,-0.6280978350797833,-0.4211027721618318,0.9194084287536471,0.692566445684734,0.6867754890476648,-2.161055997349271,-2.2259354179580777,2.277688926030931,-0.0783866997293929,0.2305415868507293,-0.42343658317927757,1.0048216917579127,0.5017155926595585,-0.7372616763919609,1.1389106114800476,1.8190771901958052,-0.46814325351526176,-0.09955068318496844,1
-0.30639542708651957,-0.20528750703859375,0.76339307958197,0.4819678270528922,0.502574774371437,-1.2171198784434243,-0.4561683474800591,0.16969315797128373,-0.6078099800296577,-0.07939638138549375,-0.32888949667080924,0.7193276018294383,-0.8212863840728593,-0.7591835461675044,1.8034703834107462,0.9454973046593947,0.898726774013644,0.2850347420993615,0.30111040396326527,0.4917396407562205,0
-0.9053361675148525,0.04091466642926373,0.9016194489247448,-0.5786510541204551,-1.97072128184557,0.06647515848329055,-1.4216690480590324,-0.7223001879535923,0.8701781747467708,-1.1804984869976387,0.22631595289847858,0.4963464110704922,-0.8669252393444344,-0.7601923217408988,-0.17104771805273833,0.6934958206046,-1.4552889759012155,-0.26552286143334874,-0.002352982339643228,-0.3093284927742968,1
1.3079641925493437,-0.11139229676216927,-0.736901352231799,-0.7766940529721439,-0.0785907959688194,-1.6562227372241345,-0.05589646661359551,-0.13362772972677125,-1.6239178425699672,-0.7474292532492047,0.2066776285391162,-0.129297457035508,0.0765180622437113,0.9416190135514908,2.043879079734852,-0.17444393428528215,0.5546387081318072,-1.331913110391086,0.48943180656345886,-0.4666189681756455,0
-0.7358535759123606,-1.1996999269743627,-0.4818643154847231,0.38582148643222297,0.23578706419803366,1.3758172069450378,-2.429755297682545,0.5043190155645603,-0.6586320809550305,-0.5837206456894258,0.026341288747435226,0.18847899108948643,0.048668043162752445,-0.11038318064603528,1.4584187649407943,-1.4043164166961695,0.8601507958725464,0.05047105368346139,-1.0196833607467937,-0.9024147207441254,1
-0.3860025756494393,-0.09184905000349189,-0.46507594620100606,-0.5587995720623407,-0.02518868352947947,2.5805087402349405,1.0845005302909256,0.2637555848225758,-1.0359619286066395,-1.5198927996189848,0.6276804178744745,1.664641821966275,-0.5442961463142919,0.4672522151827898,-2.5362538843606286,-0.5044226832971694,0.18209824581586204,0.9262574910843923,-0.8884931583591755,-1.4464982035406873,1
0.87278741446961,0.6383857576408202,1.917259148426123,-0.015471640726739578,-1.1541633847795414,0.592685108713997,-1.5255717080610838,1.3137821765718076,-1.7210775209604694,-1.1285906730970345,0.8552015077482625,0.26429021015325105,-0.21359324220504247,-0.8679754225283319,-2.1932945864161733,-1.532683970923734,0.3630042848060769,0.9724439979180102,0.1088313536302291,0.3421060396504182,1
0.768116952430694,0.1412843884923953,-1.4126911524926313,1.2223452564679749,-1.2026910288948676,-0.2168255019697407,0.12476386287738533,0.6176206650846504,-0.8140712224921829,0.18091067522502524,-0.10875102283361787,-1.950095160018759,-0.13513000707570208,-0.383943622063459,-0.11312803812045891,-0.16340723073131225,1.2330391334509456,-0.03816958696642825,0.13802731694638892,-0.4705391395294173,1
-0.46812453379619046,0.01260035027586121,0.44075675443876416,0.7451868818938278,0.2106354452150584,-0.946258381368779,0.906343235397152,-0.4020493002747899,-0.035316859594895715,-1.7357339369476272,-0.8012203598128833,0.4562033191517433,-2.6055767556885328,1.4832588848565909,0.9815184317762554,0.11106747319563266,0.7463732418253723,2.4417885853297707,0.31580382795980927,-0.8208389588502913,0
-1.0680243758911776,0.38648318961596484,-0.66316237580929,-0.08107074100802476,-0.461975597971284,-1.0889046880021924,-0.5822670625087771,-0.09803107127978798,-0.22617528768076092,-1.2843719755091987,0.7060669498554304,0.9592533764490382,0.5679945395242418,0.46426374323579306,0.22091613563026247,1.176225706758529,-0.050942279063403054,0.02002733980403,0.5399022122797985,0.8546273105507028,0
-1.1804604852320821,-0.017567652482156994,1.3801389388685148,-0.11955875662639608,0.14707682744597397,1.182133355568282,2.037210639718358,0.5303691889987993,-0.5877379693198984,-1.4000712344017388,0.5105353784512363,0.20173865479604391,0.9057176004973654,-0.034564239843803336,-1.2217217718110982,2.3456241618964406,1.5920248985760834,-0.10381248440296688,-0.3953911859123623,-1.1211340127579221,1
0.2595956466989539,0.10061717007052032,-0.9770721461414011,-0.05321243627298323,2.580291898690775,-1.6732288254582044,-0.24266646142712253,-0.689655504900944,0.8410412769616195,-0.7176391376105407,0.5432569649742733,-1.8075896491814576,-1.314748860310423,0.2536835542980969,1.5442419176683468,-0.1349902279770614,0.7738771734428223,-1.1037585626023165,0.5955902330458467,-2.2690772729524014,0
1.3522026788671444,1.6353959081615592,-0.3150867311941086,1.4526167454861794,0.33260751032419755,-2.3789961093841905,-0.5717460419560614,1.0651719657143865,0.03944704824073949,0.3076126681891964,0.9331280723410693,-0.22272070077660705,-0.8369207037962799,-0.9163209190734197,-1.449412461976522,-0.14037505890533644,0.4240668615184512,-0.524567013767051,1.5548666576060117,0.8721970000729778,0
-1.106732987729451,-0.1090653306783763,0.6534789819517407,-1.6711471647953489,-0.13260407824049675,2.1894231949987386,0.0689061331209721,0.5363892188475762,-0.7634653033091117,-0.06541023359539401,1.1770006367903372,-1.31246730344855,-1.2126571326233138,-0.8383618800008077,-2.0758252645579036,0.7819425354519183,-0.2996934959328892,-0.013503244592976752,-0.7686117533432625,-0.05275510800076566,1
0.1271739191942854,0.2681626292893949,0.5876949018678121,1.2306458041780113,-1.087478168112368,-1.4861158914536379,1.2983344897754168,-2.16116210357171,-0.17262635300847812,-0.07234747515067134,-1.3859266659702465,-0.006334140465255962,-0.4333505550845262,1.2207151954954414,0.9348436399858013,-0.37077059666050965,0.5582321068783032,0.05202065043961975,0.6138192326099051,0.8329454428250415,0
0.421716933003097,-0.22867711722520115,-1.177761457991358,-0.6078238926156243,-0.622270222893996,1.093290976015318,1.4697842587874956,-0.5042980158126232,-1.7016658582874162,0.05844948070564989,-1.8402663847955685,1.3281660539573328,1.7409414865969908,-1.765387587029974,-0.6110475717124304,-1.2894805872096875,-0.0596543119921916,0.9126203225404405,-0.4664655196946537,-0.21578712632821961,1
-0.6977189038982449,0.34515341153447565,-1.7982147394091075,1.228030209608135,-0.5180690194750568,-0.14555595292141388,-2.2235741679371968,1.243405797187162,-0.38654161589775976,-0.5998213939170615,-0.3009803123932219,-0.6314370274831833,-1.793921113191963,-0.3348029874445019,-0.6873183844884341,-0.5667051080550528,-0.6534628957248072,-0.657134962278058,0.2114200666917736,-1.381591718463581,0
0.5182189504454116,-0.051549147818689564,0.509683077242329,-0.3930902007014615,0.3319184477078873,0.6293003591350479,0.8117055716132655,-1.7106033544365142,-0.17951457487248015,-0.9221889054316275,2.935406206388468,-1.027923765010739,-1.4924622700059929,-1.5679882655602675,-0.5473090907786242,-1.001314654197967,-0.5061890610853361,-0.9546181019500601,-0.23050461247670853,0.6149446390313781,1
-1.5821767633461272,0.5234342567484572,-0.645572072035395,0.19189773587303607,0.5032520647495048,-0.4357973824992355,-1.6610834155671725,0.9411818664199697,-0.5607609069798603,0.02731337985143867,-2.0634031524794545,-0.3173504922425348,1.0251091525817735,1.9483426447898131,-0.8122703508379353,-0.6538983883255765,-0.9403989164843533,-0.04737070254443595,0.39103872863932043,0.4730382821602152,0
-0.6715122069805457,0.23716015701485443,1.5681824295273261,1.1282397832688376,0.9386400226789446,0.07711125122009332,1.447796418457866,-0.1309258051261265,-0.9224129848439533,-0.044361455511561634,-0.17611243395986265,0.08298741881250997,-0.8057996548842047,-0.8758424064951101,-0.6617528334999462,1.0102745868360157,-0.0547783603388251,1.378467355453808,0.08727540146228079,-0.6075687917795559,0
0.5116050903690205,-1.1949219273659335,0.6712596660773543,-0.14968094791531705,-0.8072777700103707,1.4757065753127858,-1.3803898467240674,1.1875918180180127,-0.01736800750909817,-0.5655527624024238,1.3653287482758214,-0.203298244576805,-0.3032607776667061,-0.9676564282885214,1.3398882552277551,-0.9680497955496961,-1.5901913232542981,0.20092570656524597,-1.0501223239846553,1.0867589770265649,1
0.07236038990838448,0.012898521840939873,1.4990120682335486,0.7718504858067948,-1.2463294777484246,-0.012814400561458106,0.928851246050224,-0.3456536566056691,0.3440001063050359,1.4989584626675316,0.03796372821063529,0.14405223152649677,-0.19048569780510585,0.8317331383481771,-0.017795777638104138,-0.28086924579765843,-1.6292090390800535,0.9328388923622372,0.010315559891748299,-0.9496002440650042,1
1.6651423825437814,-0.2878541383729182,1.1951774115114164,0.3924560184705202,0.2688507864009919,0.9369933763046112,-0.48021443413239945,-0.4326595133965921,1.3227032199889794,0.7271679888921005,0.20934885733468878,-0.04504411801092395,-1.2094353289590587,-0.9261632634832083,-0.29930346659590457,1.2428268933268276,-0.26776551872484483,0.06589160860223994,-0.4433675069692509,-0.16206210203682392,1
0.057754146667227856,0.3590543003854509,0.15121622133754703,0.20327622105746257,0.027487633360812797,-1.122211228744331,-0.8590773163652565,-0.3908882671723887,0.4524964561026824,1.3175408190173998,0.7504698619350948,-0.05305199192510611,-1.1071832698817605,0.697182620792853,0.3235416932319656,0.2606561547052026,0.6397375066988947,0.5736569632767152,0.5377935501188388,-0.8494174697163055,0
-0.8516621743343933,0.6496190464523217,-0.16912268564281638,-0.3126684457323573,0.7588244161636093,-0.7426918798993529,0.07957353494216583,-0.20866837122046583,-0.978740836309766,1.0821123129931407,0.6963228620803235,0.2787998123854607,0.5535695310677933,0.857898825291343,-0.7921632269932372,-0.2573000006177896,-0.7589706989033448,-0.12903411512978377,0.5513924081140641,1.3227444668851356,0
0.8090542890877785,-1.2334799449923735,0.16954041021828617,1.4554094821720291,0.7204568950760697,1.3660064801675187,0.12034991537717113,-2.0471668851634712,1.0347991305262363,0.3460344109108019,-0.8585862256299859,1.6955158192498565,1.002579814271594,-0.04518552842516206,1.5514213538883572,0.36384043429261276,-0.32883082658724,0.554254476026521,-1.0324984245133237,0.6373330412721927,1
-0.2628908292082677,0.0689863746737996,-0.1627929060722942,-0.9943493746085122,-1.0021874557814727,0.2785208175355547,0.04091917539572113,-0.22859991534001858,0.54711911517521,0.7846042878980238,0.7408243454201259,-0.5132135664715852,-0.19102776260016902,-2.5623336587953105,-0.46645607830159475,2.412615421612916,0.02246589281204638,-0.01926037973439464,-0.05846237889254593,-0.5441140021141926,0
-0.3578279334412669,-0.152147577672329,0.3604416762927729,0.4977883094177774,-0.9392415406820068,0.40941281160503873,-0.2165231975361736,-0.6049067639281748,0.3018733807210118,1.006606541032628,1.3325514676651278,0.9289320135322151,0.642301235011176,0.5374120028203807,-0.06636611686051941,-1.6942558959950778,2.6378817522602,-0.5696989629257314,-0.2062387273042563,-0.7559507066919204,1
-0.18949957639212914,-0.6914039804003546,0.8326657578803607,-0.7701191072317533,0.4520053685824477,0.8990672670811085,-1.5920084571186501,-0.3637845296098712,-0.9965284166185597,0.5451408795105409,-1.71374357412924,-0.46685541039991946,1.0325617203605524,-0.3488519971912,0.7269340172499275,-0.7139529121595534,0.3238392663274503,-0.9656496396073002,-0.6224184202724306,-1.9865271419775223,1
-0.7171819007224715,-0.15447739716248082,1.3393265894799997,2.560502959355684,1.1633760551635501,0.22622284116672953,-0.6865387531537689,-1.0884112356728457,-1.321555786511051,-0.6308464029471887,1.0687923213942923,-1.2859997065164936,-0.03151851332810415,1.7509259419271435,0.13529862227367517,0.2573731064173494,-2.0323537642983847,0.43235271420033994,-0.14736377964957467,-2.1098382406256415,1
0.3023229003482749,0.2362921230174687,-0.520630606562299,-1.1546343387288442,1.4901375220998412,1.512194632326083,-1.5976197291684564,-0.3357859389797497,-0.40409531183239966,1.6056779580824545,2.05451488940476,1.542806773769682,-1.6837325676140487,-1.0656826978195666,-2.1948657473081274,-0.10737861841004537,1.3755969643042085,-0.14166263187224326,-0.3830137702057067,0.9229775651404308,1
0.9466183083304367,0.029895076199137765,-0.33551583203306606,-0.2164187116383712,-1.1192502422206438,-0.05760439851033561,0.25597714641877106,-0.36317555873281615,0.3699256130043903,-0.27027036767460905,1.2519474545131573,0.9158237815976042,-0.7783085530065034,-0.13642215027761603,-0.011393872365077384,-0.4434294182350357,0.9346547073366236,1.612868370707128,0.03304497904643066,-0.14027558555042832,1
-0.25155190018413637,-0.15399780863167303,-0.9910911353316136,-1.314878664404412,-1.6755804496240945,1.2133734875309548,1.3297943652050759,-0.4351387479620344,1.4937097590055342,-1.0958708107987174,-0.8065198324565613,1.6772005099660963,-0.47539224221454224,0.21907156253766866,-0.9219133704571894,-0.8358702556183059,-1.9255673603328771,2.768373605625943,-0.4703506957637044,0.383455014854216,1
0.5517407999109204,2.132729691135002,-1.5473039889383655,-1.3971181851129912,-0.4711246518178786,-3.213563209118252,1.0826910538870733,-1.28716356858425,-0.463161362085399,-2.832155598110569,-0.09363618873917084,1.32579664754219,1.0383788510193166,-0.5835993263460049,-1.771334255396281,-1.5193460754768424,1.2002617497388293,-0.4511588584089988,2.0640875503947265,0.486036289417637,0
0.27051347546640014,0.22071018049505572,-1.1121863012785584,-0.3912998898983776,-0.04877626450061687,-1.022047838034078,1.5591822904823514,0.34809529178734483,0.5053890117321368,0.05996285769570662,-1.2463934985391623,-1.1419860706926814,1.6127802326970393,-0.09665390961814083,0.5542917396741974,-0.6992440642290753,-1.606602735358006,1.4198444873730531,0.4393589738123858,0.759012970582189,0
0.8514099367626543,0.3118352898394518,0.6443884535381822,-0.7710421571412046,-0.3054994630536529,1.0097622736406522,-0.6784947304872218,1.1971785314619128,-0.46595097807205077,0.8185946183432132,-0.5973810610451429,0.11041804694611956,-0.7816720723468876,1.000820497768414,-1.8418833960111414,-0.8476272124968842,-1.3157974082181412,0.9219363780076167,-0.18266425276958947,0.49576557301551033,1
1.6075783063995104,0.18585383253176904,-1.1215301474250274,1.0469117944881394,0.019458255518883118,0.19519178363021283,0.7093525144553172,-0.30518884548075176,0.28918367311872534,-0.20487666386471723,-0.13851224460722475,-0.42389004232235256,-1.3410647133015687,-0.33524408186802673,-0.6627588596821672,0.7436517755401733,-0.020560557350507186,0.03139586553277644,0.024270422273937445,-1.2165808041357096,0
0.8070464166066873,-0.5742632182603824,0.8822864925992157,0.14432647172603683,-0.30601395435740886,1.4832276628473595,-0.7615878650362199,1.6923465724632047,0.28305316225865373,-0.07492655611844788,0.1454272174057594,-0.7037103993314333,0.33935581275622034,-2.703348047107357,-0.18410760141422355,-0.34815739681731317,1.1196877785533812,-0.3686193657856996,-0.7581064161742995,1.5512452664277294,1
-2.4187754670694206,-2.56323796266117,-1.6465113866019412,1.2587612397600685,-0.8038246482427452,3.051355877230674,0.4300891561717522,0.5425042296645155,-1.0449250346222516,0.10132717686046831,-1.2167856410814177,-0.8341590467165808,0.6320232236170215,0.48292994517758675,2.996371707976608,0.47304527283800113,0.11108835130483316,0.6969306349627576,-2.2152368333804002,0.047672894622295944,1
0.29787619102384516,1.7123685730291442,-0.9310017116324415,-2.025039913676173,0.6868579110122561,-1.46414855371718,0.04303097332128144,-0.2831518848798757,-0.10435844943808653,0.9911911129266663,-2.0653027750406103,2.1216313073302033,0.03344346797315094,0.15809389857678602,-2.6161088017408476,-0.081894379572493,0.45015563394664765,0.7474449714270559,1.2918463330769705,0.7297729370341954,1
0.41905073475346005,-1.492766407297979,-1.636403019206485,1.0481167592691547,0.1358559015662905,2.72811163241722,1.9358610256806046,-0.4362630321800288,1.1377767806686623,-0.7621334485140979,-0.09600066173385824,-0.19805976321890642,0.3454141816438536,-1.0685207540824389,0.7275628407295105,-0.38418166570697554,0.6132655446611438,2.585975175683896,-1.6015024633730712,1.4548261741466506,1
0.11333446390530184,0.5383733316733846,0.6095098962124401,0.4375062034730363,0.8290984400183357,-1.0703759592903945,1.917287968605754,0.5884361802403073,0.1227289077054837,-0.14114967234280568,-0.7418431610084755,-0.381771196674043,-1.509993170579207,-0.5773420157083338,-0.16989512096214687,3.287761187388739,-0.24272858931102861,-0.32573889318261995,0.605901484651631,2.44125584526534,0
0.24362002148982426,-1.3897532912360782,1.1924774025075715,1.008991476931648,0.6771499741332931,1.5738070476777049,0.20400038107769147,1.3057765782875206,1.1130006991386807,0.8463514262060201,-0.2024431741833357,-1.1275042470864962,0.2739357369313382,-0.24105421459396426,1.7108144585766532,1.2409391873848064,-0.16763152548836402,-1.4631012512496988,-1.1746824616592086,2.484144080745336,1
-0.2252626424913536,-0.4560028255096322,0.18780033804252202,2.196646054978954,0.20335945999876773,-0.2700127142903461,-0.7871740699869963,-1.2261793578126834,0.19265153264802468,2.3654077719999735,0.6817434088151417,0.9625028858001017,-0.0017141536690639572,0.7674793445541306,1.4026362922740665,1.0895365830766406,-2.3784316598733284,-1.4387201010568695,-0.1279476468212483,-0.8097248357672839,1
-0.8124698322923339,-1.361394784987932,0.7495825713736299,-0.16295631080584103,-0.21469454738683721,1.5102798893518843,0.0021184210174724715,-2.6266847559986117,2.014113723359744,0.22481673669147476,-1.2561552745073867,-0.04454486424478854,0.24191498432149858,0.06318366880775604,1.7095097255484415,-1.56410176347928,0.7179313858226648,-1.0414312698645425,-1.1404272858276865,-1.1992824219641323,1
-0.6355578414044034,0.7407654477794346,0.3011073391917421,-1.7762463334664518,2.6930336639804966,-0.8219286979264323,0.18383451632250436,-0.09546424708907303,-0.3212427661179117,-0.5495402745955349,0.34980002456790754,-1.0040545968420103,-0.8330560570007587,-0.08059974929676088,-0.9300204987578736,0.9153902755601617,1.7388513518533313,-0.11676591579524663,0.6205816860479064,-0.3596296724524624,0
0.4465365069407115,-0.19445515709018,-1.1702807063967748,0.8371544863313845,-0.63093083373779,0.8358428531921707,-1.1140813582330875,-0.21415031071118876,1.0941795475214755,-0.8370901336150396,-0.9420601835742449,-0.5479958187411378,-1.5856257067695927,-0.32115903870570245,-0.4192196426061363,1.1400678464951604,0.1996104184027828,-0.05872042710462872,-0.3659344464670682,0.46795042213185173,0
1.5018791337963189,-0.8720982053083005,1.1119533608604089,-0.2694937557039864,-0.1271585968748843,-0.6052704784921703,1.1044777038374665,-0.9230723963155776,0.009426360563773238,-2.767325422602398,0.6418790614777692,-0.38309492115979377,-1.661580989177992,-0.07627815173958268,2.777597511863826,0.8603325594167204,-0.2610087241723136,2.7148169394863215,-0.21559811931843245,0.5065876716972757,0
0.037647372169360274,0.44881941822003396,0.4040491665329693,0.8855273723059548,-0.8527678625699305,-0.47274487473016147,1.7984149791648192,-1.542192894187223,1.608077135453547,-0.6854728526884201,0.0467201202649723,-0.6995692785784219,0.2836784496988527,0.46326956914752015,-0.5904987548964058,0.42679019325864453,1.161211402411614,-1.0056950873181933,0.3677342906905979,0.5210038966049031,1
0.6166639764711183,-0.5083624045013504,0.6700496718155238,-0.7907709190853537,-1.5858456403858474,2.0409585076077015,0.9853997114500495,-0.07310730200893852,-0.44027463685080354,-2.049474485669681,0.17648418366295282,0.4512260161360988,-0.4033797459686826,1.0159372235635562,-0.9417224077251534,-1.485186162699932,0.08797354712916895,1.2608495199993097,-0.9094521729886399,-2.3789960407532242,1
0.0811438318496202,0.0037768528896503476,0.3479160781208834,0.8246686246914298,1.8295625963212392,-0.7735804112220235,1.780638599477708,-1.4292668796711452,-0.17381485046937092,0.36013095127756267,-0.5753373680430791,0.25318369569929894,0.03979945411601616,1.5533546990558944,0.8183411051970356,-0.6673840543601282,0.17871512433595294,0.417459031363166,0.25507892037038965,-0.6298862375727151,0
0.08036232596303014,0.9071143904922354,-0.19399479256662508,-0.30530915351856486,-0.8612881023859011,-0.9613896346388332,0.40848533814647026,-0.1947896212832356,0.7611740390516385,-0.33338005560766565,-0.3564271205250787,-1.525185436662198,-0.6235968803326393,0.29919976608889587,-1.1871319279200092,0.0833453509750919,0.04052294231700992,-0.33149938829951425,0.7451703302432591,1.6756362938455622,0
0.4720022709192744,1.7504116318225496,-0.234407800316322,-0.7157599891107518,-0.6905410523162594,-2.619426760706813,-0.7837656655863965,-0.06717829004935526,0.7426824183597224,0.23940450053537707,-0.9161919154812425,-0.8318222082304447,1.4872461553359273,0.6820520657126199,-1.473127192974554,-0.580053241370043,0.07595526791608741,0.49968511030293383,1.6881593485797473,0.2942241290134937,0
-1.44964521969853,1.1283380252968158,-0.04865235157045115,1.0352493347237526,-0.7584953347000695,-1.4226197276104604,0.03279699541158651,0.8901984111247868,-1.0039573720814985,-0.6500239344068982,-0.23040071420576733,-0.9242331442683044,-0.92951086019241,-1.8461878622380938,-1.2340496420189209,-1.496529255090079,-0.9218598131253132,-0.08343796979036086,1.0011490644719225,0.34378788154988543,0
-0.198669133822903,0.3237284401145596,-0.042824379075518997,0.163427820386131,1.6047350122948532,-0.9009215629923872,-2.9469042192840145,-0.0617760622705607,-0.9913343922342502,0.18606843247054689,0.49100394595775343,0.32982306086851004,0.6165793523072711,-0.5972789358462477,0.17309185965443918,-1.3070983443991324,0.37086779247102475,0.5615734705711045,0.4485777796447264,0.22084177029035232,0
0.23425926445676556,-0.1297877252372194,1.7230747176462498,-0.39828303354254857,-1.9227717720623363,0.9855215928773686,1.639256516741752,0.1551553428653563,0.8533489773401466,-0.8963675478251808,0.5770721838351396,-0.17802329006383844,0.15140739607201872,0.11758862988720224,-0.7372932280203961,-0.5789517573489231,0.5989963416842641,-0.4486956826194842,-0.38426031449190273,0.427962626552635,1
-0.5348543227867003,-0.03650150113384574,-0.9667345298767035,-0.0029454113325951153,-0.25908405908063087,0.08048296288373735,-0.2811940121974293,0.2632654875753966,-0.083332200624347,0.7946412035736589,1.1974231998049074,0.6952927266643856,-2.1811752376656774,-1.0588580088579944,0.00305478623466493,0.11316001139278317,0.4645021652142125,-0.10833388324458919,-0.04367040790763672,-0.39130310394045986,1
0.063537955156817,-0.7651887279674408,0.7158646295711472,0.4710804040968864,0.2991834608137983,0.9458817640422078,-0.5043652003806066,-0.32206139647833193,-0.593729193685742,-1.604121012470325,-0.2507876072106319,-0.1326817797198955,0.39454403431667434,0.08164470901825371,0.8570706684001177,-0.017517362895748446,0.2425959371534602,0.031368416099708474,-0.6727544983333003,0.4802292619057029,1
1.2496189052966666,1.1226355159716555,1.78179890877106,0.7574951493374855,-0.5244481362626519,-1.486960886656061,-1.6566232076777738,-1.0501407396021456,-0.03901951937754412,-0.9878733409007492,-0.7353034606819523,0.7214793237573432,0.6952029000839993,1.3705361439967134,-1.1512900312730798,0.2837510236615011,0.7793490039053323,-0.8468509661253646,1.0195101314939279,0.7356219972457467,0
-0.485678744575047,-0.7148323737608194,-1.655224712189433,-1.0126444414430895,-0.26813913924176325,2.351653913716945,0.5845240518374347,-1.1941866514118442,-1.1251861017311617,-0.12058718847346953,0.16663789531183854,1.0599501697623763,-0.5491589417637764,-1.9354299597138063,-0.7698003061187799,1.3304323443788164,-1.487861703490623,-1.3401248956547858,-1.1091425545910931,1.1706616293176602,1
-0.06418416128881928,0.5829668986365134,-0.08087849786546131,-2.1056469418403245,-1.060605066396601,-0.4458517693355142,0.05225849049748321,0.9778155496862003,-0.5152183938082427,-2.6031370878272986,-0.7170161491279362,-1.2845842656999693,1.3863493972628433,1.1535903433169254,-0.9469219163939934,-0.3021805869826214,-1.0105982199289134,-0.3613105619672905,0.4225766808198869,-0.09139955750911445,0
0.586851538784868,-0.6323904066822802,0.64837277770979,-0.7453933320377297,0.8904080051868413,0.727359653269049,-0.3869848388781598,0.8016051597263709,0.4319965633696103,2.463013688775024,2.5270104183286053,-0.3588263709435495,0.029562286872101294,-0.11226376719129758,0.7664847358707816,-0.19368366004438056,-1.9300868693234323,-0.30659307467838237,-0.5381979845972681,-0.7734149266150159,1
-1.4472177792579584,0.3245825708962345,0.16681605951827747,0.033870549435244236,1.1262381884363837,-0.42816621654337683,1.1568039489134727,-0.19458466303966782,-0.2413149037447287,0.09242114733923629,-0.24039847568841113,0.7678436946681114,-0.1816451389062335,-0.4735233815541974,-0.3347417111244888,1.3413300695496801,-0.30924390763272963,0.1352825085523179,0.2941927109044845,-0.3207463714788462,0
-0.49987103450503223,-0.5576013246975294,1.9920944074974534,1.2812386535229803,-0.5775342640192128,3.2914784845444687,-0.13111133868048266,-1.1565552170673363,1.0219631550600035,-1.2295262512173861,0.697238046390313,-0.347524942518858,0.15551160376356082,1.21644738727708,-2.159246663458611,-1.2628647537281779,-0.3410929321416082,0.10722928841915275,-1.3422614047593118,2.035531456719595,1
1.6764549619146627,-0.07813311824806866,1.587400602415537,1.0714759302545598,0.16585902679867273,0.4947876927214151,0.3999965529436064,-0.45767699298843306,-0.6008871758538126,0.20394385751599503,0.8369911546336737,0.36849758683903877,0.32324718753356224,-1.1097501278882742,-0.3384782707331684,-1.5475697941363111,-1.5649738934417794,0.1929896417729295,-0.199075319989367,-0.30209704102460566,1
1.0371714725320045,0.46934970103560686,-0.3498853491230032,-0.2786563338793094,-0.7146641168409925,-0.6757855690758994,-0.18080744508722618,-0.9126787606958671,-1.2428715860631347,0.27924010122099974,-0.35991109356667156,2.031158713073231,-0.24717161224439949,-0.3874886632696904,-0.4234334443075032,-0.33123930887839503,0.6325827996421973,-1.7101751013917943,0.4439550260126892,-0.12064303412983486,0
-1.1152172279709192,-0.3640517339071486,1.352759030614763,1.8105224784209932,-0.28554162530722377,-0.37654964211662767,1.198225393201287,0.9308873827918375,-1.1907458007366716,-1.5285912962592862,1.2998712435306046,-0.7140417437774549,0.10577038352412323,1.2149441068549691,1.2920188697861124,-0.3317787717721222,-0.7931346636139368,0.310539637914204,-0.049437928441942273,0.45722481194934356,0
0.2839278876047216,-0.19702979357147946,0.32889153672704086,-0.660147867336476,-0.46291637948632713,-1.4936442849361433,1.0175314239306263,1.0825370086829098,-1.3268775593670228,1.5949202080860148,1.075390554416414,1.110499865647384,0.23946698878043493,-0.16833763423719086,2.0791231625420785,-1.3708420448290057,-0.577004439727203,-0.012276533502175885,0.39556843729297847,0.6550780176305259,0
-1.0439209802489835,-2.385422227645158,-0.07481842035058532,-1.2873785931353454,1.671354084093128,2.7119608896597107,1.1120606800331574,0.6421077589986135,0.14262139266888282,-0.812584514255267,1.0271915600404138,-0.016801315977740417,-0.604675181631919,-0.780043158149952,2.9251395877620867,2.240612120174282,0.5598117619307609,-0.8274767512618296,-2.0197449106649175,1.9757051012300741,1
0.07673285939295683,0.5090964426527677,2.191638255054987,-0.8247339795023627,0.2201291874877759,-1.1736682467533475,-1.1815665791024124,0.4219688214334575,0.6193492954346985,1.3617609133402233,-1.7407006063803354,-0.39907053924309327,-0.26904109188808245,0.586801850735655,0.01211396840006973,1.1600825123986132,0.1834542264722327,-0.5867447607300117,0.6258308647550557,-1.4330404046178542,0
0.8209671393129958,-1.278368977823332,-1.894834367582211,1.8575908766496656,-0.14958531531737618,1.4322484335469174,3.140422910102237,0.9963884256430094,-0.2841395546889674,-2.2267615249572263,1.038727899914912,-1.2381611443354588,-1.0108814965896014,-0.060280749027981445,1.5901974068370235,-0.13879640094553602,-0.035757644373514225,-0.0378867010218419,-1.0754855763754927,-0.3583944830280237,1
0.638391925608383,0.4196290600072025,-0.07576428653545988,-0.9020515543575104,-1.0718572330401555,-0.23542304735973507,0.6704806172412126,0.3764095260975166,0.6031874310823431,1.6426729532559634,-1.5537587660160643,0.8178896580250287,1.1254347844147694,-0.8696630812746944,-0.7730854561081432,-1.1894118928673278,-0.3286184757489846,-0.9006207346478687,0.27618030156723616,1.0391117874202687,0
3.529055187570484,1.0454102906288905,-1.6273117279473155,-0.8148681489093441,-0.04427331984464883,0.7691215199319633,0.1869902097246643,0.1802948805034444,0.4498272137265099,-0.09676010318688932,-0.7289592500331622,-0.18901429768247416,1.8055744326868153,-1.4762625440017794,-3.376195427553341,-0.6332727047102726,-1.2444864498888657,1.0108397350203135,0.24417960572040492,-0.30082595603229867,1
2.312044056359531,-0.2984879633991537,-1.0513290180232788,0.8209085211691072,-0.5869226054450949,-0.9172710357936054,0.7996645153475748,0.9465513614234737,0.7422099624265004,-0.6662633863607912,-0.3159639513526983,-2.2199890875563764,-1.527580941355759,0.005457844281313952,1.7103368511949801,1.209369178334763,-0.7036364441092297,-0.4533534501005882,0.15871341047197127,-0.6227305810037479,0
-0.7740256503626058,-1.8953550132131136,-0.2707864969790631,-1.1111237664157756,-0.2705053040961747,2.049386774778182,1.3427769644230034,-0.5793053085790432,0.7126620321270069,0.908090298262139,1.770957553347745,1.4316359869379698,1.153327763396889,-0.05255416192019341,2.4369704797733713,-0.4901909062286882,-0.6760510882885871,1.2084399891360882,-1.570285944147602,-0.8984904867728449,1
1.8489386185618586,-0.9278784680739525,-1.477772107753317,-1.47314587664653,1.0828414339163912,1.1646170857754,-1.3449866686084093,-1.0921199097223964,-2.412550817919811,1.2939335231057139,-0.3069940458834018,0.5847253470359405,-0.22256507077141327,-0.843596612531713,1.0204378677316626,-0.6651402992844123,0.4044081540714172,0.17952330153746154,-0.8215631403208081,0.11054911955213079,1
-1.0861262991814098,0.58549144057819,0.9578396311082676,0.49580502102757085,0.0340080962281468,-0.47591846189529796,-0.7908817916945654,0.518871180440122,0.09781329309330739,-0.28509425704201397,-1.3650217954266353,0.7014947819247145,0.4147728907887909,0.00161903135694112,-0.9209231265102656,1.6043391083085963,-0.8682609615983323,0.1386451837100845,0.4336189631517308,0.29094736433948537,0
-1.173630392546798,0.4302452083430608,-0.8456893114465224,0.9492964983753157,-0.7087782027214982,-0.9882919796466701,-0.26789873415849874,1.2237936225131651,1.1529132562048097,-0.953157504755092,-0.8193415927345735,1.1584719964733277,0.09274306577955228,0.5239989555843281,0.006393905009951517,-0.4970306906659087,-0.9939209291753933,0.3629957034326874,0.5277228162932938,-0.6866045318482008,0
0.6836183119363326,-1.3966823525087324,-0.35844618930667493,-0.6614878852815197,0.7429033054335988,1.6304696314350902,-0.19992992311841679,0.5136752157933061,-0.9029100070479273,-0.40841985013131704,-2.070273544513395,0.04117951694893489,-0.6270365091498445,0.07462800981684738,1.6671217133611806,-0.7295729332203905,-0.7349518768353778,-0.7106919924670108,-1.196522587247366,-1.7383975785217862,1
0.49199348683649613,0.25751043588804007,-1.0800026083821321,-0.5046337422892345,1.4950303097358375,1.4868064281706175,0.16279661809991253,-0.8022718339345204,0.39495797032330715,0.8444558720716657,-1.3129685299472729,0.39397522586440237,-0.7318573084158859,-0.8031108339533145,-2.219531206398406,2.721912147906493,-1.606256788401958,1.101737861786209,-0.36463385717519886,1.50506203860833,1
0.2987977803217619,1.7601627798215367,0.5239605120767348,-0.21715880713685662,-0.7451677703173505,-2.732777910832684,-0.39989999010931654,-0.02549412858519966,1.8987349813552388,-2.085792438905004,-0.10496770756362395,0.6127907415832897,-0.6038589312369547,0.058370290817895645,-1.3756826809142935,-0.3432059268430377,-0.7734558440334302,0.9737262308523678,1.7298995069626135,1.7110288091907877,0
-0.21556946135976882,-0.98787880421765,0.6521678851156861,-0.0015718073731942623,-1.6101697979934344,1.16400969213587,-0.8359397761665085,0.6559605521413735,-0.8384482508975749,-1.0684374858458288,-0.36714357104723133,1.1229693715857356,-0.3897621361164312,-0.4167054835910575,1.1676376003779545,0.10878490586079616,-1.3510744584514975,-0.3481073452012972,-0.8498320978593552,-0.8614127291863422,1
0.6802302084176292,1.4718971030840888,-2.230468019124459,-0.2725447213618092,-0.5615577463306254,-2.123506523710626,0.22668424849459717,1.1734422766324448,-0.7613552698089406,0.223153054747697,-0.5530898169141323,0.6958638390937854,0.5001430331138838,-0.3405987069098615,-1.3233883548860101,-1.3569355696995753,-1.936752702502465,0.551885971822154,1.393640005099981,-1.7811584144656334,0
-0.21761542271766712,-1.4705140194240376,0.893347262608146,0.4341269815409725,-0.2989373970198303,1.665826614388909,0.7370706706176718,1.5095468626126316,0.5859917689787818,-0.20375951349442029,1.3888001036195767,-0.355546671190706,-0.8878013803376538,-0.015865918453513532,1.8096300601178634,-0.08826023013504129,-0.8038031800970857,-1.2582963852509055,-1.243129488938983,-0.4414758053129096,1
-1.06925449375508,-0.36581940841578175,-0.21966945235096014,1.0371588986582432,-1.5553737338412423,1.2525390788538342,0.6095260452086012,0.04128745558743938,2.324673305852818,0.13592456721834797,0.20084509311570958,0.1007910726448063,1.478071898356444,0.3344385148485215,-0.4464410119944634,-0.9935895155940362,0.9562950020913461,0.08446678638994742,-0.5836754869860749,-1.1789234912983253,0
0.491412756355527,-0.3159426823573868,0.38142561753434195,-1.210160502980885,1.1818900425588936,3.148550396693947,0.9972655676588726,1.2272738220812627,1.4246277320772434,-0.2580455156111615,-0.06644897530945597,-0.35807944617931886,-1.3700266273644293,0.4385792909210054,-2.596591829892625,1.0653762722596027,-1.22322023006193,1.2685832356474693,-1.1808060100460305,-1.0260808441956244,1
0.3296335328077915,-0.8157881098230716,-1.007962234913638,0.9944144200902384,0.4594750589690091,-0.5836238223252757,2.0540955829236434,0.5673304769866295,0.2594199912631591,-1.0563081304757531,-0.7465633522699111,0.4182150782661971,0.9764977027728893,-0.12715602945673044,2.6169036158776837,-2.038446524882173,-0.9117822876686418,0.16387140173645573,-0.1959687471695725,-1.5050658569037048,0
-0.8987998102438376,0.5305100486234441,0.25675079866178757,-1.3223474346832955,1.0306598082415594,-0.8257548847269482,-0.0115150880766451,-0.526555133136702,-0.7334820666782794,-0.4551989048161591,1.0947985022273252,-0.8059917310594155,0.6666278834568907,0.4090649383340571,-0.4123815313790923,-1.349925637861273,0.5510170602262995,-1.3472539175813492,0.5220764338235097,1.9333597477143571,1
-0.47020333878531134,2.772193608212634,-0.5912780093697056,-0.5451862447263219,-1.1965579286166865,-4.543441462057407,0.35834451107600324,0.7209969529056358,-0.9785883899886544,-0.5653929702854015,-1.4935097782531435,-2.123947582700665,-0.9943550656308734,2.92727009247333,-1.9105295703059597,-0.9214510234289213,0.612332214002512,0.2431346551384891,2.802919256241618,-1.2276799644560572,0
-1.015581379650545,-0.538786181600826,0.33531725639730775,0.3753596961444733,-0.9561357029585392,1.1586539067255721,0.18030505133750305,-0.051509193753927957,-1.3115439660370012,0.5032323845324963,-0.5908183480914292,1.2450410082232566,-1.1830855152497652,-0.115188328776479,0.07646492932934779,0.9338104260749966,0.8225729212004805,2.305636837367189,-0.6350014743432114,0.8226824265741438,1
-1.5004765491630017,0.20901637043867283,0.20832250862559215,0.3807780713650517,-0.9106450871824898,0.23606829545947572,0.3603687159048611,-1.6178006138153371,1.6722659040975276,1.3924559414830675,1.2710653260070335,-0.9800623018406142,0.321291470757388,-0.8174081344143398,-0.7630621702141855,-2.4036686011005304,-1.4787771238462857,0.6722934080404022,0.021876294091454494,-0.6355410988155566,0
2.2369710770616296,-0.496826457218366,1.544092663524045,-0.8121694717263299,-2.707565693672108,-0.7412531245271203,0.38505516793783434,-0.9659709246115364,-0.28451030433922214,-1.4108022850909592,0.26264198787169046,-1.4500163561675328,-1.375149392040303,-0.6633383235123018,2.0064741309408385,0.20348200345228765,-1.3293590589340638,0.3566676072498469,0.006977421772658163,0.0778857269806748,0
1.466540859278603,1.0415356652838519,1.5944423917491968,1.451001438131336,-0.81240234893742,-1.278715331086755,0.678946987762233,0.33085130461557777,-0.035825578706462934,0.3131321400131553,-0.049029340838036735,-0.16036008104483077,-1.0773760769847582,0.8794170411374032,-1.175983141759193,1.3764964500195378,-1.1115802495135512,0.6870657958589163,0.9128473023716409,2.095843501809159,0
-2.5782928501405302,-0.2892612860302994,-0.7067431816423531,-0.25968686344106867,2.8425937280104594,-1.049150931886449,1.7413836552867057,0.09741734306431259,-0.03826128246415587,0.40524002554914546,-0.2785847237567147,0.35303924841500095,-1.0849679874804772,-0.8320704677327967,1.8288841806481393,-1.1355972655255242,0.44485822059832236,-0.5196744782036353,0.2062714398834348,0.16538476902386298,0
0.8496447827066518,-0.6418055606822597,-0.39039446711714254,-1.7262139619578896,-1.0414529517748186,-0.5623356479357657,-0.466227391717112,0.8254145978230849,1.7772947680304536,-0.6160275437179559,1.0033658927291456,0.5484632735405707,-0.2801110077500062,-0.16045004326563395,2.169179957115981,-0.2805717065985525,-1.9128513533478293,-0.34610427178001524,-0.12039098704341264,0.7639029085756444,0
-0.5019919601812046,0.06722429651867536,-0.19466369502467995,0.3975277565731539,0.21740585272700344,-0.7487373530350216,1.2724283828165954,1.056288483746123,-1.2502160258948012,0.5069157201363107,0.8549039226364025,0.009395354575849457,-0.013283088959019524,0.01342048538846011,0.6367948715818812,-0.9544386262909633,1.1064617708120716,-0.04020473453637896,0.27704811614514135,0.003582601832783283,0
-2.936200943778115,0.05961820769975458,-0.9247118804011716,-0.9101987062279108,1.8344313331400877,-0.05571499809869951,0.3073093537363383,0.9987265700830984,-2.187380914976043,0.9163289534385712,0.4153114772403338,1.4215032852330935,0.0347544782918479,-0.18998142349707814,-0.0860134454482846,0.10413338802134002,-1.312840273092726,0.4086847622754085,0.0465288210759262,1.2148840301830344,1
2.01780644879303,0.14257261469598384,0.22818728896095541,-0.9186164585230326,-0.6018971609326136,-1.2237208569047195,1.3451171736117884,-1.6352902700715526,-0.32732557507239574,-1.1675008238807143,0.7091143896332839,0.16222321689883193,1.1122924498917277,-0.1498780335221683,0.9608887188257084,0.4637230575571145,0.11122333484085803,-0.14031622804715976,0.46831783699223545,0.6617366120969479,0
-1.6076413105231968,0.11616140969989636,1.8641995258873496,0.43383524008887653,0.08919819661257138,-1.8327674880457028,-0.6713075913710861,0.44459199507312896,-0.12719938398244293,-0.4839843396005531,-0.2812035954027669,0.12341913350096105,-1.1229146774475707,-0.75311733062058,1.676947672663707,2.5031717909057107,-0.2796127199046768,0.6992124386719866,0.6552017787031054,-0.6964610897866884,0
0.13480142329020342,0.41387538535600543,1.3561067142103251,-0.19260643876080602,0.532022432272786,-0.8802060713154545,-0.5001526812147293,0.9363801346166222,-0.11741030034486948,1.9529445539995067,-1.03008605490443,2.445769569113684,-0.11399655283962636,-0.7728337308889638,-0.06925190386616609,-0.3399837223515192,-0.01833806663370996,-1.2255347222149022,0.48456630743844575,0.5292999339436693,0
-0.8484286341908146,1.103782919334878,-1.042044412243103,0.18142662011397137,-0.3519213178165091,-1.460128564790036,-0.48720292119492714,-0.4561208274741882,-1.7858664919341112,-0.9266983088473107,-0.7699960661974573,-1.2961166642498945,-0.5574230531083212,0.5950294658355647,-1.1339476976604566,-0.41299782214343406,0.5731278132412001,-0.03143917037477642,1.0017798236630517,-1.2032008553891445,0
-0.7160434362758403,0.8379354570365307,0.49150564724678364,-0.5092133625991345,0.30698107268623775,-1.1338906253518313,-0.009288561567815747,0.2783486346446696,-0.06312301311124825,0.35947579754712555,1.813407698515423,-0.3428788615575641,-0.5849076534177698,-0.8463597198869729,-0.8336241252841264,-0.47875857152168855,-0.4166253056154625,2.3490757867007575,0.768828164182036,-0.17537845589869072,0
0.03242660418700401,0.07668757640233151,-0.055393525482335705,-0.7214407498302056,0.009290068306694576,-0.04918799331004853,-0.5739346330742002,0.9088890363692873,0.030268671108619073,0.3982327846922724,0.7259236116484019,1.4926099474640355,0.06310712149202398,0.3689151288291944,-0.13468763372920356,-1.332128954630901,-1.5941826797254006,1.856672337917714,0.05249049172255695,-1.5198680373755091,1
-0.4894669953419908,0.14837503442419944,1.3495463138337433,0.20485730021769077,0.5209768734917716,-0.787362050873328,0.7202240169054077,-0.7043603242208816,0.7333480071781809,1.2322838295108312,-0.6073230454709151,0.4276767710099296,1.5162884505560141,-0.9205832258364774,0.4799055578893142,-1.5702366540818447,0.16700292169573833,0.038915828017330296,0.32819755352060426,-2.968368430235852,0
-0.013973228476073308,-1.6740476271968148,-1.9320651585199595,0.3389758936682615,-1.2689825772544985,3.2048017441282326,-1.756868699401502,-1.0141642181269683,0.8852563208659603,-1.18023173420037,-0.8888596980356747,-0.15974849799158664,0.0105457117410256,-0.23227350279947281,0.6603828635905034,1.1402505526712048,-0.33348628096969524,0.41870457829236835,-1.8435920159444803,-0.963396341198569,1
1.6850142787085094,0.8441547633174741,0.12354769595558233,0.0036956718478473255,-0.5057467042619367,-0.9395025878168852,1.9541574337502863,1.9625871905307948,-0.8798143535020543,-0.4853058353678683,-1.0589075870566005,1.4816634024625988,1.341475915530881,1.0114630354083562,-1.05676842243898,-0.742484232538384,0.5628808601743548,1.230874513154735,0.7081321378363907,-0.5923559556520536,0
-1.356545052286539,-0.5799140532990152,-0.32551341299493647,-0.24735092714891319,-1.6139014554789917,0.8047506208359816,1.3212111260775763,-1.1485833152387388,-1.1871303322833242,-1.911642210919043,1.4922645094750588,-0.2536404538925019,0.4408197989057157,-0.7225967814014777,0.5555201780060056,-0.6481324338877777,0.20431988398831977,-0.22056253440898946,-0.5386394669742869,-0.9550822881358275,1
-0.2052925216285141,-0.26217635645805626,0.48061121524859435,-0.36888310293702387,0.10160771869001077,-0.6447783965400544,1.5208512320637795,1.7820241127014727,-0.6763397157635455,1.1370588600455223,0.14403090197922622,0.018118477625871335,1.4634356542609945,-0.029507598619071266,1.3301372840786625,0.14701083361286355,1.4844340384402286,-0.9112800569029585,0.08672187803680552,-0.1487295878173936,0
0.2514736089405121,0.3404508297655695,1.0706105599791862,-1.869816339532164,0.3614173172731029,-0.06958647894233605,-0.7296024698074095,0.45060341286253885,-0.7557915001583629,-1.2094769354188053,-1.2931415437586478,0.5723903111756757,-0.28313889674376713,-1.1617838439123638,-0.7571035274440437,-0.30085974714082625,-0.1942691319785193,0.38897872935218375,0.18431482599238092,1.649480894323921,0
-0.18186006579016192,0.376248539849302,-0.6712110751338888,-0.5993027886237254,1.372278913446575,-1.2161075970278052,-0.16128543366114506,-1.0149165707990837,0.03660365656307895,-1.167209485614359,0.4963816465288452,-1.0794739195745453,0.35829981493276813,0.39464408335666606,0.3819940959932141,-0.8431023046628692,2.1572158874477374,0.28158340508583424,0.5766952504354897,0.9392028516620472,1
-0.2598001407675125,0.6985469353283098,-0.5791241096357465,-1.423682636883923,0.696167997159289,-0.6196776371769573,-0.48083378951197936,2.169936588080543,0.8021284586181193,-0.31823752774262026,-0.5176925728692147,-0.08809124402907328,0.7835896647986067,-1.8518427315746586,-1.043267883444262,-0.6786430612941032,1.5985381120963413,-0.7811563781311142,0.5343292704277559,-0.07906734186455629,0
0.8324005385905596,-0.34714719358406093,-1.271284249114102,-0.6247725827776154,1.044980495133194,-0.8234067531806701,1.0904721690569938,-1.456857628248038,0.23154106881380565,0.24107607880329518,-0.9379534088448924,1.5986475935911102,-0.8535662847026064,0.47900262409198874,1.7287715568502398,0.263819085679341,-0.22836079265763917,-0.18707426992272058,0.10489329851547521,1.0275527136751572,0
0.23151877204646154,0.9647993659843834,0.736227445165127,-0.6431504101226553,-1.0105906031585947,-1.6156788462543117,-0.9831031471441493,0.14805741389081464,-0.5696300765463775,0.3330584350670474,-0.254374417026562,0.7368371241051792,-0.330810519522272,0.26151859672583017,-0.6280767659331332,0.8804864602241314,1.3150480595242016,-0.3152781874521438,0.986768045388332,0.995954928226406,0
-0.07595102364252276,-0.22294581420039034,0.5576910607251245,-1.0150941918278686,0.24650477843200488,0.8869246699267097,-1.111457956937032,1.5805406865683735,0.15175799224874037,0.4663583744463345,0.49822174849678513,1.1401490385212665,-1.2575778589146163,-0.8108575112103382,-0.4042782724511623,-0.23401985910698136,-0.31984752325484395,0.9873345165891019,-0.3961774488691959,1.2816437950037687,0
1.0467127137757637,0.3201142141620066,0.18794177643275645,1.1523486389619257,0.6509656787794414,2.0336452879154674,0.5724714117797358,-0.682074798023783,-0.4957059465748997,0.33658304545903495,-0.11798109460737784,-1.156996455664364,0.14341763068147614,-0.48462856460008136,-2.9574409509433037,-1.0756504835748875,0.7735577062068134,-0.45768456167907784,-0.5139776580328822,-1.4603024352092226,1
2.448586988174057,0.3688965456492988,-0.5212548068561296,0.5286348153345591,-0.7274539247231182,-1.131598819011737,0.6184072157441348,-0.5963246890919207,0.949263174282309,0.49127402072628285,0.6381840407282129,0.21272612119178486,1.1575196058099577,0.5465897256886387,0.3095448708374805,0.9661470124092959,-1.4036162110718102,-1.1275909512087632,0.545537013592908,0.018999082259871004,0
-0.4760177475989431,-2.1142506155223764,0.1825878042143362,-3.329503797508129,0.25043028300104486,2.4003723701465685,-0.2124587250342695,-0.06439754062470791,0.16502526243871166,0.31571942229652405,0.6802871657177568,-1.157933699731306,-0.3008141303748423,0.24733330168252382,2.5961401024519546,-0.9834497634779713,-0.9448144902417202,1.1726975771850674,-1.7890636854625208,-0.4880128031720859,1
0.48630999335022157,1.7926591705777852,1.2238559185425932,-2.1537305737914614,-0.5922408448128146,-2.741315774523594,0.33795555414502526,0.685857818608419,1.6232566905280539,0.6230873478890951,0.9757133776692501,0.000755507454595548,-0.6385858251450302,0.4469817170098519,-1.4459209513551972,1.6533096371785305,-0.9984408528767182,0.23985774584929662,1.7481132645881816,0.851124098380238,0
-0.062191016999311004,0.8163775555040983,0.271495310825648,1.1695899924277735,0.3405892164004968,-0.9817030263711461,0.5514762752395233,1.0473177066214483,-0.3340772309799405,0.5142547560178349,0.39069592092814415,-1.326472128311083,-0.04347694981386243,-0.22939074406802776,-0.9437775284080624,-1.5311075025557221,1.1243533598705027,0.5720574417141441,0.7087702664391979,1.0176614668435024,0
0.4548758006638433,0.43627001953351047,0.21920418763358843,1.482832866385907,0.16179154060272016,-1.6699586644808813,0.6734288127536935,0.4962485662454281,0.439842886472828,-1.5031550695996019,0.3467240162419504,-0.33702637468137664,0.8095418882529403,0.7047894424389869,0.7209163251927044,0.29401639930663104,-0.010939051960085844,-1.0446665306312433,0.7537737646019192,-0.604029885474771,0
-1.357517539841935,1.4005925809512763,0.1979166673420755,0.5852994365163381,-0.40436199269002276,-2.01991517602443,-0.6074722876203072,0.1458364702153839,-0.9642000714232447,-0.5327254982169035,-0.6862791357550845,-1.4326712897396527,0.8199252526352343,0.5148835960763722,-1.2600487365774067,0.3243402100148682,-0.9006713825124801,0.8396638644311888,1.325890729415593,-0.6668487169515637,0
1.6037018554669304,-0.7589166546358013,-1.0730913283626153,0.405850266692899,-1.308684130989139,-0.4450183091822124,-0.8489046563704645,0.9067842666754293,0.9136072175680342,0.690700889348637,-0.15350069556978385,-0.8664477699523984,-0.7974854973437886,-0.069851868183643,2.329717580598092,0.3805203053163029,0.45963731807481595,0.14268841220163028,-0.21436788986455316,-0.125819351548333,0
0.7642925814204332,-0.18432149257510855,0.5652002170845991,1.818464378381593,0.039309198743465314,0.22342968057680357,0.8793072927089763,0.34285346578164794,-0.5724750238115909,0.11046875588613572,-0.9123255140663579,-0.4624991531999693,0.8047874435273991,-0.48401962319627845,0.21118047855137612,-0.32805645067676004,-1.2412992727409569,1.5153967492635925,-0.16060910374139248,0.6546884930081445,1
-0.037893081716830875,0.3214916805650481,0.5779785236395572,-0.038742894989543024,-0.1286594463520559,-0.033445278955312796,0.5773635251066616,0.9552692372072055,1.184256645196173,0.3569727592669261,1.4069347458917507,-0.4841184945848177,0.5925303073177614,-0.6083507646793376,-0.7494594544842438,0.4096361186839937,2.3883719928704386,0.08127842205619876,0.16348603516438892,0.6662696720435232,0
-0.04991023304116202,0.2497744829506698,0.3090468350240348,-1.5008020152621748,1.4137696482912587,0.7769406474576973,1.4239538455411669,1.110911144734433,0.3310389028172135,0.36926377764990465,-0.029172699226560628,0.13931963072955983,1.3355704555367565,-0.32307574267702455,-1.4412313024321362,0.9752005416847661,-0.589915396249933,-1.5058324053306205,-0.13587886388468348,-0.3950468521695675,1
-2.1305664798072006,0.9303289605169018,-0.1873290184063747,-0.4997301761516306,-2.120700152635066,-1.165629462882507,-2.238231233324972,-2.7475048427252347,0.21539650545628794,0.38298898474092846,-0.6068651778571754,0.45768658605355206,1.3883377782084478,-0.5262478565174211,-1.0253401324552434,-0.38502181171286365,0.7682072166317373,0.14125714008746323,0.8230572780510247,0.29219272832637316,0
-1.3177997521089737,0.07830084819699884,-1.4545614052447244,-1.1305204560329611,0.2913744562385839,-0.7805385472252375,-0.19052518962003737,0.4945224920487726,0.8175345098452976,0.07234521731918178,0.3270752180533076,0.15464854323662508,0.11375768348027737,0.19737260543966004,0.6437610484147238,0.23167268419506085,-2.2142681858845514,-1.2732127739133976,0.2927159085900736,0.5336264248164758,0
0.7688396759688968,1.4799882388669103,-0.8342818100346248,-0.23950192202174977,0.570507208354516,-2.111879848850791,2.184096733380456,-0.09294420661358828,0.3631156277445234,1.8904406851557827,-0.5806483025539511,-0.6113852473886282,0.18641616974404632,1.1168337755299542,-1.355588898518359,-0.7316317389085281,-0.6082265074447593,0.04930833152022263,1.3936721103744465,0.5152943216244674,0
-0.2991817724274345,0.9348471996674931,0.655403829850237,-0.5706404302001128,1.719040612841821,-1.1801182205256275,-1.0701915628943317,0.7918593103880676,-0.5844552918504382,0.014149264965758293,-0.8963326585920618,0.21930233720043607,-1.2291835978004162,0.8524686434329506,-1.0208759862462062,1.4521176991825604,0.8089192693927194,-0.5964114079688796,0.8299449396862423,-0.5376457577798165,0
1.0920554114388017,-1.0642914239080967,0.4113602775697078,-0.11853423402886418,0.199982199863687,1.250931982057757,-0.4396161530170061,-0.2812936526695694,0.4600453908835562,-0.5554003994423388,0.9574098452321899,-1.2243997732210297,0.8998294961329573,-0.5142689715706409,1.261286008734074,-0.7203883588004716,-0.49244411241221675,-0.7099191329520645,-0.9145471577579001,-1.2125219470836786,1
1.22393634423789,0.6153858343271972,0.03263883669087142,0.3225046602899047,0.39946937260218507,-0.0005635373644501396,1.137381097628914,-1.1569413972294713,-0.9323712431819872,-0.9823242722767759,0.31047275418075143,-1.127263792554147,-0.5318777502893286,-1.3641059938183584,-1.5024681124877532,0.5009173290858575,-1.5714199983383004,1.6053559623618066,0.29216121429668745,-0.5567787728433663,1
-1.94249769096177,0.8959114872456515,0.8918405795948128,1.5884471762401118,-1.8132934720171585,-0.9003241580171191,-0.15464970656083346,1.167217733304373,-1.1557075749169152,1.0734127024104452,-0.019318304271835673,0.10163005353342468,0.8011817639881827,-0.6849871791437476,-1.2250960321892006,0.7654021560133495,-0.1554224325277597,0.4986899121355445,0.7198608301661266,1.6010743061643926,1
0.2422911858023184,-0.6446818918080186,0.795234249257182,1.557186632376758,0.3100688238751504,-1.0283122126466797,-2.051052407853855,-1.528587982263667,-0.028489124510392892,0.560761268005573,0.21856888887371573,1.6688080813007051,0.48898953066004497,0.07540912892466581,2.674700872557879,1.6759187876093766,-0.4834781349943769,0.4003682894625609,0.030815106412012922,0.2912836656902564,0
-0.14663177404360228,0.30714244365331733,0.5382116054922572,-0.5653499525010943,1.764825883791736,-0.9296958469712564,-1.369463774656058,0.3306132610904059,0.9498890682492921,0.7914974359729572,-0.7742699224040547,-0.22366657180344413,0.5753567245201257,0.14340596107130443,0.24438526100989266,0.9606132325034853,2.3491085580250326,-0.171810463802674,0.45012969052867335,-1.015663230879826,0
0.9007751317905579,-0.13361603450646561,0.4827127605561378,1.0893798361546077,-0.8525725887464994,-1.1852345613925466,-0.4135312588093302,0.033567648069006084,-0.4578169695901857,0.4307399339818508,0.6099091226546439,-0.14448784144442942,0.015033925541790552,-0.11387660773574096,1.5943033637751083,-0.5996495114509319,-0.5791288370068761,0.349827912680088,0.32467579454642737,-0.15272994498015613,0
0.023980019015592963,-0.1896067880041483,0.6779699708965284,-1.0658027113487583,-0.3310243342080806,1.821317133258742,-1.2847277664174672,0.2588875157127058,-0.29954941119919215,0.23773172790598612,0.4547043964167744,-0.06616593454643473,-0.6132118924759965,0.5948543733972447,-1.4853089641732606,-0.32461967439794126,-0.7506268219767557,0.10307822153084817,-0.6862996671603795,-1.0469217501069061,1
0.34696029688448116,-0.9028601582711362,-1.3631030805815938,-1.0199687187676887,-1.9793197948526953,1.0697521708197442,0.28722034517527945,1.3592914243365102,-0.5666705929614403,-0.8652992751348513,0.6936979550131449,0.7244281762354122,0.5638165593865041,0.16056211829741926,1.0608162304600832,0.44228163833030987,-0.15249967830991942,-2.39198188955614,-0.778632099101592,0.1469922842885556,1
0.01569779595775838,1.1675530751246228,-0.150614014629933,-0.9951739598992374,-1.128062554807694,-1.6587103622990578,-0.7661208306106709,-0.41462690057186313,-0.4463205152343449,-1.853018482897569,0.30989477938063453,-1.2735855485965992,1.801430099266488,0.5496831862902597,-1.0772652182403666,-1.3015879828033312,0.21865930675729772,-0.1248868853500674,1.0970562616846662,-0.5035696189077175,0
0.99006123071636,-0.4338757931802179,0.7859928127031317,0.36905204858996804,-0.5237592910266834,-1.0696565175358983,1.172967699164266,-1.0429282618087377,-1.1087648954049951,0.07427369019014479,1.959683981955883,0.3132416936936163,0.4340684871831768,-0.3829992144834577,2.2040396196799588,-0.04285624766033802,-1.1561273671510321,-0.9115933765861459,0.14437143966150903,-0.13560123990088283,0
0.5068025945524742,-1.97861384241866,-0.6603813705355391,0.8623905759176876,0.06217922981228763,2.2803709539480743,1.2224021616505023,0.16208569264677555,2.099752547995989,1.8878589879586387,-1.8794669639461663,-1.796991647279401,0.4497126074965085,-1.6176214586261501,2.3932251665450046,1.3303435074897187,-2.133184427628144,0.3312227598598763,-1.685418241743233,-1.3356066666463606,1
0.29964768783734813,2.295238130746729,-1.4162270557926455,-0.2215132629521239,-2.839078659485427,-3.645251695973163,-1.1511537365528692,0.5169465157483709,-0.4151002889633696,0.7658782794806148,-0.809380821082754,0.9567031863856584,-0.6888855425754056,-0.02230028371805305,-1.7064441730989892,0.20475888240178416,0.9324348709546673,-1.6158867874104728,2.282535642305433,0.8622235118869771,0
1.1322873748389386,-0.2785729902742489,1.1072729720038041,2.748782415910065,0.999991005059611,0.41230150245399155,-0.5142094443630262,0.29203572173090797,-0.4167916511383418,0.04108086409475417,2.0603415438368318,-1.0680471383662404,0.061788270229648265,0.06658882690292169,0.23933583728152252,0.7884989473510197,-2.0029484138651927,-1.7072259945705526,-0.2671684998155142,-0.39284389076720727,1
-0.6045138605597951,0.7732436068504339,-1.4264639114237452,-0.9878580736322409,-2.1286491245185197,-1.5198776624767634,0.3583340711969214,-0.5468384551947827,-0.061366040099912866,-0.16624207232083046,-1.8515868342905866,0.8185487164399984,0.32762621732841496,1.270845621075548,-0.26269143137036033,0.8720901955337838,1.7444955493598882,2.679628693900003,0.8645148918504953,0.11083637869222239,0
-0.09515051205677928,-1.2862702462690474,0.7107740251751941,0.06382122503363889,0.5970560997385407,1.427448723626266,-0.18194543834241864,0.988526104647442,-1.7592870200405772,0.709029775318304,0.8937617973878307,1.6201586849567073,0.15565829767174108,-1.3082532554243715,1.6146308061496812,0.2565773958493077,2.1009871898131114,1.3538918593234255,-1.0776628928751222,0.9084142390861619,1
-0.05706129143115594,-0.20919307956801206,1.9025582052295598,0.3270723748778453,-0.9019926494431975,-0.18420363934757922,2.8652120230859626,-0.5924654553805143,0.4752586047173115,-0.23875260206343432,2.824220426395203,-0.3542063885087883,0.3990441406465261,-0.5820613340930124,0.7080096618459528,-1.3200771877373016,0.14159578673988282,1.2855822343616794,-0.038941745359863986,1.5268126635772652,1
0.26028050658288615,-0.16154322469283489,-1.7073579575929467,0.501782736167545,1.2358116200069387,0.8433695093624853,-1.1165244399486591,0.1600182258527877,-0.9571509148950429,-1.3260476860820383,-0.15589817793666752,-0.5482872964906009,1.4484992298929262,1.1173988159024608,-0.5076584767190596,-0.35976864578908574,-0.9637589262106109,-0.413465161123276,-0.35278340154898447,-0.5358014630522978,0
1.0374666695650432,0.5442372173706361,0.31549680832349175,-2.1772360688967356,-1.3507974226106847,-0.45863464576537094,0.6538645046423779,3.071336701606002,1.4218930887043426,-0.526955143564992,0.8620575905465448,-0.11151889650579287,-0.39415809652607375,1.3691143676747508,-0.8386502806484897,-1.6171517144400436,1.7219642881321755,0.27747924133746593,0.40838633995010976,-2.016294310423165,1
-0.26281682329705947,0.1853853558951063,0.28235266397965253,-0.20044498267722502,-0.1271627962941314,-0.15758389446328747,0.6289391096964736,0.09852602490538785,-0.2911637704263413,0.645296958431043,0.2872679291207924,-0.037914678132769594,2.6980404568174263,0.017972579368308247,-0.2842198936735041,0.3116342988074249,1.293989213291668,0.438023605328097,0.1395545317505307,-0.6380301656523745,1
-1.5377078085300024,-0.08590142592096396,2.045654547677154,0.21416894113174983,0.3044922016801448,-0.1979839809409525,0.53034290167058,-0.11657134645332866,0.6844861335529961,-0.7656111570301878,-1.0575146702934315,0.6233423006748285,0.1602688574175767,-0.976620315863556,0.42161361131371744,-0.4238335382064832,0.5647762643141505,0.7341063358072487,0.02406734203854179,-1.1231950508753776,1
-0.844324037183071,0.2089635169915703,0.6089053562546319,-1.086054582118086,-1.9495617177543672,0.1553743273094248,0.2620668090867255,1.3697011076541847,-0.48282759080691834,-1.132784951267745,-0.35084943007647457,-2.2183477600510813,0.9458696436841456,1.2554036094598964,-0.676607744801421,-0.9005903525360617,0.10248464215820753,0.35037021638633825,0.04827216683054701,0.200459631413729,0
-2.4213797518772786,-0.2813256933947599,-1.4198253134575696,-0.6915614026937736,-2.0435383538962357,0.3602210979505417,0.41708049800864466,-0.8281401376128967,0.9347177458284922,-0.5750581961873702,-0.5305803556472093,-0.05434084103664975,1.0092949557798092,0.27158220015359236,0.3017741973473168,-0.9584493812548077,0.14171179031750872,-0.7312609733270449,-0.2514223003040871,-2.567585117933758,1
0.6832124040010689,-0.43993497089620254,-1.03799135498923,-1.5449359221534005,0.7344767450012178,2.7865335763491093,-1.3537546747097586,2.1458249250764885,1.7873464144298254,1.1247767199858125,-2.077119853773874,-0.2352739099724389,-1.4991812019576982,-1.9819644857387133,-1.906461693594084,0.8983595683469856,1.3902553275119895,-0.5125887969785088,-1.1211034065526047,2.779963624223556,1
-0.0498801541281177,0.7739243520878766,0.11179915820338826,-3.1704257358780557,0.5179947763914519,-0.9198365268034259,1.0071572005966691,-0.0809173376626882,0.4734074157124664,0.01934407081175429,0.02620475277403566,-0.30356432526591504,-0.4884760801103597,0.21060083929764178,-0.9062701513138482,1.592669998282884,-1.0461210850625042,-1.1889634195349619,0.6683714392868199,0.7228268949855121,0
0.5140625524247758,1.155507431586303,1.1628385775349859,0.3873714806329899,-1.1564158167438567,-1.6487431846039207,-0.5800163326536847,0.10744437434089255,0.7565646749131401,0.544220352340347,0.8500793324175533,0.41768075223940065,1.2838168598535613,0.3231854824582059,-1.058506662415183,1.2949855848169558,-0.4611697320346189,0.8458028725629282,1.0880776017727516,0.8431053323232401,0
-2.0150084395070906,0.4635453969343824,0.16940307491206952,0.9210531280479252,1.535121739812652,-1.4744139775823668,0.3803366503158828,-2.1626790105145295,-0.7978221214427796,-0.7767739091870604,1.3101948560543004,0.864584791751771,0.2559443770783465,0.7055133860602464,0.44510551156718514,-1.7302221261454855,-0.002915151414794514,-1.1668227695340663,0.7026893149713774,-1.6048043108980627,0
1.160248131829619,-0.7917557825836344,0.5496698134880496,0.8935422058891094,0.3268524062609343,0.943066183242395,0.07978843143232382,1.613358929079484,-1.5179511318432517,0.1973684622346911,0.22731379549231806,-1.0903921988074388,-0.5283308891104243,1.358949951267116,0.9249723848913407,0.4165235447151714,0.19305080295811483,1.1280026262015077,-0.6844376528626392,-0.8823893030786208,1
0.11650805247587083,-0.5556900001490518,0.591668049693131,0.47263976299001165,-0.38479202360407067,2.09085105650909,-0.8577331766050195,0.6054045047627467,-0.31146719489920155,-0.029766488336401747,0.5557421780428925,2.054092441435975,-1.0731902740670494,0.5308015836727296,-0.8794998254506754,0.115596738679908,0.37969967741711247,0.32158454037275613,-0.94824317981093,-0.5693514235811376,1
-0.60596298394751,2.384584848191324,0.5670218329032266,0.2578616172949595,1.6100761231896492,-2.564791778730816,-0.9454683399946582,0.12477857967741192,0.32667092154216776,0.5673056252922603,1.1892834534396428,1.333439166032965,0.9957835101574903,-1.1937118542442775,-3.080533853984221,0.3798334550370854,-0.12614154987731818,1.688311811452882,1.9711612581236981,-0.9977562791069342,1
-0.13352573545248822,0.1304435537978792,-0.17535817439484103,-0.5753086084017933,0.3624508686256106,-1.0225194269056463,0.13175010974729173,-1.9633586432655206,-0.7471027536670662,0.9385710670599392,-0.014925372442960091,-0.581443086342757,0.4660667482786038,-0.9724506376870051,0.7752711660053856,0.9092873966936939,-0.5219555654758967,0.7569527361278201,0.3966853703920512,-0.5603531560598431,0
0.5310851309759498,-0.03371786933330215,-0.01968075432826937,2.170452178944556,-1.0851415431623328,-1.2723683998654274,-0.37305866766391554,0.52423017995203,-0.5488050227771684,1.6780556004525953,-0.15308373300965544,0.41732930166043963,1.150136803679616,0.46446746972355973,1.443518162938196,0.06609424629897591,-0.9926590154515813,2.3984492855880695,0.40060310005145305,-0.8979419856402304,0
0.016025282295160426,1.0958814375954085,-0.8522246429973241,2.9181735550600925,-0.5292010098115129,-1.278945453233077,0.5181017020299757,0.13735247940703602,0.9736222494278469,-2.0746400375463683,-0.8692869869886438,-0.010867137034972144,-1.1301787294846835,-0.18414581568320207,-1.3084757210113962,0.2730107174943857,0.7946003829452114,-0.09195678260426586,0.9387076095561797,2.2758254276476375,0
-0.3103961364755137,0.3889260318657467,1.7816847864668515,-0.35254624273661994,-0.05247385606304944,-1.3580618573630545,-1.3646763259005417,0.21566877093361858,-1.0783150666292278,0.45920418159952925,-0.27633529504421733,0.43374968596096225,-1.1164508551840475,-0.4409021886108555,0.5028902813014561,0.9878615824065092,-0.6568354686944304,0.9177681977951373,0.6291891221424294,0.8855770816950449,0
1.3289333195354096,0.24545779863532277,-1.5355721232071058,-0.1344967844017327,0.6124687940136023,0.09212541726093182,0.756788679986982,-0.039307287627631186,1.090980425185967,-1.3122191934314063,-1.0166831285764972,-0.2440804736742013,1.4313667818311835,0.33385996656853467,-0.6980816575632365,1.0817667276728287,0.38680852068920263,0.6220699903060487,0.08629634789891272,0.46926758980852623,0
0.3947573891079933,0.3649776294815243,0.9704626369066661,0.8995613767383077,0.05461178291007045,-1.2386035164715854,0.4133720291303957,1.0608000718059476,1.1626480586861927,0.9761386900669211,0.6573210951195391,0.3142674218011834,-1.0859631707417063,-1.0182539014177285,0.43358896593277785,-0.7012495444040763,0.36254309109296134,-1.5763089967712456,0.5787132911558858,1.0929591108966683,0
1.5844943751570586,0.18813734096501278,1.7522919091220317,-0.16681474069839325,-0.7687664100385205,1.9240224664197152,-2.5089571784950757,0.21871826614148773,0.6928152103009226,0.7265116223360603,-0.45903167317890037,0.5817233649705059,-0.9780230235225682,-0.011997344627723866,-2.5178163184454023,-1.4972323944841732,-0.790017096815208,0.6937061125361853,-0.5407026817234076,-1.4213499453185472,1
0.4281862478105761,0.4325356181769256,0.3883120054234496,1.2302221756507876,-1.3327773974796497,-0.2228422146739173,1.2495049007061587,0.3791531187261241,-1.2790307362197864,0.9134737320174066,-0.3494393272169559,-0.7725687487562407,-2.390304367469438,-0.5969742867210739,-0.8180683444220569,-0.41222074502447015,-0.27999330187447974,0.5376299029498797,0.27818472601503497,0.06008599461516361,0
-0.30083528695503226,-0.869240790196457,0.6647630897243626,0.6726128910898425,1.5443334869712346,0.9564829336371072,-2.239322666564225,-0.22676079665014473,-0.3926746535260844,0.994518116028477,-2.204482050880324,-1.079161816904492,-0.0281243239418344,-2.9952668907996163,1.0998753316997314,0.7923950394157345,-0.6161481288926278,-0.6973296584974588,-0.7255942165039321,0.05573977332636784,1
-0.2652375404702022,1.4822076943440348,-0.3610092232525697,-0.8418216318681523,-0.23066166663970813,-2.23404860301956,2.7030275644050836,0.21896391585597508,0.26859358104429787,0.17615045188769213,1.1032175720536581,1.4419424019526008,0.6841632086089545,-2.4353123317828884,-1.230315381399268,-0.8147560028235481,0.033719054901053244,-1.2498203395893641,1.4347258470893125,-2.304211935943967,0
0.233285041087872,0.31517351487238454,-0.3904091864216333,0.3915511752600938,0.9397354817471042,-1.1592279843281323,1.9687573094339588,0.11835006565517724,0.3140226024861145,-0.062088698214287405,-0.7606006644251391,0.5709409939421983,1.1896426454852358,0.13734132456510456,0.4703199073390253,0.34562034465144587,0.12147857932905783,1.0421905769830173,0.5290939060919689,-0.36702261472164177,0
0.925904176727718,0.0704274002540611,-0.9803882514834749,-0.7294370488476493,-0.336544921209111,-1.3939645633088782,2.1353211239759577,-0.6448958586443377,1.8341345643623908,1.9489631114476191,-0.30821592816082993,-0.3467498910082427,-1.3657959280509446,-0.5237042828895252,1.3192268070909297,-0.7853179202632383,1.1772087874169148,0.7356551436413686,0.4898292020200336,0.4261565596461849,0
-0.17798620795134507,-0.931213227806713,-0.8688314878897103,1.5922250736487749,-1.877039154630309,1.0084934116845585,1.4919430591616407,0.19199378862226754,-0.9176159891063321,0.46959648329440085,-1.6064589010404138,-0.4883077867114918,-0.6082391480645393,-0.18526591493035816,1.19560199574492,0.31138993769642714,-1.9550861139181497,0.4412398221702712,-0.7720270883721017,-1.5882270987078202,1
-0.6946003691631446,0.19979592055547082,-0.36920720044744615,0.10940847183297006,-0.3748220566218061,0.251617955025228,-2.9069882193216414,-1.2374266382225725,-1.7518288067517191,0.4559041951707027,-1.0385438208439723,-1.6312758154609455,0.31318447386498,1.3286408282482312,-0.7571761736279676,-0.6065033882157397,-1.1543626682329844,-0.45909031021899177,0.012410253695871197,0.8419836954521269,0
0.2939493879431622,0.6023311467835276,1.029180436127967,-1.556951086706478,0.539764512828342,1.600586836298887,-1.7941435111986004,0.2023833705986952,-0.05796399966830253,-0.9243573336303755,-0.3265358525345711,-1.1709248938074537,-1.4228769078115544,0.03971382171963468,-3.183471557006158,0.4612720843178312,-0.7725421118422359,-0.4509940170293094,-0.23828397507865923,-1.1341711452777905,1
-1.7959827345840234,0.4172280652306018,0.29226545615571214,0.6491477210704204,-0.589423411486891,-1.2373528463430548,1.3295342439705244,-0.22666220372399956,-0.25460798601388357,1.2537347862197346,-0.8614434294642864,0.09748893902369685,1.718439615602714,-0.45325952594704233,0.30463008401246816,-1.2896760979610558,0.23787515634886738,-0.7648492283081031,0.6030945990422952,-0.6807755663251802,0
-0.42002772729416255,1.255045235773707,1.1969109487613523,1.3621324036850793,-1.6744694604532453,-1.7425938962550673,-0.5968947847319713,0.16058943317175978,1.4444121950550874,0.820553502887897,-0.1090234199634638,0.03437530902646009,-0.11961962436877134,-0.23644883673585937,-1.2012260653662494,-1.1031843812330935,-1.9046746934654637,0.18430906407810346,1.166033179459672,-1.1148221873524142,0
0.12417568474461345,-0.22621427606822778,-0.46126705049830724,-0.6191229482499316,0.3359681734405766,0.9273783970585875,-2.252793394731339,-1.0984092179625526,-1.269465266012813,0.9959736788464457,-0.2728445463401307,0.9701750825678591,-1.0042905634942532,-1.5065252580391153,-0.4395719598485083,-1.181981996068219,-0.3807634038618044,-0.6982618487513923,-0.4109736320104146,-0.7660452024003999,1
-1.3322445867634454,-1.6958217519836782,-0.7985203921840281,1.1185414093359494,-0.20177437629915856,1.8392380079403248,-1.907221999688803,0.03476924809445675,-1.291807453667116,1.0288491536095945,-1.4571726984209565,-0.16142789803281682,0.9084451656457725,-1.5075851347639375,2.1744277323450603,0.09808045027979402,-1.2174993262158662,-0.43175117503112775,-1.406807904702461,0.41934187246162524,1
-1.167779551267935,0.3183545460483833,-0.9244659881295544,1.6259589153620633,-0.2739930818293042,-0.07835578106684737,1.5628887685081978,1.904136589573007,-1.097302527632844,-1.5166425494207911,-0.24338397937501807,-0.29983819627488056,-0.1590452104000513,2.218780233448134,-0.6937523923257333,0.29562448874709507,0.2167755637626291,1.4769344261182744,0.17670225585005964,-1.703871586826719,0
1.2614989908023837,-1.2751669447850849,-0.31909603425102373,-1.363404247337514,-0.10059310537820755,1.5144232036777392,-0.4865812463547379,2.728499745296607,-0.14981071874579097,0.09782649185226754,-0.6695523263758105,-1.5341809606872214,-1.7720278284240423,0.18145900694253897,1.4944670137131506,-1.997047436617975,0.3995468410157058,0.17436758776830327,-1.100872132175222,-0.9008117410113639,1
-0.09884520123930605,0.9707159280418206,-0.8028244439508423,1.4891131083282896,-0.07566560432583026,-1.198494767838182,-0.07397286359437803,0.5055892418358746,-2.5322460852196853,0.5697603571986469,1.9725421767898081,-1.385987942398998,-0.40439742318396127,2.271449745422796,-1.0888258498122922,0.4914294527201998,0.4359753895000459,0.19548173155329082,0.8529801383715943,-1.5769964821909972,0
1.2796141191777477,0.07705765673782514,0.7580657061739681,-1.0085308082526463,-0.5703967395967432,-0.18840753825423762,1.7578268995019506,-1.7871385875844514,-0.11317064829006354,0.8569052705051,-1.1175860426233242,1.547640773595271,-1.5604334678050311,-0.2468578925108528,0.013343664075324613,1.1121490628065982,1.4492924284038262,-0.5747932272153171,0.09824956920392455,-0.1971079879373953,1
0.9687698956813533,-0.35965146988256796,-2.205294372755906,0.7732399866657592,-1.3452096708086025,0.05941429941396381,1.3897641339463556,1.4164117917002925,0.4939773822056448,0.13965368956535082,-1.0034389034995035,-0.3313522990878492,0.308292063638821,-0.15783750984025996,0.8148828746047749,-0.6003856928711058,0.9671781224389495,0.07333674477813668,-0.19009419321412155,-0.3863224754471755,1
0.3520248287892806,0.03036933598883335,-2.754521628398373,1.3919915761813313,-0.4166919867957354,0.12509942340976032,0.2518694483180255,-0.14818929040364195,0.6416252324412085,0.7587561926560389,-0.22085428012955155,-0.9073809527633206,0.9655735587931837,-0.44639849881551563,-0.20800635863114558,-0.8063312188796102,0.007153256097487521,0.0016558556219512324,-0.02655118415143901,0.6980834649176682,1
-0.17858226951422537,-1.3844712367800618,-0.4590044602229095,-1.1127640783210544,-1.611717065618854,1.5731580583831644,-1.3815490588794384,-0.18573676341849862,0.42825439751686323,0.2995204194161605,2.060826563902659,-0.5290246506387777,-0.7815598592245849,0.9483392793291884,1.6986073972551694,-0.4912630276613219,1.4022095895032698,-1.0640459272455725,-1.1719638386507174,1.4318890637745134,1
-0.062004009366031745,0.006261305209290311,0.8141517621182666,0.8451579711843216,0.3687331473175197,0.555777598464134,0.48206672733538614,-0.2788833941507565,-0.36650702036805183,1.7041055162554912,0.39379729821625153,-1.92767257934561,-1.405189846803575,-0.04889718347410554,-0.6098566145963367,-0.05240445057746945,0.9514492770580866,1.2468917155347194,-0.1790028544054962,1.8325570434792018,0
0.6658778237063901,-0.0942004061554993,0.980004236133894,0.14880876167959034,1.1480908663974327,2.603800049919604,0.30515083587497266,-2.5208470065727346,1.6080672471727289,-0.7347432134727092,0.3417539207135393,-1.2983259396689026,-0.9769457393818821,-0.21392646635116538,-2.5554274637271908,-1.700627249651378,0.18863108156798006,-0.19449148486477605,-0.8972348639274069,-0.20260577291807386,0
-2.9667530687407306,0.23572931191042007,-0.3306586623763318,-0.25177867392637926,0.3683520038409712,-1.048346906991923,2.426178003841775,-0.04946657132325152,0.7177387066589793,-0.031471370203683895,0.9772633703031223,0.17969538110620695,0.6084916486780788,-0.20963999341916223,0.5457421224256729,0.367199798775388,0.509887247921195,1.5095239926988544,0.45509585261287766,1.4939281436421976,0
1.665351917623531,0.42500297854787583,2.154928677383142,-0.28321803894523256,-0.941022700666379,-0.2913027295351922,-0.3152966552861244,1.481960768436536,0.03556607403299353,-0.15774698323148525,0.24608361531640882,-0.8022800271395435,-0.4713157211511179,-0.5655763678739903,-0.7264318349971814,0.718417423471641,-0.8561698406617501,-0.6416668201303823,0.297026233369215,0.7034401331388942,0
0.9167064725890186,-0.10888968915157743,0.02166541170356352,0.07737428276083357,0.07999585524358216,-0.8709609446138056,-0.4291822902276543,-0.3987017824831894,0.7255901754823215,0.3990047592438523,0.12150300981893442,-0.9557543578226444,0.2567191727957405,1.1842994311567254,1.1977038971988485,-0.6619351799174277,0.5475265304356202,1.7075488893217605,0.23350750974309198,-0.8291434854434051,0
0.13192796677195706,0.7346669903580928,2.052972024501663,1.8972886947731116,-0.37630072492499606,-0.8761951013831439,1.088769654216672,1.6957228778108653,-0.218653277435036,-1.3367254388759306,0.018819049740598424,-1.1716543473175618,1.0235306441853447,0.1566937282465246,-0.8570716297806176,0.17528677893392386,-0.4545477187434442,-0.4118233689636573,0.635456198281824,-2.929448690002268,0
0.15226937580750002,0.9446843657051726,0.10451403607582113,-0.1088486250691617,-0.975532935614632,-1.3836289967607778,0.5981721503347945,0.07142083258109318,0.43737267417966835,-0.2134326970879245,0.7679376635165371,-0.5263908651106778,-1.3099765543749995,1.032974234914031,-0.8271900056374717,-2.2832386346150395,1.2322042374139113,0.4685312569051241,0.9012461209881499,1.8752253884833885,0
0.9099625408605586,0.12498220773655053,1.2120907193227362,0.5010900093087719,-0.16878473741594932,-0.8710532224117455,-1.4931898122089313,-2.476792066877087,0.35641258353437605,-0.5131272463642831,0.283130822319525,-0.10205639062884797,0.11666175116950343,1.5193363510906441,0.6265738977505261,-1.0311060532942633,0.6400266183843293,1.769913067655593,0.34450086378669587,0.5025462464541818,0
0.7979945496122363,1.6746330566527114,-0.24775241823970925,-0.18385389315920966,-0.8744356483399182,-2.4176943924105703,1.3204140097838342,-0.15830547800966377,-1.0506233218278012,0.2412402484067293,0.6276062975618311,-0.2795074632965335,-0.014098965906671578,-0.8456731044941129,-1.5038497208180903,-0.0626482221218215,0.9235086160473687,0.08450514569286258,1.5861538165308764,0.30734561670797006,0
-1.1171864617070024,0.5827601812415373,1.7025146581296056,0.5530400858523584,1.631856899089109,-0.4463980032494711,0.20232879642280202,0.7751554940347831,0.3099989831655551,0.14035986984804696,-0.7330329955239894,1.8180619225578247,-0.24852861807444937,0.23402445435314795,-0.9458326583932422,1.2005316584738726,-0.1858457521927473,-1.9670697035871523,0.4226574502292354,-1.2693304965466992,0
1.3869598902732805,-0.1688333381398549,-0.044566899425482,-1.4335639229654407,0.42903956756754863,-0.6236297928527773,-2.3359306970550966,0.21975808394014318,0.8544377511405561,-0.9653962101329223,-0.12173725378362549,-0.3362037366667643,-0.10276746148759967,1.9292699966212825,1.0795238209550095,-0.14584443297218957,1.035916209432034,0.02394638244926125,0.12408500825495959,-0.7155127661227486,0
1.972524773046905,0.1616132534450439,0.1927987925062688,0.020590177234679142,-0.20735676869400466,-1.6927846176611947,1.4591609941886914,-2.313859495606875,-1.3443460048305518,-0.8806064597816493,0.12944664254744423,-0.24251644952602194,-0.512493390880902,0.3017919306528727,1.4161803943277034,-1.1546369488847281,1.3824333409054328,0.7641876161355642,0.630933496949285,-0.9277142922843684,0
-0.9370576764661336,-0.043591306950867825,-1.316569792887215,-0.4804202194034942,-1.5179491149467033,0.03835220406982376,0.6739651517100497,-1.5475310822744464,1.41484013645926,0.7400783657052865,1.2849797147621682,-0.15592609748290798,-0.5327010875549777,0.3791236330692372,0.06544245839929441,0.020029748824347503,-0.298983997371841,-0.20219033538761957,-0.033239724430424306,-0.9084643375227769,1
-1.614749862291331,-0.26577297512687825,-0.9530404633648498,-0.9972649579684154,-0.08621709800745275,2.6591381309614874,1.0781253957947718,-0.28478940951539505,0.36191427073052657,-0.40611035702340326,-0.1296730520286007,-1.5365306903820384,-1.0981863837781498,-0.4638544295059457,-2.1955638933674195,-0.44890838731300636,-1.4455181477453234,0.09675491843880031,-0.9967582745432999,1.9235134876034545,1
0.7786827457257895,-0.29175484354249237,-0.5275973425790509,-0.38005365060030677,-0.0386517688273251,0.3149829343559436,-2.510222141040413,2.010903035413434,0.04323168964489037,0.4793542588185019,0.017183850385528075,0.7240750507443041,-1.1669178013714432,-0.8562881236602804,0.3756424298379777,0.19807861703159935,0.46538407681917565,-0.5456553943625845,-0.241558574635042,1.1420545923522467,1
1.9422455947562995,-0.34743530196834516,-1.3028447635247453,-0.684491730612797,-0.3559740843858328,1.0296428768619732,0.452067838259671,-1.2325403112202802,0.094621044669358,0.5911361179239325,0.029190503935567446,0.6979740301300975,2.098221474546747,0.4573242810867655,-0.25289253930109845,-0.13808233466148176,-1.7472216669652556,-0.10697146985848006,-0.5019719066258457,0.3080099022173409,0
-0.8238368696411541,-0.15782700486806997,-0.9253922576429561,0.46643128741231693,-0.6951493580768724,1.3887766166096676,-1.7554378973107099,-0.2378070374259397,-0.14685352125530088,1.1273500893554853,0.47314545326778695,-0.7029114380395675,-1.079532852166039,0.5206894964226687,-1.1002045438818455,0.9970593564536414,1.1910906831461916,-1.1298498572185598,-0.5295982771960546,-0.51590531313234,1
-0.4581369898417196,-0.9509007243820328,-0.9989363762455913,-1.1512266575071441,0.34222557942434556,2.8280275304583435,0.2726335143194143,0.6312243569717831,-0.3884799067714809,-0.5334524457759005,-1.098679373434385,0.04456961088927163,-0.37753114855982517,1.1049972018044145,-0.702824928781556,1.257613112576651,-0.09514812307732015,-1.026625482884179,-1.3771228475264796,-1.2540226524285165,1
-2.651828063044949,0.10696571676915306,0.5161440395863797,0.39559883476294233,-0.6111771520193271,2.2185405765642456,-0.6525282932166452,-3.2210163559857135,-0.7377367046848409,0.475751991831532,-0.5279940217656136,1.3530691601664073,-1.6808704592381203,0.034271814200222225,-2.6346273522194306,0.3097267791360022,1.3663894118544384,0.5896392313574,-0.6756470640350525,-0.390408738280471,1
0.3989921575016956,-0.11752470254757727,-0.7825913625481332,-0.5551092279283498,-0.4138949422748569,2.0458611514505924,0.7663884765723994,0.7979752545819053,0.3246582355025183,-1.1530843317397823,0.46079724361596747,-1.5223343182817441,-0.09287450139305273,0.012169682282905197,-1.9015826106409448,-1.2715485208922839,1.0500490415534267,0.967794469003426,-0.7256200804087373,-2.28577724449495,1
0.6897078052451944,0.82273064731072,-1.0196643386921156,0.8260471714415063,-0.17435425790283585,-0.888331509731376,-0.02355215087423812,-0.1314725956716678,0.26348721533105957,1.3814540786904865,0.22530792204094158,-0.3695269288333586,-1.6065771007386793,-0.43676423723821745,-1.0591824670679388,1.7495839042054206,-0.5029747705513431,-1.2922626951056186,0.6812127088935581,0.5646059258936003,0
-1.9955317804517385,1.2067932052283985,1.0354434164169448,-0.2867942357382693,1.4244958212469476,-1.6136710031913029,-0.8360621521000247,0.9976320769202445,0.9294099847908155,0.4935602043342916,-0.09170602414512598,-0.8877695115385407,-0.29175863225853715,0.7595148874861078,-1.221291173124094,-0.059826143529903696,-1.1212437400943918,0.2908970575900059,1.1009273209582917,0.23384802578959837,0
0.4815076309913054,-0.25247635147336767,1.073118026799375,0.17392351197515246,0.7998872897059834,-0.5625211104857537,0.26086617472197593,-0.6584735952612559,0.7588477658387964,1.6787838073868548,0.7076782440272429,0.5065343913859176,0.01742895295810179,-0.8483778038821382,1.2184474142610393,0.3308635310669119,1.4812365916235948,-1.3097319743676321,0.06439134029196518,0.45303965657205897,0
0.42214369219526265,-1.5897053803637875,1.6546683158667064,0.47057145940029743,-0.3870842444749391,1.7821618609884493,0.22032329169091802,-0.6427215938827137,0.8349894273785858,1.094934055641929,1.5393565226006936,0.4370176220734189,-1.9890341961712958,-0.2925947499076102,1.9762993346469169,0.9359731592656175,-0.24872342408253253,1.8379420299922753,-1.3377718395233518,0.10080387045977413,1
-0.8555276879406237,-0.5084957655758792,0.01823099713711716,0.5930540502830212,-0.7136288932044673,-0.6050826944619373,-0.019530389467102203,-1.3853605184444944,-1.0325332762094106,-1.67308401250574,-0.5439834133726836,0.42737604547079716,0.8255570748695653,-0.38850706711885274,1.8893029362001228,0.9610934572320833,-1.812727965073143,-0.5815807632272181,-0.04314435484027251,0.37120676347005876,0
0.618289303310708,0.7704298245953449,-0.07046034046599581,-1.3294051033250818,-0.6545649415957304,-1.8248834546473,0.42698368386209967,-0.9370069812461074,-0.3855589799624851,-1.4058596858654655,0.11033543315937581,1.1078232824168008,-1.170662530200189,-1.2914555644869643,0.07047232232287992,0.5953232878926642,0.41665906054859364,-0.29789534474353074,0.9630453514535584,0.40265698164716096,0
1.41418728833109,0.9844053657190263,1.3252760904370375,-0.3756336657655356,0.1579743122514517,-1.2181315797083623,0.827115428565768,1.0626572907875265,-0.5012341077902127,0.30524312653135294,-1.2719190011127228,0.2113965674706589,1.292745289518207,1.3511140899867151,-1.1012549032234868,1.6637328321434735,0.4473939370689756,0.5873916998060122,0.8659047620905388,-0.5182526388612024,0
0.33649978882090087,-0.5494773791568541,-0.30704834092510147,-2.521604801462043,0.10649398029009184,3.547011321336515,1.143566044928613,0.19767556695424515,0.4070903833988318,0.8917005810695752,-0.8432983112849525,0.7020303236673265,0.3918287077161016,0.4283529137714487,-2.4524549056930836,0.020121129580859987,-1.5669593711673528,-0.6723935843265022,-1.422073882811758,-0.4627366479963379,1
0.7318707042882956,1.280910508373071,0.5820265670847269,-1.5648027713620551,-0.5388418561927383,-1.8795667331465804,0.26044226333355597,0.3496500472996937,0.3161559571827783,-0.3020454994898642,-1.008554684076208,-1.962625691672579,-0.2634482160822491,0.0953441994413082,-1.1178699033164696,0.6791427754381955,0.3350580290841175,-0.3294477863470914,1.2231531156105098,-0.6967718184295749,0
0.017969915016470623,0.8491366935225956,0.9079797578051338,0.40394041606830444,-1.1081746964847465,-1.1800480293799889,0.6460453434287315,2.3330355621114673,1.514247599980887,-0.8257690954681581,0.6824892092606365,0.2897844786582218,-0.8565019571194227,-0.14124182106853178,-0.811604407341753,-0.7442433669555713,0.56524712397473,1.371098813911922,0.789255648189782,-0.5883400573076859,0
-0.22598154534406228,-2.4854762912599706,1.3878459703459733,-0.20296834314788534,-0.47318310630711363,2.9689279268649393,-1.1193908797459098,-2.8151236899058496,-1.07050813463542,-0.713712463865602,1.7632988002995693,-0.25731650058926747,-2.617113117431211,0.13493953016324978,2.894620275821785,1.3339356398879483,-1.2883514192040415,0.3285631151875155,-2.1513532447226917,0.571530696900742,1
1.0587285298838789,0.6450542598345724,-2.025807873111377,-1.2549226680022925,1.9114190871397234,-0.5904461897040771,-1.0708524186844388,1.0074439731951985,0.7719201548366751,2.8684030556667683,-1.2804555710024668,0.18947982122108065,0.937915537510655,0.1847104747810833,-0.9438842121032424,0.012499321907250335,-0.17280173739646437,-1.6685992588781953,0.49937806370620286,-0.41790954576589057,0
0.7167276477173428,-1.671877821640764,1.4769220222146995,-1.4481247752768684,0.6291352982577835,1.999606354061497,-0.5649515266552204,0.6685626163371267,-1.7227224815653555,1.3354530617017426,-1.5234420581356198,0.180321249177299,0.7159171404855652,-0.20388346897985454,1.9443851103845877,-2.933770647229477,-0.41271927919476437,0.35367937589104814,-1.4479555022664563,0.47781415292065516,1
-0.43403335432359996,0.19855630863983575,-1.1013266287697099,1.2979165056607622,1.2075031949519206,-0.6021145239090464,-0.6270508454473506,0.22654275093099605,0.4203098174852043,-0.6638331028256903,-0.8138136419289294,0.18046814183120646,-0.05750296879491637,1.2625774069641502,0.15916318788593964,-0.47548474118944284,0.553627409358232,-0.2410632224657809,0.29135257589723756,-2.382762352073065,0
-0.17961972140563326,0.7246059148692553,0.4610780322964351,0.001783041104608902,0.8085710068901167,0.5547288842148901,0.25062823210330204,-0.6026243046145574,0.12184446413245396,2.1245562298290137,-0.2643558332034669,-0.7742038183529005,-0.5002610165866755,-1.059211708372902,-2.3632810071672057,-0.5161166418714347,1.7256937928147706,-2.7738149399339167,0.16216716114650964,1.2288565502005595,1
0.3646018037048318,-0.47204459648578717,-1.3515474542642338,1.0110970055869908,1.6729897028449527,0.7230743830960114,-1.1971665926902302,1.4773725606308605,-1.7337670900082482,0.1331664893627056,-0.6211347987962408,-0.942963372449764,-0.9500418802658166,1.2740596432667959,0.37942674439701274,-1.5251056410143606,1.4781839356390019,0.33512613307366396,-0.46071702935547393,0.2258418340373073,1
1.667256841749534,-0.35347621542700464,-0.7663225247814263,0.49201428056689855,0.36575998609291555,1.7325764617565267,-0.26454589870472217,0.3461173287977227,0.4136162575716805,-0.19547264358597383,-1.9415678006202213,-2.3849055089505824,0.15809487586680993,2.0642201348524107,-0.9901266761657183,0.8197397172580948,-2.1239928181256356,0.29722722158508635,-0.7349937376725924,0.8942327745009349,1
2.8906429903991375,0.838689386217541,-0.8170954586402323,0.25223147991929806,0.9390291574991455,-0.8122708095703375,0.18867044750999853,-0.7153375690946667,-0.3678632936964837,-0.0033576200399812245,0.6209975658727354,2.7431128724637457,1.486159237018532,1.5489179534182032,-1.1795301787384513,-1.9500779265243806,0.7037958837508185,1.4845207658486996,0.6638805937231651,0.05135875880268002,1
0.6223791184731187,-0.40652669988099904,-1.0136058423544687,0.6280786969002486,-1.2325890641689152,-0.5022393485741147,-0.6295942318637977,0.6037330161902218,-0.09860839900467729,0.749698021444869,0.4288111804330056,-1.4560464933464334,1.5498186063283395,-1.6612044051839225,1.5302245310611662,0.5136092944152219,1.1263934497220656,-0.7586652015427723,-0.02843712456086409,-0.5031635190463567,0
0.24495709317200393,0.018878865793991447,-0.7560040194566048,1.2434282781029249,-1.9465252863588642,0.47603175150225985,0.22392687394660638,-0.9282199673480178,0.7075918219746196,-0.11766730219285336,-1.1179276080367397,1.5391972001749075,-1.809267714588258,0.35533819559013685,-0.5553637791457608,0.6353291952162062,0.47463348556679213,-0.4554670562497405,-0.14690579722386327,-0.45025338777827145,1
-0.8456284879894043,-0.7443855731843859,1.669383459547647,-0.5070282627910236,1.9396914427283842,0.9128890585687365,-1.384596624727349,-0.40266821123673147,-0.18309078461128447,1.9686541003845839,1.001326134799592,-0.0897255763277786,-0.048495861548826256,-0.13579564025701485,0.8415544210757202,1.2552262466345816,-0.545726040636194,0.19937992065400773,-0.6520816835773515,-0.7102708983119079,1
1.5379319184125528,0.18515919170196077,0.06934433703625043,1.340461051790348,0.17682087213939798,0.07339803459455796,-0.7217375533372533,1.673452090298537,-0.9175028210142636,-1.1482632887526183,-0.5466800845872654,-0.2716551103260533,0.8297324178791745,-1.2995812369275976,-0.5307688800811134,0.8113965544915921,-1.1225448062444139,0.8187776437548606,0.06381874857730357,0.20726732939894396,0
0.9558027451124809,0.3065793177211512,1.4980976334877842,0.0348075404998322,-1.455054605090552,1.1711528318259665,-0.816154989028044,1.8686032191630024,-0.04592882874016064,-0.5711839740841865,0.3019609001717647,-0.547407522766873,-1.1471595110117114,-0.8021994080351792,-2.0016992284508284,1.0899049590908303,-0.4842583519308302,0.04382879946042826,-0.23800076535544124,1.1718101432738448,1
-0.15627633670504304,0.955493885428732,-1.2223646149872391,-0.23860553171462742,1.3345061333378379,0.27396389098576934,-1.1068702915340567,-0.430996200219813,-0.6418214039443414,0.6856563925137109,-0.547191788882491,-1.251356182239287,0.250951020712043,0.26841327369456214,-2.626862879673275,-0.8281805638735081,0.686774070503355,-0.6391935337501581,0.3636430726649748,-0.9988208693340495,1
1.8577023435377324,-0.24264715726776517,-2.2168188393540644,-1.1738799644089726,-2.4932708203300775,0.913557176258146,0.5027448074908146,-0.581782033392054,-1.2390527025266425,-1.0513099116393445,-0.965664803523208,1.6291663649009451,2.067906338163552,-0.19793772898468187,-0.38464912799287443,-1.8316822472060261,-0.10343122429028392,1.4974316831796264,-0.4142450300223253,1.2795186697601588,0
-0.16508266237098573,-0.582599440820221,0.95586060652498,0.25287665751566707,-0.8054016700655807,0.6760855868361868,-0.8097605415999324,-0.2697406066116577,-0.07912222238450871,1.1644758470500058,0.020271892122288065,-1.5322217872403114,0.40271818926982167,1.7846356069497724,0.6997233366088546,0.6252284708731023,2.4254125918038927,-0.9646575888950566,-0.49778586548674325,0.4931175272160051,1
0.5666021483927255,-0.9795752826991583,0.6381869988485734,-0.8741992700141499,0.6635978685607627,1.4795487973670614,1.7443111147431112,1.4148406628255548,0.1464756116533182,-0.3283752594168024,0.20479787728191723,0.4091409227759939,-0.4526901485095334,-0.11184710408631295,0.8097968402111901,-1.1678653072917102,0.6443105001082005,1.1077210959824486,-0.9492067236063444,-1.443200793785794,1
-0.9697437196346744,1.3828366645131336,0.26355081195478497,-1.5656480316055963,-2.4263920705352082,-2.0175645965599127,1.2840957939481172,1.0973001875437087,-0.626315276183007,-1.0902084067994298,-2.3869298701956727,-0.4958781720101493,0.5711794062192087,-3.007632339693757,-1.2191947867205628,0.24365722370271442,0.11053531747394013,-0.9855396007209299,1.3166966055042064,0.3957988487097471,0
-1.3011092663913453,-1.6112724708241097,-1.1310672355025877,-0.009664421313347188,-1.074661039432863,3.307488801548976,-0.06727746491353453,0.24748054764010466,0.9647698943024456,-0.4598592623151402,-0.7823539225019935,0.8531653064131918,0.48060859334734735,0.8789639730706512,0.39720220897832514,1.4465632912513675,-0.4289807173724197,-0.4296349785275087,-1.8474296026004005,0.021092747850587245,1
-0.30638136416235745,-1.084775418074804,-1.1789414021073787,-1.0960120478710536,0.30261352594625407,1.2794645156271893,2.097127212373027,-1.1783461248068456,-0.3166834879634098,-2.4417069869024868,-0.8331331336803468,0.8166035703577127,1.6545132808650334,-0.8030424010642451,1.2807941433384684,-0.2528800657783739,-1.8494080058784057,1.2100659331755932,-0.9336081864822905,-1.0301221052967755,1
-0.9849461251170324,-0.1848170146104904,0.9224811702331092,0.24489730171272925,1.598110895751759,-1.122258809263508,0.12437612230092951,0.365169001048321,0.4329729280436354,0.9905668274427895,0.21671964212288297,-1.4168235279491899,0.573558836877425,-0.6032968487781549,1.6519903949805799,-1.667665266190862,-0.11382477230747688,-0.8781217036054526,0.2797632935209808,0.7631423007096569,0
-0.10744488179424941,0.30387832964690736,1.5991232408367342,0.20073854075838948,0.305085404706753,-1.5278552625781385,0.6731336922329685,1.4056475975079636,1.3134731613252366,-0.5462640091774649,-0.40011966130113097,-0.5831657172559563,-0.6735396478972429,-2.102600691921022,0.892260782665279,-0.8582160317716268,-0.07686540700366203,0.5629106602850852,0.6444313190226315,-0.11365684249904019,0
-0.5310591703786757,0.0056061774565443236,-0.6337886457778004,-0.7436999169051833,-0.540763354977222,-1.4804533775238446,-0.4121611450482139,2.307688227735451,-0.29409430838863376,1.0982358035234265,-0.6367305591080572,0.17382352524484837,-0.05169793937523165,-0.3181426326614269,1.5700762845870195,-0.6873544343582936,0.818313736319962,-2.370885373306438,0.48739235454344276,-0.16291219337623528,0
-1.9495901727260327,-0.23958004927372037,-0.32832094269055984,0.5951311859137686,1.4717088983618904,-1.2469570718594878,-0.05008059885646664,-0.7113199105465682,0.9837360439035638,0.6097377233367051,0.17769804579023982,-0.7946591841458039,0.28191802075105005,1.298693290993424,1.9191488524234055,0.6887127445547695,0.6672189393045282,1.419064413357521,0.2946092654609966,-0.012365938242364536,0
-0.44321869242769574,0.3075341350328716,-0.5426968739026136,-1.0179494461351504,0.7458565180985776,-0.9889464662027725,0.9192610916812918,0.5107355496072734,0.5521245847298429,1.1701923340705616,-0.1846109944370498,-1.1577129239412693,-0.9794157382151545,-0.758463922930865,0.30681408325418447,-0.13850102193995345,-1.5256149300452442,-0.005040870223528701,0.46971546653125706,0.10650540141918646,0
1.0189232400898984,0.07271748043065962,0.7418222943901266,-0.18352817215715306,-1.081914368713133,-0.16147004680209154,-0.0919684662030466,0.9102157836647453,-0.6161434580489434,0.18583762890275304,-0.40328779191093866,0.08452698378432454,0.05674168329681941,-1.209198711239606,-0.004872887558557859,0.11345604005655238,-0.5942108723816666,0.9198715159544302,0.08737040690755271,-0.36234755754610226,1
0.8949105560268252,1.608832325926059,-0.5613379964422059,0.03402958634668099,1.6748596729140648,-2.436364680561467,-0.32948930021798606,-1.9988889068612499,-0.9049478329380662,1.1622595975056669,-0.274802304752688,-2.2012434734509183,0.3754558576272528,0.6137708557899086,-1.3231591647033516,0.1675701058009903,-1.6320148850264173,-0.5395912207371316,1.5610469789859422,-1.7019022300183355,0
2.209855665748464,-0.11234182495681644,1.889278795503996,0.5805676870356148,-0.8407718898986251,0.47965396852383757,0.23817130613962828,0.32475823953354177,-0.8351245039722351,0.9080226625361912,0.22063080430716323,-0.35208774745388094,-0.024286495670025846,1.209230647223938,-0.23873414417960348,1.6389605275998331,0.32699451327009765,-0.7074395448121878,-0.2103509154753766,-0.07285768884105508,1
0.1918895450216474,0.8043908295611575,-0.7934597298834714,-0.3198262778887562,-0.4502018916658434,0.4694086439340863,-0.9250846204786352,-1.3404886413664368,-0.5552861026010363,-0.6798885397361863,0.07386343441088038,1.193586535476262,-1.8337057676294346,0.14431001943507885,-2.4668800485199522,-0.8335982829664064,-0.1605596095017974,-0.7959703738504983,0.22795769848404146,0.11397066812777235,1
-0.44672686572282877,0.6998279165213127,0.5427746739125621,-0.8725112766056362,-0.6565769633469216,-0.6237254510581625,0.140293425700544,0.7936392943301029,-0.8492809619100916,0.5974729338967611,0.9076118110467684,-0.824222439367453,0.7582823861179211,-0.6445077018756719,-1.0420663640932508,0.8638273441557671,0.1568987411985134,-1.0496741157567948,0.5362623880708454,1.5912152908822934,1
0.7573042237747472,0.24506613144616693,-1.681376891715264,-0.027214132377857005,0.9758368916238178,-1.3038795970953467,-0.00836078727145676,0.4788475732177351,-0.2802827130771807,-0.16065328636607445,0.5849534930864443,0.056706648839265496,-1.4208939852234432,-1.4297242430303712,0.7963025422165494,-0.20316852898467888,0.6051330157589494,0.8509826785067651,0.543192738146599,-1.1096093679030308,0
0.0935234964386097,-0.019571670208120402,1.336657357758983,-0.33303761905376167,0.3202165779488289,0.2870890347034585,1.5486392950240366,-0.09511164770076601,-0.8711930300076307,-0.040333910214043756,1.221294945685148,0.13395838058023532,-1.5478015563090313,-0.3103909913775655,-0.25932050229787607,0.26425476360733907,-0.16270370156909178,0.7453607240778758,-0.10328515446220686,-1.33656850031492,1
-0.16424198503203188,0.3378817964449072,0.8532015450515544,-0.3188463554947312,0.5166444459359673,-0.09154666780661158,0.029430591677552183,0.10720796204013365,-0.8360916702196265,-1.6233825299412434,-0.9813259365174648,-1.404816943927507,-0.0799084526625497,0.6264346724539442,-0.7273359834485558,0.2050753392346299,0.697586970339199,1.8884369396142566,0.19028615994510056,-0.5186667196212101,0
1.7464906315946216,-0.6708391613721514,-1.0257233949746074,-1.0674339329604994,1.2218046849767015,1.0269387108558683,-2.0648652776836416,-0.0022381164741810933,0.8083595496657083,0.36660624701380495,-0.3997705114430575,0.15714578370253451,-1.0053151259972355,-1.2590649114481933,0.5399095786887405,-0.723168438829393,1.027151035893151,-0.7957176635206115,-0.654529086677752,-0.8093466847948803,1
-0.5883615643067782,-1.3931276038489382,-2.2082780198800926,0.017068825199726117,2.317516231196855,1.629415718080728,-0.6525979093314883,1.1728942786314784,-1.168490892099267,-0.3220119706174046,0.5834049157981909,0.6761036382971497,0.7180620438372025,0.79668416009162,1.6595667537633885,0.5390414967527589,0.012814304566494933,0.17205892236625886,-1.194490922924677,0.83922514466879,1
-0.16063111952549436,0.7073830595494647,0.08416823018569615,0.7938184671438157,0.479827035366833,-0.7197667155251184,0.01282864354368512,-0.43277388358838864,-0.966246319753254,-0.7119732272589228,-0.26864575330974255,-1.8363597837703973,-0.24638340251454802,-0.29737607924310644,-0.9577760267048789,0.9863765059059371,-0.484173951248737,-1.5428032182428997,0.5712929965279604,-0.6498268854974364,0
0.2263042077451344,0.2923805058276914,1.2228079221334083,-0.6608411967525808,0.5125436283994018,-1.3668944291176484,-0.5678078421841054,0.9305333193245915,0.2149259647767057,0.5080122910545997,0.29008789963543236,0.043900533123388444,-0.011900823094228097,-0.5751864496435164,0.7481502962814552,-0.6401465050936997,-0.10017276878675659,-0.7131923043661328,0.5862739911679976,0.04371039699198385,0
0.26713629646173076,-0.13185629108293262,-1.4512192162599356,-0.4348206128661142,-0.23307719205082192,-0.7558991103918019,-0.08755354645343943,-1.1027763738203191,-1.658774625086031,-0.47269227772357164,-0.4172653653223936,-0.08341073474656137,-0.3499700803512888,0.5333250306143476,1.130707872698332,-1.671972471792552,0.3188374033804253,-1.0701584635068604,0.18493701630442053,-1.1216462365331947,0
0.7875433243268652,-0.4729406134117279,-0.9463138227477964,0.1804960560780812,-1.8789809447538273,-1.095660033413082,1.1748140575856918,0.01590865839963108,0.8467711090082444,-0.4075893446596956,-0.3277950558774631,-0.04166002338133474,-0.03540743904535086,0.6104398198094931,2.327273091365061,-0.3680582821436807,-0.6465284794765146,-0.6115158020383546,0.1343508115211839,-0.10069587281717701,0
0.6620518347584732,0.8923784864112417,0.09988695440921298,0.2965769385303051,1.4967104074459814,-1.0731389782974767,0.48074457976798396,1.149672018878747,1.849362141386381,-1.3331283547778066,-0.4949654803680731,-0.49757249830921385,0.2887280030098363,1.2676515111879738,-1.0315917374263592,-1.1571166187132709,1.188596823087008,-1.551512249058929,0.7747678665030745,-0.8782632528234666,0
-1.46752526575244,-0.20076398725254238,1.114321694668872,0.591814133741378,0.7181857257079345,0.9346565537565605,0.7153813154412441,0.6728612359668199,0.05088770185601806,1.5490201514951873,0.4384757388097273,0.019616657693989903,-0.573601772896901,-0.3540407109410238,-0.5095199962835615,0.1018562952619867,0.16476084123651674,-1.2391070756539009,-0.40128148334322017,-1.1808128153088449,0
-0.2666523292344148,1.4112019143573746,2.0895387216947734,-0.3574454228104272,0.18474057889572446,-2.096499455045605,-1.6076610271180587,-0.19003903500149447,0.5885532697707198,1.5334337012963255,2.0236062192296393,0.006799844559997769,1.3728484746765302,-0.18039168176240783,-1.204033038607848,-2.211861911329507,-0.42924442029866183,-1.423957152450145,1.3559997950329759,-0.835142901630023,0
-0.7962901889920904,0.05485032579810882,-0.18487517719459123,1.5042129006852296,-0.6299700318556897,-1.064365270993707,-0.7697070992378554,-1.5492024451478383,-0.4281453309928047,-0.014944079421074246,2.27409356914324,0.9403696886232976,-0.28121246228828845,1.1932422751414316,1.0046726555753722,0.3066969420298376,0.14601060977572694,1.9725799044469323,0.3745205508956538,-0.40451508464169533,0
-0.32158768442570723,-1.3035765175694236,0.2710342528612446,-0.6729872191652566,-2.123378538398228,1.547818853690373,-0.7360652185406498,0.5177578157088407,0.9674294191540579,0.011168009506327682,0.3066197869819221,0.1484636815468889,0.4014668584815456,-0.7795444753593765,1.5281307620150852,1.519019572530981,-1.5436305218736848,0.42458509604714495,-1.1252858298791466,-0.8959470035887789,1
0.4215866106144557,0.032335263327976545,0.2502002062516945,0.8876554258738361,3.109918556005361,0.3433413195630981,1.9956674897839644,0.5345056484805503,-0.6172531865469232,0.49774308909139425,0.6067230591361827,-0.18319661872038787,1.7952113559123222,-0.3206676255571917,-0.446280379419452,0.23007075919140207,0.8389405004696122,0.6659242520544614,-0.09707554275847143,-0.3839712719523516,0
-0.08714839233542518,-0.33593983045259695,0.1902109593428422,0.7230703241355783,0.11523986697201831,-1.3825004275456174,-0.2434064747951195,0.701255639443369,-1.3638679336293416,1.268807656316957,1.2979401935351325,0.6460832412118543,0.3188270435795304,-0.1538087778810355,2.2995086961218822,-1.0851736783357446,1.1408959771502742,-2.7829604323432204,0.29327011316180096,0.014381996244265737,0
1.3992279500711593,0.19281885986467767,-0.2655926332624114,0.6874267551265042,-0.4211988166129132,-0.13254005687327886,0.6844504776364279,-1.0989162547281939,1.5723982102703271,-0.6072614140860845,0.9764313771980682,-1.1321491407160067,-0.45389141615312834,-0.0885442145830127,-0.3291676830019262,0.8900577324754597,1.5391423458106503,-0.20020125430036984,0.13488154711146047,0.05786404742675647,0
0.13814755636757506,0.18919726454843375,0.5232190111769367,1.0416667330833504,1.6159816799179296,-0.14632968510417,1.0823787113234427,-1.6970961432894554,0.014655909870126726,-0.06945513785101935,0.30517263458050775,-0.7664797729085693,-0.3406040777437667,-1.7962765667775356,-0.3055700284624254,-0.2243068279436459,-2.4153632620785297,0.03580260003584014,0.13767826305310968,-1.5941763252676036,1
-1.1840305582225594,1.137971625340907,-1.9685042134380537,0.0976703767483354,0.8107986455917099,-1.4375801371069905,0.6549755842216898,-0.856498237409199,0.269294752580734,-0.12372894627483615,-0.9938626748348534,0.4201915428949916,-1.7931064525345768,-1.2644984069549656,-1.241575123752939,-0.3828171896129687,-0.3998990621311371,-0.39767969361460404,1.0106181953763342,0.03471374875256186,0
-1.4824765153636426,-0.5191633463090252,0.16151349923840733,-0.013862134504271355,2.440923965456535,-0.4611924061372277,-0.43212104312941974,0.8564598131487865,0.6184623923882185,-1.785741281946263,-0.8386236735995307,1.1794244681404278,-0.76825532039177,-0.8652090538522469,1.7614264347864694,-0.5179672992165097,1.3458750031777167,-1.0034654257992905,-0.09531849905016555,-0.2858722549791206,0
-1.1791082143628482,1.7776493809440916,1.150267395898296,0.8761739316930753,1.118549944255326,-2.6249741737657706,-0.20528401949625125,-0.7641867866378464,-1.1904077356744902,-1.9759632998916197,-0.526531687096043,-0.5235759884065829,0.6445954324151765,-0.7094311573284758,-1.5337204517022132,-0.38245239766929023,0.03390272368233751,-0.5703140677864661,1.7028989466114866,-1.531535315243643,0
-1.2864694935694123,-1.0056234659844405,0.7322180730909948,0.196637741750245,-2.1570367252233504,1.2061401472109812,-0.5551251558036121,1.1906996175550046,-1.4203017800706945,0.7541879610324033,-0.8142046773853758,-0.5700753391846538,1.181221634220601,0.3444449443505802,1.1659080801227226,-0.09614428792448947,1.4729835776298295,0.6838611139319919,-0.8720456731190984,-2.2295755741118772,1
1.359189494164025,0.6318448369978019,0.8648244384910113,-1.0079116954282061,0.2984518139814398,-0.5365593046997368,0.15140304795173262,2.084712921231016,-1.742947530486665,-0.5595462852894689,-0.7825985974185891,0.7070323596107849,0.23160747416809183,-0.3397590076475238,-0.9692678597322187,0.7864062119958165,0.7605061195841426,-2.83303029014274,0.47546697402655264,-0.7404901063321585,0
0.9148677980978497,-0.14701818687969878,1.4545384608877576,0.24523584789423636,-0.8866391692045981,-0.8606723524863586,1.434001003730461,1.4043162819949524,-0.6008296390959147,-0.007674063684503472,0.6727567871994219,-1.1785727847701737,-1.715093347182539,0.9496414986165338,1.279825601305368,0.6776371019248881,0.06578468947474944,0.8519290707908426,0.21204830956015788,-0.8505653895034339,0
1.0918053390746456,-0.15836981900107358,-0.8341848487326238,-1.5202867922406096,-0.35077820560155415,0.7630163497303595,-2.2660520941492828,-1.3990784281844755,-2.5222779174879504,1.0815140862997412,-0.22771961483575284,0.7154930967694852,1.0067300712270648,0.45096263477647686,-0.42944873488237867,-1.571152351117883,-0.07022036151761657,0.03754184148682145,-0.3249683821114023,-0.7373799034979586,0
-0.2724269009308716,-0.029397554536784845,-0.6368823889389575,1.5200917409911012,-0.23927314715185138,1.569952605061414,0.20713943677856853,-0.7513454696033703,-0.31039680375596906,-0.6938044179018226,1.4781212260994843,-1.4823967869957688,0.8848425828011585,0.13111932467514684,-1.6077112718140278,2.0512469432694633,-1.9545930044832756,-0.09931433779203207,-0.5279844217352537,-1.5693895953746837,1
0.3796396483859655,2.120033752218857,-0.16212397547985843,-1.9080021371233076,0.8496119885162131,-3.3540926687499266,0.14304876987895235,-0.7999405067019342,-0.13006029355362003,0.7105491022977853,0.6928575842374367,0.5825713188088052,1.00163182520856,-0.39305275706140097,-1.5899880657528302,1.3934545275244314,-0.5561187467607805,0.42934082280173436,2.104076203120228,-2.1961278210999464,0
-0.9242684025950716,-0.7666448382285475,-0.45822302925650094,-1.7047757442280442,-0.47606255777786693,1.336679540558438,1.6641920547838993,-1.1208969737681593,0.5328917202270399,0.8865794927576496,-0.49061223402665266,-0.28275932762936834,-1.8429369062476757,1.0525473107347487,0.44255694385011,0.2472714521087559,1.21317918839159,-1.4512262989011584,-0.8014010066159417,-2.4874567587061294,1
0.23071174907496259,0.6171898130331299,0.38292171005726305,-2.440704014775084,0.23604306382437004,0.9906596212461922,1.6264307346088593,0.2496094582097118,0.30634753393202263,-0.9282658386559959,-0.386022797870698,-0.9157550411335605,-0.20583985992134396,-0.18428900183271194,-2.5672716283403187,-1.364470853617281,0.1017883337073275,0.8096575301482413,-0.031530758619558695,0.5686446160127705,1
0.11137260184005242,0.342999676795247,-0.22747625995340778,-0.7908993816675531,-0.7191094514491859,-0.16128878381921352,-0.8239354869719996,0.7821300015314592,0.3958197810959231,-0.41521376790527154,2.049812095785926,0.000682818957482628,1.0819848092499422,-0.7798529462216388,-0.665227145810336,-1.3495762115515322,-0.17909328501615626,0.03402741107223205,0.2155494720829272,0.3361449630262288,0
0.6544310271056212,0.8716272016640149,0.5061576554607123,1.2025765052252275,-0.2569451251217815,-1.0411025087047472,-1.0560307999666676,-1.397805478424297,-0.01330463537863531,-0.8424326301263264,0.30783237251388496,2.068226041505824,0.8378305352294807,0.1799143695464168,-1.0151792135118871,-0.10199471663593199,0.9720569657397219,0.750872779401332,0.7544327543661171,1.8076085077692632,0
2.0225902305694814,0.9314206423515522,-1.5587869950238415,-1.4829844319824181,0.42388948244398605,-1.0939316474730107,0.8193732681394064,-0.46675881195144053,-0.7790194215199856,-0.7386974983295628,-0.9657826328639593,-0.5385736732966242,-1.1338303568063541,-0.8176823966051338,-1.1047079168408083,-0.4124790118879367,1.2525407310292307,-1.6270049208667487,0.800099823962776,-0.5998220233198494,0
0.8957962182359285,-0.03610805944779529,1.2428625628583145,-1.2534017182950186,-1.4582131138187504,1.5849059248147483,0.12342918170364875,-0.5892537307950677,0.1686513676101955,-0.34590728066682785,1.6301299648744103,0.37034026732884573,-0.11717200497437547,0.3959142209580454,-1.6073178230449001,1.5741467860324088,0.9252818927168314,-0.8373807896824669,-0.5360643360867449,0.09262758794892355,1
0.9459295852703784,0.5493690310701101,1.5019529651885957,-1.4035586295636626,0.785345603010283,1.0852832689148577,1.411356861745625,-1.5530352778398206,0.7890752013999099,-0.18324524320928193,-0.3266137806612126,1.9853803952602933,2.254038108921119,-0.08378309988906465,-2.5028474689252995,-0.20233890687008754,0.9531762543293538,-1.4419103561118092,-0.09469091591733556,-0.4149162781203273,1
0.3367122954206112,-0.0800452147402356,0.20139455871528109,-0.7084881015290911,-1.9783849165730842,-0.8964032761249375,-0.193155224849579,0.6389568142127453,-0.5382371300747891,-1.1084970907967833,0.026185149185798437,0.07128726054946169,-1.4780022553041843,-0.4350526002358597,1.154469553848263,-2.2912928068840652,-0.5181340566668573,-1.5703258142530165,0.2555234629782117,1.494141897266825,0
1.4558223221467665,0.03401260567529087,-2.205566057099069,-0.006521315229458062,1.2748750412787222,0.6344438984532108,0.8970661968871322,-0.20149153394751798,0.7890566873755189,0.08199555641356042,0.6515219913395057,-1.1376856704248166,0.6683404887180808,0.5987943895619102,-0.7617949228514992,-0.7341737987784958,0.7045065398247231,0.4572804046152411,-0.19159298640765293,-0.6047446645382127,0
0.3424508791769014,0.4577322069425829,-1.3432093905839007,1.4706619906522893,-1.1819955218978246,-0.8789985022011263,-0.9593549606481229,-1.165441526221057,0.9109070350337493,0.8983025496890353,-0.5379439663331403,-0.1829015674239269,1.3461034238624805,-1.325281371952441,-0.17766339601143555,1.1851630314393404,-1.277371133550618,-0.6937666074967505,0.504979283300406,0.18033869066388744,0
-0.3975577654917214,0.3760701260153739,0.1825010305992134,0.4809080927488954,1.1717179147161596,-0.21730425574735168,-0.6701152004542329,1.1818910929599615,0.37976763604089603,-1.422974925261673,-1.1761733365547806,0.4875602970867186,-0.5282970466629792,-0.20252422706483003,-0.6860766332166293,1.036087651046256,1.2376537575119981,-0.9701242603796436,0.24958079350282533,-0.04489303012253698,0
1.6009079918889153,0.16084539778933543,1.0995844643276695,-0.12168868568726955,-1.125096327023029,-1.2916190122434221,-2.2484965344996555,-0.14503369152842244,0.9328953551938086,0.4334524416994807,-0.5807410905564503,-0.0034808485732018284,-0.9032931107791092,0.4080960585699445,0.9888942527076575,0.9341414422336946,1.5564160355717669,-0.31983226412807936,0.49921888745251214,0.32548511232461763,0
-0.8014839218310068,-0.48333652094875745,-0.4100294115389108,2.0773434395699533,0.09112486725337687,2.451491384493512,-0.07083684791609023,0.6436687530224908,-0.4466430468146064,1.2368324661272665,0.10769944910661848,0.9982176559717297,0.07964958261392499,2.206468979884672,-1.442030365521399,-3.8366555484593694,-0.3984452749893668,-0.5403763389870544,-1.0319957012726917,0.6040516449216232,1
1.6049345017539018,0.044726605310148174,-0.09024288144032204,-2.013824756281078,1.134768614866765,-0.7585313086663614,1.1760109851977065,0.42262861719256595,-0.004142584944154457,-1.1429425463832155,0.4301429743153713,0.5085353176271308,-1.116064176071895,0.11833021889820218,0.7022225993423667,0.17118714374566293,1.0694473881241897,-1.184951941226075,0.2695805874332586,1.2530582102439143,0
1.3459350078383152,-1.1512381756493346,0.4676901038588855,0.6007330151455916,1.1711019716695594,3.414536417493895,1.3106059128134633,-0.31815850161792886,1.360168130828013,-1.4846047919196528,-1.2565653359454354,1.2892030514068733,0.14197991387400533,-0.906215332047211,-0.8409429992917462,0.3137231828969071,-0.17464794568162792,0.6082671663441893,-1.6642108836062681,-0.6891117977217902,1
-2.8183042862021788,-1.194457632074373,0.7629582567139714,-0.01161011445504353,1.651914336867378,1.3865911531343786,-1.5184219860092891,0.8742401692332417,-0.2877028881291165,1.3854377816563823,0.5251446587882714,1.359718213000896,-0.5635531812487009,-1.2841982109111607,1.4340887116230623,1.5895633328625773,-0.21268973430511875,-0.61959998010369,-1.0207237181281814,0.05434029414187518,1
0.5206777670800737,-1.4910980035737038,-1.0966250441473178,0.04042893983346719,-0.47495670452137745,1.7558006936106954,0.8557353208608411,-1.4456102007765625,-0.6276626960266963,1.6881570529027907,-0.8139717958905116,-0.6099027069492022,0.7862982309002783,-0.7726733906604571,1.7636530721621924,0.6400560810329173,1.4000998118278138,0.3663274835410772,-1.2823552493465311,0.8596950512977658,1
-0.5881531253205687,-0.20147066484130294,0.539723679738307,-0.6265002160433267,0.2553281717450444,0.32870621986080795,1.4513754610703817,0.10296524246461053,-1.1171417612046128,0.1381927477913204,-0.8483665364230907,-0.5833429328784879,1.2014170317870247,-1.1074614086276906,0.14044364455231795,-0.5448700708235121,1.4507994663087393,0.29613358988560473,-0.2032155354284261,1.6630422595961174,1
-0.1247181582364859,-0.5890802839425687,-1.3517075320246466,0.8949300615655605,-0.2622335693828559,-0.8989091039422038,0.6858904564379201,0.040307699330247825,0.5052613431742017,0.40073725369161306,-0.4357108323847371,-0.03287448515243416,-0.1564092787928027,0.5910905313252215,2.4004610305674445,0.7636681497189952,-0.1482228888431208,-0.4265996362860371,0.014826536590562997,0.0490947313056715,0
-0.6270486146977409,-0.247139744036178,1.202249003361171,-0.18859482914748824,0.2690526930157071,0.9720723015337207,1.2065357234543024,0.28638674395539016,0.019545844798181757,0.18087111148243243,-0.9001602278736629,-0.4134487034717953,-1.5297740801093362,0.9389571782348514,-0.4362747510814894,-1.4942635290662387,-1.7680567191743972,-0.49154441380690456,-0.43553570514120765,-0.6172857068788872,1
1.2129839285493706,-1.0903001498334106,-0.7626229164355202,-0.7081861613595825,0.2439861879976468,1.342681521175686,1.446822840111534,0.2463479529484988,-0.9447528520088898,0.5745617175367154,0.19192200503611323,2.1321464601437015,-1.1354323090305687,-0.28207705687634865,1.2266595105731695,1.2559370400156968,-0.4142107809275326,1.124414149970889,-0.9569280715979891,-1.6521023316929349,1
-0.8246503402906875,-0.05730079827415676,0.28384456730273677,-1.1497074728974057,1.1655948951441282,1.332884741982574,0.9625025919532985,0.19112423383639218,-0.07782143613647309,-0.270267604363889,-0.05883285413152221,-0.2209317249396126,0.7445863984731299,-0.19360951103550808,-1.2859459633104575,0.6419471294437011,0.7034921482250248,0.2177182010871666,-0.4636022847715511,-0.49419002306691273,1
0.9943787309920463,-0.22886960970057776,0.8399445397420275,-0.5198341457252261,-0.6462423241465945,-1.2472171113368977,1.6857017540349715,1.6218737477850513,-0.7684355169034929,0.006131450435226853,-0.4785542667177183,0.5156606300833942,0.6314186062724064,-1.332449780998205,1.8932669458344986,0.7990680731422993,0.5280360045479643,-0.5581332596574506,0.2997760959949335,-1.5057478005641665,0
-1.8156489758788175,-0.3339653577664081,-1.1646633485123947,-0.7101366068373821,0.22525668198359955,3.4938035430016083,-1.2039136489663802,0.6792938199823493,0.8976557716497436,-0.27583995989645654,0.629360633428892,-0.2990690852300549,-0.42390107233259605,-2.1146935990737354,-2.921918920907519,0.06323214651310118,-0.5140888043678978,-1.1586032636594852,-1.3024004141364387,1.1835491025816047,1
-0.3239808507005772,0.6906499315182183,1.6147832542473273,-0.05510144973232095,0.6513309519952039,-1.6121083423857887,1.3446851732306149,-0.4000574338825259,-1.6223206132937653,-0.6353053696216646,0.47321706581198303,0.6163942905303591,-0.3330397757389188,-0.9023171545945426,0.03770957513286011,-0.36663387866893304,0.5022347203519739,0.1367465026484631,0.8555257162171856,0.16068549812565303,0
0.5798572852951321,1.1479612523416893,1.2189707897936632,0.41960997202411815,0.1435879365051602,-1.4078127271684155,-1.9511018640386248,-0.09445871444200275,0.8555556590207121,0.5835443030118876,-1.8179792253871547,0.7597122954841684,1.279464931657751,-0.8638829605897661,-1.2978194212638503,1.0417246640588513,-0.7068925679873489,-0.12951724686344077,1.005611392228911,-0.05658848889989584,0
0.10718646478241609,0.3393792030129102,0.8215641246246144,-0.6845856191413306,-0.8033787071662901,-0.2795102143739898,0.6826525072925881,0.5198290026710267,0.32656301586305486,0.9983045685783835,0.6273984856213408,0.2167912776044933,-0.8168615002149581,0.12809888435898667,-0.5299124803461548,-2.147132099966032,0.3330021294490398,-1.5023889816895173,0.2525399498809274,2.0347491581525903,1
-0.25518717151428366,0.5682598889401949,0.04154184056389461,0.6040974263555673,0.4583179391254417,-1.5598032778972017,-1.0736928461974642,1.5448414624182585,-0.08313352572149399,1.477720295302075,-0.7148072589914705,1.794524848392212,0.0647913501233811,1.3610067047697736,0.28069021860806276,0.7654374943750158,-1.7046219581771158,0.2454986817943127,0.7803305811666531,0.8229885920033214,0
0.6295583660658357,-0.003194619409569582,-0.7090289023149722,-0.08933586547104598,1.1763440561714547,-1.0537227255320345,0.8160810441139388,-1.9473398726619233,-0.7726368896531003,0.1462147963775593,-1.2722376272319633,0.7130258504329489,-0.5515157301029805,1.1120468421032064,1.1350613393027644,-1.5069222991380136,-0.8853264322180604,-0.6047188666354781,0.34349587721480346,-1.6840040177961646,0
-1.014479726707414,0.7048673063810751,-1.3505559643429832,-0.5221315700199924,-1.6846675772263868,-0.7593534437699292,-0.07587145068502332,0.14693529838668778,0.43221669075925395,0.23286808742689824,0.1909165241437107,-0.03633060804234174,1.360115900180313,3.0768603701805035,-0.9092819818066576,-1.2445425000847228,-1.340072071123935,-0.6080061429373236,0.5830609198967636,-0.6870140996994973,0
1.0171476743793124,0.7436932261051167,-0.4519361380059906,-0.9612514874510678,1.5287788357103074,-0.7841139219879596,-0.6034378344886075,-1.2923033749284512,0.10404648103908559,0.264824242464778,-1.921013138823256,0.6559191396588365,-0.5490544311588659,-2.0097333668687174,-0.9776252981677451,1.5107316515392135,1.2313042635686857,-1.198361546999097,0.6095894281206151,-0.6500937553086553,1
1.5192839236417688,-0.03405121322216213,0.39792704994680894,-0.7847619081277034,-0.21804589539237385,0.46668962570515005,1.80930634973311,-1.0896330373423884,1.0305805856240573,0.9022771737866472,-0.8476339286190848,-0.6520888885930607,-1.405567019178642,-0.370508098590029,-0.416088746969434,0.015618333949603047,0.5107920885275947,-0.9077561801469204,-0.168960251958326,-1.0325239035275395,0
-0.6163614080394775,0.531307385740557,0.24395319790850026,-1.6431888111541673,1.4898634386020821,-0.3653681481115385,-0.22320225463480511,-0.10325476014904739,-0.31771509675623405,0.23070090571868349,-1.6009039784765156,-0.828497024780246,1.6614701657280182,-0.17585440443207118,-0.9068446105051609,0.020886488295961788,-0.375196380323937,-1.2601647651725802,0.3717141689425572,0.1733416643704082,0
-0.425924599317566,0.41072814063967256,-0.3297982570458398,0.3029623074987311,-0.871590471068428,-1.4367114773680636,-1.9873102297264285,0.0005393626288786419,-0.9080669707599653,1.9222245602694528,-1.5207215296341199,0.38416017796747753,-1.3942977502044178,-0.1045513885685264,0.5337772619879031,0.5135213692547353,-1.428067176105445,0.40921257860654675,0.6652849626535521,-1.9323720874958086,0
1.6095416570383692,-1.2615650311529345,-0.08259032541651207,-0.6912124377911172,1.0876069851989536,1.6063514204194438,0.03211545543232061,0.15385422887349898,0.9310118548691044,-1.4670339514387187,0.762063873862598,1.9212374170896127,0.41566337253860625,-0.18841684690872626,1.3629009558469327,1.0158565189929774,-0.2402088710025202,0.008537615179168945,-1.1245178374473646,0.5340629563169517,1
-0.5326067566734964,0.4260586953250083,2.060422698444699,-1.3141995296231093,0.5990841852948223,-1.0886683560963573,0.25200376120192847,0.1822802235378697,-0.15032837376370992,1.0654247235975804,1.0370053243691586,-0.2754823151790223,0.4981119956445415,0.13863502853045098,0.12400071205774699,0.5161630229264693,1.8955073459913552,-0.7748021781355291,0.5586018739416033,1.1329263873010347,0
-0.05139492719252362,0.6998159700967203,-0.8087941184164312,1.538265640912035,2.244682255430256,-0.6638599972813359,-1.8642698372564723,-0.7412553675094832,-0.29102147308529397,-0.5317757009616373,-0.43968200891844966,1.1350368571017395,-1.1917191336173432,-0.7001175918154133,-0.9991017824896424,-0.20850643095375032,0.6277023945519214,0.5962997854612124,0.5493976380351099,-0.1752433629643115,1
0.26561699317253346,1.258533779634772,1.6773770878054892,-1.3525086894407223,1.0768481446576803,-1.6659095702215798,-0.8051717517428763,-0.9587784561867748,-0.06953228624226938,0.3794053976051097,-2.169677417725702,-1.1941894010922893,0.41299891213779755,-1.58358838978758,-1.2917826531019712,-0.21406769772786138,0.6577631761503737,0.690472686121513,1.1425802520203077,0.8567024802425557,0
0.03678283317423478,1.0578322828693953,0.3817341689625093,-0.01979434452070797,-0.5001978170959958,-1.3244107752638405,-0.3733684250030844,-0.1833007095261973,0.7451508642848174,0.4506130494313883,-0.16985235767773066,1.6367399618306397,1.0989833574419647,-0.48231357093630295,-1.1669030167609262,1.959837254744675,-2.3843067887857456,0.08277290378542575,0.9355410913563176,1.5154448083522476,0
-0.26043058649511314,-0.2164846168606441,1.1301646922661168,-0.7296578822941202,-0.6546030209289879,0.351335058462536,0.3912849571208737,0.03709234193645584,0.6604889823456973,-0.18759700009161193,-0.21191059347748104,-0.7098426594447239,0.47911912778277205,-1.027994073217439,0.1529069747191586,0.6287305482596371,-0.3027745451255383,1.3676513039359723,-0.2177482440432816,-0.9653820207044944,1
-0.8001752986641041,-0.3110244281859339,-0.6284426891553463,-1.6833821330428256,-0.753707644861746,-0.7194211996982298,0.10142296423965788,-0.09759389015441426,-0.3651329377957845,2.1050866393345022,0.842774030099027,-0.5387262803464412,0.007673193321506307,-1.6133682362049397,1.5292998669533933,-1.325157155197762,0.01670086726755042,-2.0615231121122495,0.08798503083508813,1.5480082208186925,0
1.2204763910810745,-0.37236722125705307,-0.6749378569134983,-0.7988515440172963,-0.8330082558394399,0.5265873746245244,0.49551652414489566,-0.4055873567476789,0.5960086729861199,0.5765611205089946,-0.4002422829318855,1.8908404200391653,-1.0510419502866937,1.1706787887065002,0.3461653835991385,-0.692943230147068,-0.7472218322204848,0.9384114238732918,-0.3490898882109578,0.41809142750660166,1
1.0059245117964166,1.0514636028378577,0.7034279167873088,-0.46458107811561833,-1.5978721344948377,-1.3259665495692037,-1.307369782230964,-0.19692180799688955,1.127908993253569,0.38343503140364416,-0.6300249795338944,0.7319555025098458,-1.745707432859652,0.04435879751560705,-1.1496832615133006,0.49470565377503245,-1.1274960989530387,-0.40930847409572124,0.9330287939419785,-0.9741218462163683,0
1.533012542249183,-0.20347560379165758,1.2592837114361684,1.0615091571758442,0.12466339340755687,-0.6064320733207679,1.862869121400177,1.1850069835830157,0.7851265854600545,-1.3945284378654765,1.0994637713956532,-0.35166018383421516,0.09406984119152385,1.0084159699429913,1.1457391613532035,-0.6683581639908888,-0.3098449013640731,-0.04003720752109928,0.10201769224157947,0.5918011911450157,0
1.4222585085763269,-0.9500503901047803,2.2187433575308493,-0.89961865754579,-0.8480669268854175,1.1833149836057113,0.7287415864657592,0.5438066538881178,-0.11297047594906802,-0.3416184667703161,-0.20315636633378117,0.310186516828704,-1.6529345623729599,-0.6141904181254927,1.0545897039065226,1.0397622896047818,0.21987014237394562,0.4663216491832921,-0.8382049529708476,-1.00920315243739,1
-0.818524805650065,-1.0156820674742533,0.751090543003633,1.312549194340226,-0.15237749727117703,1.153596854135379,0.041385762307114264,0.19627233844086328,0.5265477791536803,0.32876685144105805,-1.5449093695931155,-2.259386257904186,0.6235995270520134,0.34413370482806543,1.2466861830450993,1.5837175456395398,2.022212562972086,-0.12265510030761952,-0.8596142791725417,0.5864531303336101,1
-0.17870688456349573,0.6128741935965529,0.2483054757359842,0.29967197733792633,-0.5881085989243096,-1.44168863151693,0.7524833770742185,-2.342478337665347,0.8049425736373473,0.195162047141818,1.089272246931099,0.3820337057160107,0.537179814541736,-0.40602915441271537,0.04536295193130613,0.9442148402518143,0.6248178230538752,1.6652522339446956,0.762825048909244,-0.9683358632535589,0
-0.3539513876737683,-1.7693084419160867,0.019258967351125547,0.19564052831231576,1.0177959690359604,1.9443698836360197,-0.148283137927403,-0.4338475233525722,-0.3166577647366437,-0.32497944426132624,-0.007928587453370405,0.7670502184927098,1.216528232549537,-0.8039203442394212,2.2414492275303983,-0.8337472407191158,0.722495769442937,-0.3149604124547449,-1.4760969365086516,-0.0971895438234364,1
-0.4901673153765603,-0.5985651665583442,1.9852265356713568,-0.8660067089826261,-0.8153111147881075,0.8838455533174182,-2.335953618801436,0.8756563632282364,-0.522781216566171,-1.0326426981220578,-0.4011731717473891,0.8583512330053901,-0.4033147673217075,0.9979543221425496,0.5164605471124514,1.2116396256491668,1.0560303715657138,-0.12331159906616056,-0.573386087311455,0.16679366453099267,1
-1.3326784410252037,-0.35325913314280466,-1.5594357791262254,-0.97826564926624,0.3431585541974166,0.12748745124511995,-1.0777207457916016,-0.787036278933299,0.9669566453448166,-2.0474371857707503,0.6229440304133081,0.641541644936012,0.23987275228472507,-0.5066348337879193,0.726445934259421,1.4854773692725496,-1.6522426773534897,-0.22072875695836655,-0.20934989901261306,0.6122698101053926,1
0.054934110999848726,1.8481520660096302,0.606850593215671,-0.9186865114860944,-1.1308884353259157,-2.760416315820616,2.0565435648295414,0.5555126463422483,-1.2585049106753345,0.9184544439424138,0.47363207681145447,-0.9263811299815384,-0.2950899142379063,-0.4173668136050844,-1.561028039293678,0.975816719344709,-0.7095798547491726,-1.2457173764463845,1.7806964203609406,0.4200944904518413,0
-0.4709898102640032,0.573392653993758,1.2327283420682844,0.6064247283911633,0.7577341142099038,-0.720212568259998,0.9595080570233295,0.3763259576465752,0.9393198902324554,-0.07618566995191904,-1.290167414451457,0.6629937020525997,0.45276258784806556,0.49260948681305256,-0.630029436682555,2.7008664695495948,0.7906415838876719,0.9363373808293303,0.5078657300564542,1.6857441919739613,1
0.7950214592691726,-1.0187844201450145,0.35874138810830297,0.6675849604766076,1.1494770608285296,1.2143808526106241,1.1574219459938258,0.31312341719299164,0.7810089546071515,0.8760457766719285,0.6683332296061608,-1.129485577595404,-1.1212795914817848,-1.7944435850889013,1.1892377230219875,0.8881573217434416,0.0953033991536178,-1.5485830336213924,-0.8809882202914575,-1.6963162351162222,1
-0.32509647147092546,-2.6328491759325323,-0.391178163635721,1.431749484241079,0.7316723266209116,2.9603170057208557,-0.5236855326768944,-1.1603368561001515,-0.1486203834314553,2.483765992587508,0.34678255459419616,0.6967578627143014,-1.1000166420746627,-0.4269803715067624,3.263788258400895,-0.43921776482181274,-0.1921046806296761,-0.38771686649156756,-2.2184565583506033,-0.7722530708831956,1
0.4484854541964401,-0.30406253628597674,0.6833245115160919,0.2576008573981294,-0.22011373125482853,0.5587087380473019,0.5907443355103258,-1.4776124069194447,-0.918019061638965,-0.8707277716437414,0.06364906149651771,-0.3717790115234884,-0.8837191406910628,1.8921917608330678,0.14496917450032587,-0.773029709602703,-0.1585376924164567,0.7245917787231225,-0.32719919437140604,-0.016568409822520076,1
-0.3135296861723979,-0.21303372073176224,0.547264797377967,-2.219300372747535,-0.25495579355369785,0.8909302776155639,0.5488838353173644,0.08589300629333041,0.4826878872092127,2.98525900260341,-0.12545426000290022,0.3278795241593574,-0.8514064342603136,-0.22979963057519381,-0.43277356274156986,0.17521141890851205,0.9218015019772522,0.3674816654743044,-0.3927860676829704,0.4818660617184915,0
0.867394492997976,0.21661246021098243,0.4643205608266651,-0.9677523395470999,1.083261776294304,-0.9914380184957665,0.5553988606517399,-0.3075773895637438,2.523373331399558,1.2959278615737506,-0.6059900460849119,-0.9427752402304745,-1.1617513001764113,0.5644982040474971,0.5315543850778757,2.3330164182526882,-1.6368018643107916,0.012575769600314238,0.4273924478857478,-0.4358573549814069,0
-0.9413814861392652,0.004447669755592521,-3.2325654325124336,0.14342893703732443,-1.0002705227767883,-0.9713437735309118,1.5083107487475504,0.9719303434406339,-0.16003867357934443,-0.07296943188127829,-0.412420069849907,-1.4548921652893105,-0.39222961134402384,-0.8263652852658686,1.0282672539291131,1.67817992212487,-1.894581150472303,-0.18173353761590585,0.3201491970965612,-0.9844130461752121,0
0.20760335140062577,-1.107240300149107,-0.7773714848459066,-1.890010171182943,-1.5304614097433769,2.6103337163068816,1.558789184496894,-0.24269874782528175,-1.0955193888455623,-0.1373109657888796,1.6296421311127987,-0.3726755839519746,-1.0398065310268843,-0.4547947173776929,-0.08808184094672622,-0.6076463453734726,0.30767665340111383,0.9577916144729056,-1.3800222489365177,1.146030144142065,0
-3.688365291428444,-0.615202048156941,0.25473113738020947,-0.7312545688129569,-0.5090938053115694,1.6590481160212844,-0.12887737868875357,0.3056655686425959,-0.39156997735603927,-0.048829835933703165,0.4853599075531901,-0.8491048509902235,-0.6374874348250117,-0.897659385275054,-0.2722054804685804,-0.3754074464839619,-0.8076505577467649,0.23545579511111434,-0.835097719768611,0.9942988266876233,1
-1.2971642963657217,-0.04819303252068618,-0.39280101688114194,2.9452462899351,0.1028142431550689,-1.0773724120037582,-1.0866361888852818,1.5622651106550693,0.8560480947755128,-0.2662129504064916,0.6490933843875007,0.9205095750656788,-0.6630921738253879,0.25051420375559713,1.2702694302331756,0.4528743267948912,2.3683345424004374,0.9259661298522298,0.3298892948569311,1.0049302940678833,0
0.14046697573485675,-0.10194409477215363,-0.43240118727796156,1.3444339080830043,-0.06309755295434644,-0.9116519713218493,1.2729102172474238,3.186574911811055,0.08112458341850291,-0.8131240938463865,0.06243170332744294,0.33952878740421627,-0.912804486601195,0.701131200712918,1.2242701016789117,0.14358982547949217,-1.1245216796138953,0.8221108472828129,0.25012604659100973,0.9343117376707711,0
0.5212299906445413,0.4508916756334456,-1.5075529446334208,-0.1121264436113449,-0.6886944334452347,-1.6919731223384131,0.010021151740569072,0.6694383715424684,-0.19856918688096045,-2.7404264220349313,-0.3109714664860723,0.40251620973532143,-0.9650455805761796,-1.9133403347228028,0.7087539157890713,0.896499670200166,1.316176081530022,1.1874271516819999,0.76791918248742,1.5161161803550431,0
0.9280720066606888,-0.24296511150585,0.015784773360650053,-0.006400752603138034,-1.312912976758239,0.2996677742939713,-0.40446228792410366,0.19380900833111825,-0.2249195395553516,0.39412651043414787,-1.694039281225405,-0.8467193279265061,0.20188719429148277,-0.5012379575000783,0.2728581709028596,1.0400267198626876,-0.959850302216295,-0.12130867138958067,-0.21339522544525247,-1.1315053013521625,1
1.1945922205137307,0.36637834718193996,-1.5678594253654559,0.12307820165618115,2.5115565515844236,-0.21663964811063519,0.3467099776049199,0.6405429350747734,0.0516609768510798,-0.7567639770159263,-1.8400777445057528,-0.032280611049470324,-1.2992163634458243,-0.1131280525157404,-0.6631155923386058,0.23278674294016363,0.9583858198420424,-2.1899217049785533,0.24476481360198085,-0.531454551359215,0
-0.8627757640431206,1.26393148689515,0.5752050161065663,0.4209729443893898,0.04977368718096008,-1.774299626678388,0.5006657213812097,0.6988284202025348,-0.3920126399191296,1.0971527117536957,0.007063158628176452,-0.6603211394734471,-0.5260348426675804,0.49201884799279927,-1.1890122370480642,-2.1533429198712444,0.6934789119139937,-0.47883745600840416,1.1806305023780832,0.8903831635197862,0
2.4523699128687237,-1.6901305666104236,0.015027750287097009,0.9668071042505444,-1.471126405373518,3.3580271605704852,-1.917348886010299,1.0567249112804185,0.01188043451779194,0.6488819259038391,0.3362778892475625,-0.7370293611526971,1.8197717873125976,0.7191686663554372,0.5357467015899797,-0.08308932774318312,1.9836336524360194,-0.5844009765960311,-1.9013920604761496,-0.11765493160216407,1
0.7460239529828163,0.7543754518516463,-0.467738683858582,-0.5738199139101188,1.0185374276503947,0.6477832978775611,-0.7982060763581541,0.32864402580480856,-2.0534865486558886,-0.12574629749577262,-1.28950006972398,-0.301579807791105,-0.568876975197369,0.7831556560131748,-2.5355410410918964,1.4086194934459193,-0.6275400027440727,0.6712701367053535,0.14582362459398474,0.8201435941230599,1
-0.5643029458106261,-0.2602257374728976,0.24611770637658364,0.7074872072053618,-1.2969126132719826,0.26924787621409607,-0.054254602864147856,-0.6755685285912163,-0.5153937981154209,1.1382814448895793,0.8708175518634642,0.7435106703345966,-1.2806121453611083,0.37490768630077576,0.34755980107656226,-0.8539289145713574,-0.858475891172642,0.3094161851420503,-0.2116245904523538,0.2616252635807709,1
-0.09184476433495513,0.01009192468269067,-0.9425580057918763,-0.736770135947622,-0.3220281544920584,0.6127217277757986,1.6147787907098514,0.5859042011646491,0.5483196275544987,-0.8449414385934964,1.3254321090950785,-1.4068150094975382,0.21853404241094568,-1.4152671919241875,-0.6801309177001913,1.0094717885959688,-0.08743532877718108,-1.4990159604584012,-0.1958301130814334,1.669069525826331,0
-1.4431152891778112,-1.3955795071711992,-0.8796063091639899,2.079156698466804,-0.5261653710601875,1.6500349957926002,0.3948200204121767,-0.0878083516348536,1.5513777210094932,0.9365066060570079,0.18692705255449762,1.281978362376686,-0.15058354837492782,-1.1758109803391978,1.6434972635937828,-0.5393129236109787,-0.10734682245096279,-2.239791630366121,-1.2024054531907111,-0.9914422843961568,1
1.0556942488831498,-0.24115228718008647,-0.8251658997455379,-0.39320100368219,1.117933822727152,-0.7394710971056495,0.22623808866742148,-1.7324945949673274,-0.6226717665523829,-1.40822676830745,-1.1693152650864689,-0.15014783201743892,-0.8546246417550657,0.034204684538075444,1.380087288713325,-0.45699183382523145,-1.0971438697704636,0.07707861138149362,0.12770142039853222,-0.6149441025160431,0
-0.21048803053703335,-0.8371474298206347,-0.4626447418812982,1.1475206166322423,-0.48512994209987004,0.8532961815345174,-1.2630353535770662,0.9248262123767372,0.1345832848122468,-0.19860215535348436,-0.3300527352440008,1.554962727725765,0.9462436716153141,0.819973642346786,1.131875576457843,-0.6880821265803181,0.684104990934741,-0.9899153130235488,-0.6765815889293825,1.2366197421429752,1
-0.06863404608546861,1.7181133123910237,-1.1062935124116342,-0.25885440036983165,-0.6085897232397004,-2.576954461376458,-0.8245141615276735,1.223083067095325,1.987275999230808,0.2700573583914221,-0.5289777080640152,-1.0565576427602528,-0.5703513664136806,0.35250496835687956,-1.439675315839857,-1.8206033005485172,-1.3683150388328105,-1.9122549754197768,1.6589287002746902,1.1356201471829441,0
1.623861412322142,-1.3315360674810992,1.0314159064340078,-0.27411147538072145,-0.7813576956169462,1.5687551786094782,0.32183519002277045,0.7495550374451283,-0.534750804590915,1.3681890237485779,0.6913563810805253,-0.5903616918053307,-0.982416240480937,-1.7210471256296629,1.5740241559025612,-0.4304147086872844,1.6536352160298582,0.9011436305292249,-1.1454065568053122,-1.1493045773901618,1
0.44769626639501187,0.5970160032500273,-1.227828566056992,-1.3608349783010791,1.3908335481766434,0.09076439117403945,-0.3199072780029138,1.8961232762543467,-1.0944943608348963,-0.24258303628979377,0.3188083396282559,-0.020921037383076883,1.7127114112762727,-1.1094555554462198,-1.5553014671726297,0.04596093604893383,0.5444598695274623,-1.1992043250956432,0.25354270407334917,0.058608917371792725,1
-0.6402304954680139,-0.47896769919994836,-0.8727610707885383,0.8027275724376978,1.1320968808346892,0.5923963007810358,0.16495687540902468,-0.09384561622336653,0.4944975317803214,0.9878344213079936,-0.1681396460491672,0.14999508990773913,-2.196446261643099,-0.66778239428829,0.5361339931693785,0.4708688593753808,-1.135012098186069,0.4463742447585357,-0.42121494375641577,-0.05171311130804584,1
-0.24788011907866303,0.9163558203225817,0.6994642468957021,0.4000000056135664,1.1799885296897865,-0.9682446702759879,-1.8750073874719364,-0.22694246613792435,-0.010465129052729338,-0.9116173021539026,1.0522111559570586,0.09743411029730303,-1.7632366989034851,2.2887906608802893,-1.2023705605194468,0.7820273875741276,-0.4283182577977557,-0.019918396299731203,0.7517995169713846,-0.3755000400755709,1
0.515719619170136,1.0332025775059324,0.6756644532569765,1.1003928922787292,-0.4583983632127938,-1.4068703035145278,-0.7967812326691753,0.5076118229432475,-0.5154692730838591,-0.7243636318034608,0.34936355348237974,0.3420994815573816,-0.9744525476102961,-1.424971171815412,-1.0185312142426044,0.22957264107425313,-0.07833084893015722,3.377768241289362,0.9508542840459243,0.1335654155359782,0
-0.9915270411046322,0.455784402110479,-0.7067067683730057,-0.48915617518421617,0.08387250176093364,2.546005189430783,-1.2931222504049704,-0.42369071691067595,0.15060249284463378,-0.28815603051111766,-1.0804073292785017,-1.1774165052492886,0.4664445968402613,-0.5379785288219551,-3.836929211678154,0.07904780215027922,0.10527862390967795,0.18301292831148205,-0.6173651263421832,-0.6292206728473624,0
-0.6070771913756997,-1.03597539855392,1.638281183136422,0.7760873728625646,-0.16557897256759446,1.1878818825121904,-0.04462762306644215,-1.5482616682308352,-0.8796738134146368,1.5329782475310847,-0.7155444197585275,0.5374620867252017,0.585070202458372,0.5878351218657896,1.2595746835485517,0.13822523650184043,-0.5891790496976468,0.8719934654268633,-0.8804683368201236,0.8498203653189064,1
-0.0350076100062359,1.8310768919329672,-0.6342858476894031,0.37006111526895535,0.7441857103150346,-2.759929159137869,-0.23596998721097162,-0.33912227927003874,-1.1140464501619933,-0.18256897437954112,0.42154608353656126,0.2668183962954019,0.45780560992578473,-0.12373268009975662,-1.5198433279278174,-0.49693202511797824,-0.8110008636288448,-0.9899577925520139,1.7724354071887019,0.5964411375817527,0
0.02080402377254423,-0.5343031233343694,-0.632439038076175,0.9328287040921978,0.7204861082542877,0.6745391250045693,0.5772056525279509,-0.9045912137130739,0.1364269180672801,1.2158735621989807,0.5362900625654685,1.0251346045575813,-0.9409359526428854,-0.6956454501201963,0.5834146657024417,0.5321161341863817,0.31015382610150705,0.48801348637600983,-0.47436479181386904,0.2099260524129978,1
-1.4453998367807581,-0.5140355733240908,-0.6056556335106323,0.9660928553563207,-0.5495543958595862,0.5855559313779775,1.2032127822922853,-1.0707543763385026,0.36202455098846575,-0.772973434166621,0.27820459602097986,0.15557946923063878,-1.9862906118704209,0.5602808936789537,0.6291045032520943,0.2774211112373432,-0.3564769686295441,1.0970753064126277,-0.43561360449233044,-0.46610819954417965,1
1.1116314741410516,-0.050810483742353654,-0.6650318903039252,-0.6116051462045847,-0.07002977680804456,-0.5235422096836391,-1.431114142771255,-0.07984915348779596,0.6793813730119062,0.2316480716109227,-0.34750029970591045,-0.8422957167700686,-0.4411766907937603,-1.8360052833568312,0.6841823479173783,-1.1363751667038573,1.6038660672678657,-0.6560347582406549,0.14731143463861934,1.302928421945811,0
0.7882916566360036,0.45210957005722563,0.4494335159472622,0.7351321130540912,-0.47971889676613605,0.12363979604400421,0.9210258397309934,-0.24657105425957435,-0.9870461789363153,-0.5789842199399048,-0.43263751633352826,2.1857306167225743,-1.8482585300784151,0.006381540963314977,-1.2365392752077555,-2.044629003801268,0.9140771642240336,1.056101251669989,0.17402610596243814,0.5446245744993387,1
0.39631968200786294,-0.2200039977665464,-0.28368622092717277,0.3362629511858955,-2.9086607444805037,-1.2217076521647443,1.3163448375195195,-0.8197150228673898,-1.5704750453679706,-0.9501045691456493,-1.222750278738175,-0.9156322963584598,0.3939905721750079,0.29003780305390187,1.8443231378056928,0.596081494132487,-0.6302320736464391,-1.218176066807319,0.2956301364438662,0.8439514005189311,0
1.3762319706355726,0.02984439998984553,-0.16186476535773067,0.7675090818172975,-0.28865816067923,-1.0113083277403914,0.2582027347011369,1.5262159587962787,-0.4055033665540877,0.15524605205827927,-0.29003040146619263,0.4218272861608771,-1.046619108093502,1.4785138785735428,1.008989656028721,0.31736263325536135,-0.22078914979205405,0.3510912916767348,0.3452842191592136,-0.9656679138472309,0
-1.563929264900654,-0.9754516574593894,0.44108266186040374,-0.06442219957718869,-0.30699635716260354,1.2040470153973544,-0.3067726846636304,0.8488054577314491,-0.7308348996976709,-0.2167150113864274,-0.6172990697580455,0.6985754808620198,0.40317016663438976,-1.3599682136722742,1.094453079808394,0.4220143594106939,-2.217283710253568,1.8672312871808086,-0.8570449841045958,-0.6903370624483454,1
1.406232359262553,0.6659416576186394,0.1361246340758442,0.3342754660765211,-1.222362807004254,-1.1216761941336244,0.36190783636098817,1.4381955852087482,-1.7890451542463222,1.3879655839733676,-1.8437529587926298,-0.8190526431188059,0.7385660392020614,0.5985950914443922,-0.42659859983889614,-0.5913493797982777,0.44230215613534063,-0.6328075992221822,0.683224511281702,2.485313924533686,0
-1.4337300248102285,0.23951482690726075,1.2307029049844702,-0.12653257974705998,-0.906902874722061,0.9456208391011509,-0.9489528277686782,-0.8639798490760783,-2.106889114626081,-1.3048168904329494,-2.350455852624361,1.67286820189853,0.6951652483301405,-0.9103243419282839,-1.5966240621551644,-0.37563366071734017,-0.8374057253154913,0.44166256418606065,-0.19597621392297418,-0.2821257769339113,1
1.2161657767822542,-0.2270337593322775,0.4828487457481086,-2.470663282879401,-1.0513218142392298,-1.0137701292815988,0.3147625614551637,0.34974781524798154,-0.0015145029480460542,0.9410665514519307,-0.9222192771347147,-0.02469764308499223,-0.4944979738149775,1.0531214525238028,1.6390444379174158,-1.3317474843981763,0.4379522629797555,-0.023617979418456322,0.22421154707819987,-1.654510394912746,0
-0.35667313417987123,1.0771481163542476,0.664927162301741,-0.535316712567659,-1.5975991695954321,-1.361533801266685,-0.9245641143780999,0.4961991873633163,-0.6273134459513029,-0.048088507330772585,-0.3270173176097711,-0.21345677935043825,1.9351540400602292,0.5114995753618614,-1.1743679415273718,0.8155010224442626,1.1806409124521446,-0.18315047105329468,0.9568605861001543,1.5301951988633513,0
0.012521864329786338,0.30331599201416015,-1.333148008477209,1.17841931756372,0.33323053499002175,0.8753983302741724,-0.24733596389641815,-0.7140651179821788,-1.431354847054427,1.438169201145702,1.2991498205476675,0.6675480803699957,-1.235703022049409,-0.29951503754747755,-1.6773343787970687,-0.1720413592654725,1.6372116447028533,0.1652400500649252,-0.14271266922388792,0.33271932958518796,1
-0.18455144218594516,0.8656583985638552,0.6872384503952884,-1.934087745459577,-0.8414495141290085,-1.3338201851664797,-0.43578972962363594,1.342180131244854,0.09931381495134962,1.3098651694335341,-0.47783985070379115,-0.04460653218300141,0.624903594654043,0.023080658950420673,-0.6874550295611617,0.1934485749917961,0.5923295470133433,-0.07434532975852426,0.8474428842675883,-0.8404929855066914,1
1.8838110311848022,-0.5017337886477617,1.3010966934656216,0.8205768116689474,-0.06695889031524577,0.6357382416079755,-1.066363075384819,0.38785754341559575,0.6868469770637194,-1.364033164839314,0.2775246844762952,-0.2596779635075291,1.6858701522215231,1.0028097519551404,0.5453732059037646,-0.3294411047248347,-0.4769758599540591,0.3582345940144528,-0.4462076582332475,1.6627772891794692,1
-0.24989373581204613,-0.7250252264784373,-0.42657125283057357,-0.40463852004094636,1.3558053394315013,0.6835650846483708,-0.3894035615253766,0.5586952829218191,0.2802359460024943,0.38420922164946225,-0.03494150045863278,-0.9073265593722656,-0.8927733072761507,-1.2243872733579544,1.0395947858326746,1.734041954422619,0.2921488421187989,0.10776005545254295,-0.5678103236071561,-1.197957962340662,1
0.0077278931756846435,0.49368773126673965,-0.8533994740391114,-0.36162810937254564,0.7043362098540789,-0.9126767825529158,0.9653266671611266,-1.0976109822757267,-0.5525693461188524,0.08939527893161327,1.85204004481367,-0.4177830125136188,-1.828405880841963,1.4355709931636234,-0.22945566736315526,-2.0683757154310323,0.9453117712358652,-0.44258929277415615,0.5330657814924953,1.0729296145073466,1
0.09473847583290661,-0.1886937169070303,0.7985049046156689,-0.21905858802460865,1.2640501705071647,0.2517835010553562,0.915529791724743,0.3776395717866411,2.979854516737147,1.6318888483702207,0.4176751006519598,1.4809924041174929,-0.023843768136116463,-0.006603910483364725,0.19152703383770275,-0.519391322090543,0.38827425492643364,0.29629536550366764,-0.17196720832402268,1.211265496493013,1
0.7258211480387973,-0.4980308984080033,0.5512559223347099,0.612411652915375,1.7009715194164998,0.4623117213912905,-1.1392861592102679,-0.3706979152161819,-0.27111514836190936,0.3057011907497771,1.804410826698425,-0.2338796033133684,-0.2019460687530188,0.5508128351835049,0.7218583300774956,-1.2500256555876041,0.3492927723542075,0.5514365381755453,-0.387667188567935,0.9230334372357293,1
0.446872500802698,0.13242164173677493,1.1539007342557472,0.03444101170584135,-0.38852077518300926,0.3003478151877199,-1.8697416996954206,-0.5098066931908826,0.1704637709965709,-0.9822940342546795,0.19042388992505774,0.44921872128503426,-0.6582484123338483,-2.4883273534129895,-0.6447460294687366,0.4535087125544674,-0.34254920085776497,0.058984221589597374,-0.03551143700431859,-0.41142660711600243,0
0.6322163140318503,-0.45749922930401804,1.1211881425699046,0.2971600238082216,1.5283315634862455,1.1217297671015616,1.6000978468204783,-3.2415138253291205,0.9465770035733866,-1.326262161949157,0.7570320650539775,-0.2526248688026368,0.13998209632135372,-0.0018287588441003935,-0.08257632055136921,0.05389734703320638,0.6823387820596591,0.5574085568511856,-0.5843442080472732,-0.470755099124782,1
-0.5220719044983598,-0.7294447347163002,0.18844008042075686,-0.20110779528942632,-0.7419394537564759,0.8977816886782959,-1.50807587980101,-1.9762160643903117,-0.6763645030356056,-0.8667326706603131,0.7560878806950055,2.58727145584531,-0.6161001532392837,0.4122805981435,0.8212233027167656,0.849521986994124,1.2194310829547725,0.1538476602166413,-0.6400463559639805,-0.5198252221735389,1
-0.20265326282214938,0.10007296819751103,0.035843294858049234,-0.08008299824909249,-0.5969870310455316,-0.9326533339152075,0.26629535644062347,-0.22393942431327402,0.23654219361486306,1.2862520864548588,-0.8257871252545068,0.7594421738225829,0.26528834478380814,0.27982159594427714,0.7533133324183808,-1.4293264709740647,0.4308460051697467,0.1211821519006783,0.3528516043657715,0.5657385044539512,0
-0.6140381615494112,-0.063926243091769,0.12375464252427706,1.801528407832186,0.8582704301818718,-0.6718681998852851,0.3120621317267384,-0.5674472812283516,1.3006254010559588,-1.7821150819848288,-1.2629629368673227,-1.9111593252604877,1.8311771355658875,2.0221741000873785,0.8748945673729895,-0.1929813677606896,-0.19807363014936016,-2.343039101651841,0.1896536515158751,0.05990977407950356,1
-1.4597866719179988,0.5935429898133703,0.7906862100258404,-0.07170634628496836,-1.1491796022167802,-0.9285342175573674,0.7860172908142086,-1.2814149797780263,0.45517566986882435,-1.902626236431442,0.5247925755013217,-0.8784987909695048,0.7906177188399772,-0.9042951866515898,-0.45638661584276674,0.8145354596953241,-0.46262927659289066,-0.82830253957689,0.5856352940888909,1.1464718774879026,0
-0.49757083838520716,0.6640061282462828,-0.022278979183713316,0.017613251933657315,-0.01109200394860206,-0.6424123882202128,0.32208231076698546,0.2257615231117544,-0.7597031174802871,-0.552920837367302,-0.8130143722601298,0.8232799156777053,1.3035079319347591,-0.97536602727825,-0.9345811293316918,0.6647027453331099,-0.782003492511037,1.0018248536819372,0.5253848467124066,0.2773584619646759,0
-0.06418817710849775,2.0191884999076173,0.35845361820962024,0.6686548047579066,0.7579218499236196,-2.968690366187692,-0.7309562757154733,-0.1755639454992155,0.2522403964266774,0.7450053128772811,0.6855077387902041,1.8486088332964115,1.2958717818630143,0.09806753953894455,-1.7559732458630797,-0.7188323876087304,0.09175248444837286,-0.19469729611668168,1.9300399982798053,-0.5353350870162231,0
-0.8082638250669247,-0.9563003957314777,-0.8459630326292517,-0.9022382027147666,1.1400132864007855,1.1324962600043706,-1.7417641123833023,0.13631129556366767,1.0437769564017552,2.002947084076286,0.9706336726114432,-1.2732554518068595,-0.3447665798736565,-0.2615672232265353,1.1242204452194455,-0.4278342157178725,-0.7625814294970479,-0.44032568467619043,-0.8245311893980074,-0.44447952987770456,1
0.08504586020018182,0.26680322111573285,-0.15389777398563528,-1.5407578083153624,0.17306764857055348,-0.7309448849904976,-0.5394297937784186,-0.9548690815840764,-0.2731321437192525,-0.6075209099207104,1.284080276542287,-0.17017253140078376,0.8643914974066649,-1.2212973846052253,0.13029209697270694,-0.3206244763068115,-0.23945509376558377,-0.7159672231839423,0.36591493305516426,1.512067949141453,0
-1.1465501637074578,-2.511520231589358,2.0988412303524395,-0.2407025718473096,0.14663258764617476,2.766124736326394,-1.0300950764894898,-0.058607075782472,0.03322323851695945,-1.5618785717244308,0.592521009760872,0.6301079955837326,0.2665216499782007,0.4515474912395065,3.1751883727085284,-0.25895883476751336,-0.6671595500663265,-0.4679237223332475,-2.0973079349751944,-0.6581752741371039,1
0.45668801073039916,1.141275410321686,0.07896404566808451,0.415826629455343,0.6590543439134197,-1.5046496089206554,-0.6410812665383554,1.618787639660868,-0.9182121665097915,0.91041849968557,1.0268946182579144,0.5995775412453558,1.3633765135383398,-1.216896710340167,-1.1778945436218682,-0.6051562356059974,-1.4961588131646497,1.5737342165551063,1.0341457081633483,-0.7758748231664838,0
-0.20298063739565708,1.7267854979171207,-1.1119670257741636,0.3891591956679287,0.996858773465808,-2.510282567290737,1.4641772387524374,0.3721054726068629,-0.0635245746153551,-0.6256772874962124,0.2806364044901364,1.7586204841951334,1.2235688824186275,-0.053120653017545344,-1.532181706927974,1.0964692338108837,-0.8000385643976464,-1.3192471945987674,1.6412134963406995,2.620793091029975,0
0.8438395096417373,1.0130233872280585,0.8168370114309812,-0.6836342822863877,-0.43615544150748503,-1.3761159416005566,-1.3805987058996512,0.6891644570743356,0.45358552350921844,0.09782717470792267,-0.25762048551099404,-0.06963345330010817,-0.014270352949388505,-0.2737292521667607,-1.0021444410674023,0.14959795751878804,0.392634115650968,0.4360057752225798,0.931210398307249,-1.58242797402364,0
0.4685401615460691,0.14449974071098143,0.09982631509976791,-0.49898725597911187,-2.241915934508913,0.4436450947685622,-0.6673333812164803,-0.8003354061653037,-0.24734038702515676,-0.4647672239117277,0.20545568703630285,-0.7756066046023912,2.404837542253973,1.7448614066234935,-0.8275441309046899,0.2172079375284009,1.782905600065144,-1.1772264174512104,-0.0766994748959056,0.7534174734210928,1
1.0507742904721133,-0.22904062940698752,0.347397486434762,0.5598284488280599,-0.1471927507680115,1.5603897675405136,-0.9880028180029409,0.33276047863701036,-0.3574150481706999,-0.546407619463673,-0.19906255375986986,0.184827033621654,-1.2107426266291645,0.23764265629995912,-1.1098557601422137,-0.9384671057410849,-1.162938986852913,-0.2822405919232288,-0.6195762344057965,-0.1453494223138852,1
-0.6274611664757017,0.44435747142457094,0.9918537005078577,1.0674678510706859,-1.2463402936208738,-1.6120810143384738,-0.17471103792997442,0.04302448501512677,0.06614111514900174,-0.15619390009719572,-0.8264913757102347,-0.8669734564325522,-2.252533514783649,-0.34798954959558315,0.6392461024900594,-0.1891803351589201,0.21743908072584237,-0.22492023093552171,0.7386605528318869,-1.5074989166017505,0
-2.9431415654717332,-0.30322743808952035,1.0578010075419184,0.781497239460632,-0.38856822049120293,1.8961937668539977,-0.532143890173102,2.45987198502938,0.9443852228353897,1.3744849814275593,-1.1238784051255941,0.3780462604278832,1.135620585491476,-0.8642852619405358,-1.287894198500732,-0.31667954593424946,-1.0040796329550274,0.8066764021643629,-0.7647244854333765,-1.4766572235180533,1
-0.23952431691106857,-0.4337445776047448,0.5285392018314015,2.30408978354919,0.9902995470995242,0.5836507244841971,0.8762125793216632,-0.3411997326932956,1.2814953992534124,0.4153796225059898,0.44570914013536694,-1.800770701922636,0.3678195684438652,0.37421673480247836,0.4350330753693491,0.3594859397738579,-0.03789283179468944,-2.3831121810859233,-0.39689483657703994,-0.24977261204038337,1
-0.7039163254155445,-0.036380950026126894,1.3592975993648058,-0.8342713430679655,-0.6566240707997048,0.9905125663571805,-0.14713950481410695,0.1829944496452604,-0.06723030719613125,-0.22580674907604184,0.8739897510068825,0.07843924608367009,0.23614240987910107,-1.7176721483633963,-0.9707771989840356,0.9049620414941998,-1.05470445496592,1.4364295195588668,-0.3415765766695312,0.3865862299051922,1
1.5111549302473475,0.4378728615953136,0.6863184569567008,0.10435593752321293,0.5844129804724842,-0.25171859621292303,0.10589445311523424,1.617212574968624,-0.01208894784605456,0.9216501119244593,1.9764405845154855,-1.5642416117110514,-1.3303136257389898,-0.8987840483231282,-0.8002129159765416,-0.1891203907770335,-1.4511756900515589,-0.12754912037753421,0.2901717924973392,-0.4070363129267805,0
0.7163400805404107,0.54465632183273,1.127686294516429,0.028775564080998586,0.9784578056665502,-0.12042767448949943,-1.9473424741408143,-0.06844649266641564,-0.5289467627246989,0.6078403387350085,-0.8105286298216263,0.8569755369827861,1.2121292042334861,-0.1850976494212187,-1.2014832474554544,-1.2395880125250283,2.3246989143234176,1.1013301648895504,0.2978489148570411,0.9588163064676725,1
-1.8800100339077637,-0.3303451918083612,-0.33078922432755736,1.8296202017160872,1.3305749040390402,1.1009691295163648,-0.7801991291174627,0.8929538701087693,-1.8831502080585838,-0.6176416769336966,-1.1967886464263116,0.8936976893891109,0.7123221595801621,-0.40968659262949736,-0.370938760010867,2.2816518365388427,0.7127120288613313,-1.5350402475323597,-0.5172170695714804,-1.1036698285303692,0
1.5908353339269714,-1.068700278113429,1.318607828178045,0.5325964876140653,-0.7841115340562388,1.170129493468398,-1.1178943387202076,-1.5214329809143075,-0.40849951815620644,0.16025928664166553,1.1140824361354387,-0.5916458153424456,1.7897907703084006,-0.5472184402659728,1.3584959965564094,0.29618455398846355,0.35855445988982093,-0.36924389161575705,-0.890182506417715,1.0310427387826613,1
0.3463127102248866,-0.7352667754241133,-0.9464907959884281,1.8325612403560125,0.28121168258406537,1.388979244509299,-0.1821605838579241,0.2811920179102754,-0.7341618661210141,0.6041074554390441,-0.2730067480225845,0.5850213322877983,-0.12243598974739747,-1.5302791359297876,0.30996695419804854,-0.9085025115121911,-0.6300484313483411,-1.6171718900455445,-0.8036373870681429,0.8790141545570074,1
-1.6363017850994594,0.4296375731059231,1.07562679401766,0.06868070965053837,1.0686422195900849,-1.5317369114649502,0.5667603811176578,0.15709865064383013,-1.359201268663323,-0.5347722560578038,-1.0816510962640609,-1.502265252340281,0.8258526698277096,-0.5439100535132576,0.5892481902700459,-1.862863586451236,1.494731007269304,-0.48495554487761494,0.7053701360522847,1.4399540414286307,0
-2.2243841086088687,-0.5328667618534205,-2.3254201541396804,-1.0152923742498159,1.027959002257798,-0.7782292725771692,-0.23731223419521827,0.42136025430670854,0.4522743776485788,-1.1290644218323018,-0.3920477826671146,0.028320263677764197,1.6371217900017057,0.6232358966388174,2.13405864279194,-0.17281335189340633,0.336903263976616,-0.06660102702197371,0.00198448590901561,-0.5638483318598599,0
-1.2551353719733949,1.990320039356147,0.2927154821418534,-1.1410085097527383,-0.6141225650083162,-2.886585034212631,0.1455211977682408,0.6954024745502987,-0.56060763684731,-0.41361566562964275,0.14098269961206,1.5886269280435958,-0.8049664808525608,-0.1115088271429437,-1.773297639402676,-0.38769991640856116,-0.12765468151819012,-0.4776455826040052,1.8894599732351403,-1.2883076174635377,0
0.7551849738039433,-0.2664946176601284,0.7787743079777822,1.1792631585792293,-0.4225684190212185,-1.2574740009882792,-0.5946729871621688,0.32525167585434406,-0.21188953119824255,0.432850402519974,-1.3124886903363124,0.24140911637004694,-0.28479555664743317,0.7911400043558836,1.9961381660578996,-1.178179687334277,1.0844775248572875,1.110753172414642,0.2852828170659732,-0.09734596889273275,0
0.5510601242159328,-1.2569235911492913,-1.2269156762952407,-0.08173667603149418,-0.12855103438512974,1.4342183636837038,1.7123077283669226,-0.446454478255048,-1.1532601726752587,-0.2863014028941872,-0.9750213849385142,0.7577547802081833,-0.8167379318649001,-0.4042782442120789,1.5357099558387635,0.7239970324019037,-1.2055823510237553,-1.4366517921792459,-1.0659555702433174,1.306280475728203,1
-1.3892987302109903,0.955498045504478,-0.7281719009698155,0.43450264609130573,1.040061819902576,-1.2043047979056056,1.7481370691208353,-0.3856726309778482,1.0600897399086655,0.9695690257529068,-0.7397711639729673,-1.3346106069102326,1.2531328247682434,0.240205843946223,-1.0454408996443103,0.7899197221808523,-0.19569853114690144,0.32685540061043733,0.8476621730447853,0.0828325705180999,0
1.0064110400265547,-0.048267177694036906,-0.0376871207422379,-2.3648553727915123,1.164990882563923,1.0524405390063447,0.23386510100924698,1.3523625459261506,0.2607668174830632,-0.04091753519506904,0.625318334021503,-0.1692744383326247,-1.7059590948907353,2.052073311421935,-1.007994980017128,-0.627092824772296,-1.0578366186102344,-0.14648067072816137,-0.36749268751519326,0.6763570476749083,1
-0.06213606646930852,-0.39279522862002864,0.00022394799578804667,1.2724833308487593,-1.4120756063156303,-1.4626762442153658,-0.09512487755346981,-1.1283415702657829,-0.08616210409949455,0.14561699682689125,0.1654915641331403,0.9661396608610485,2.1173241443709534,-1.560170825129944,2.5241482018294503,-0.4112604304834833,0.22848217771819174,-1.89203357248567,0.29254572850621263,-0.9621412281903847,0
-0.027402290866503937,-0.8504639802716424,1.6692469423765,1.285759036510566,-0.4872209416682221,0.961774366183153,-0.8842760363604175,0.17942952129493323,-0.07493757172372349,-0.07718027611369632,0.2123800860234896,0.880806853484222,-1.1405784894885544,-0.6616898709663194,1.0483525417087796,0.3081283365365046,-0.34001979062345705,0.54286372035822,-0.7184178781867003,0.3644260771353479,1
-0.13080059372695568,-0.6526563106588037,-0.8005903423481054,-0.3774234011303297,0.19200423696867674,1.6865595485775817,-0.3095098859272293,-0.1383352820163779,-1.8804355440630813,-0.23320849820639397,0.27751585888189023,0.320187854921873,0.9067872729323987,3.157771283044298,-0.21015535126988671,0.4131474759526224,0.29282884358668343,-0.45121882694387655,-0.8618761517856935,0.5233237827285886,1
-1.3467856621154346,0.5953417580419899,-1.0247507500763902,0.829149035059542,0.9907108466240852,0.730380174795348,1.8480401917708498,-0.4037034339979068,1.1905296437176767,-0.24965553821891934,-0.1210210310095643,0.7271712595339491,-1.0198013336945937,-2.3910785652839595,-2.235464588022693,0.9792597442869628,1.847866995702103,0.2075422948887419,0.04332430464265854,0.17557408492582183,1
-1.7157083186381294,-0.3270587733721232,-0.38003684628935364,-0.5106084992975795,1.1328046971748071,0.8029053980650279,-0.4047953794202932,-0.6547697756239492,-0.5041286736516637,0.7230379395798638,1.5973972932216232,0.6446898032842333,0.32093006192565754,0.07991526374003749,-0.06010118208662685,-0.9878659101397719,-0.9289264824607304,0.08551332963959903,-0.4180652821983072,1.030249693969567,1
-0.34842795029159407,-1.0186115362250665,-0.044919538154433135,0.18861234197501178,-1.9314522890962216,1.0879929262927504,-1.3191950527677994,0.722776773932773,0.7422885075783037,-0.4905957419034316,-1.1289632651331654,2.3930122947667867,-0.24739293994743575,-0.18166092718580473,1.3240235756260161,1.1671959833590948,1.9401566318350625,0.5769204106842927,-0.8395240541952382,0.7639453637154662,1
-1.5145735090585566,0.22676023395427303,-2.8106283166180837,0.7125044420921607,0.44841324947910954,-0.4795534580991122,-0.2673170231678089,-0.38749131490543404,-0.265924194072433,-1.4621104551954147,0.3543093815188606,0.9035206838035016,-1.410467416412775,-0.6893290680800719,-0.04083868544248337,-1.2977283756812326,0.27403884064930323,1.0095859678911938,0.2646051015572677,0.06908519272427115,0
0.7947740384603357,-1.491632868204579,0.1023821983476529,1.087940253268552,0.09643037952850442,1.646367141258015,-0.6298673491373752,-2.431121163971628,-0.4472243596775238,-0.9780742626635524,-2.2993576962370614,0.16982667258368722,-0.2786647714245878,0.5218912341350844,1.882030027039841,0.5627198600820792,-3.0942892490913896,0.07237551561489243,-1.246778111038464,-2.143966831621994,1
0.4918144010879626,-1.8297564983225552,-0.12579262765832977,-0.17920265431914087,-0.9468000941813317,2.0644545552767304,1.8224633429937909,-1.8355704768708747,-1.0562704077481062,-0.16451453179616995,1.7750370211274655,0.03178390487063994,-0.3650550328049707,0.959496076599441,2.260627747578283,-1.474778541238395,0.7733998160676113,-0.8571723738917058,-1.544095511284524,0.14147895293467364,1
0.020106466869098387,0.3176573193512499,-1.478546936998799,1.3338857455005728,-1.4362538649281178,-0.10167729153752847,-0.4876334209549628,-1.730262730484345,1.3451476204524146,2.8243305910030463,0.6939232331912581,0.7165893397596517,0.04600638673634095,2.497415126419854,-0.6671003851562324,-0.6411142602246448,0.17962227263192343,-1.3189684983025107,0.18400741553874314,0.007362681423567135,0
2.4015836610303523,0.10985560917816002,0.40684763513978306,-0.5098939528656328,-1.1718313004725252,1.1044545404592303,1.0153923286752233,0.3624498815945265,2.040133885996919,-0.6799058967468314,1.0270604268730175,-0.6478722896465213,0.8918776345702746,0.18217062771210168,-1.4498514796816824,-1.2270140772885358,-0.863189712166828,0.18496258734208662,-0.3095000692142458,-0.4503681912566681,1
-0.6378086928599359,-0.14407862581028827,0.6024734362823633,1.0152208918143053,-1.0188699570667352,-0.2810489524479556,1.0400578907933893,-0.38611277608614164,1.1277880271116458,0.05969188057973627,-0.22777097912363464,-0.9400159321237541,2.6068591631497697,0.10798392072522883,0.6525723778990105,0.19340636718971696,-0.057836612377593744,0.10618291944021628,0.023661785507606285,0.8157544866520694,1
-1.3106457843043726,-0.1014709725297723,0.7260359992293337,1.558294956772448,0.09468138947073004,-0.7174524830221609,1.2588862057428216,-0.8047518137191378,-0.31170759246721447,-2.0200564145232254,-0.8072156774844398,-0.05786615921434102,0.5205124966282796,0.7903910765354696,1.0153624831774628,1.2359432022281034,-0.0072556984656611655,0.5881379513426596,0.1867654139801875,1.6764234178440736,0
-0.9096834169818336,1.7890491072887,0.681359510442948,1.2289805024890619,-0.3078084711388841,-2.7729944286945525,0.4086073077017676,0.5348173363459102,-0.6677795564688862,-0.5846177306571996,-0.838585798447231,-0.8866809222834573,0.45838670355148425,-0.6373077470287948,-1.4032140220997635,-2.0870270186020687,-0.936506374789596,-0.031058932870901952,1.7567727058546097,-1.1022921498364233,0
0.8890371222798921,1.528581385778509,0.4182057558879721,1.1013229577357622,1.063940987560856,-2.142140425136745,-1.7760117540484022,0.4441983272906719,-1.276304416538336,-0.09791524644290406,0.2525688459966235,1.3845320475939062,1.3462257562027482,0.46654531145012695,-1.441904594052713,0.5222506360177785,0.5737444210044131,2.2724347204468818,1.426635639918471,0.4258436586298291,0
0.22732590682319032,-0.5295051950181219,-0.589160387988942,0.039569724133648135,-0.1439999777016611,-0.7455121960015335,0.19261914758693635,-1.3135277983539944,-0.07937614002031229,1.1378577759693718,-0.09427271723096599,0.18146106348063867,0.1288496213559143,0.16344774661747724,2.090847772073292,-0.21583075543615446,1.2972975339255457,-0.3536525548815512,-0.007132859226840581,0.30297187358728317,0
0.07814306296964744,0.06259999642898624,-1.0240285908863795,1.190548594343596,-0.9645377949101913,0.40678451565967944,-0.2798103423770061,2.1650560678066024,0.13906039865341766,-0.5639474880582432,0.5059655534558652,-0.7282722024066131,1.0269862633197322,0.2125740306322149,-0.5880722367907769,1.105900424357309,0.861636124497944,-0.8162172445419648,-0.10348877518842425,-1.6826586941226858,0
-0.3075714171157992,0.35706005262926044,-0.3617238360933866,1.465210503481381,-0.44787764493195836,-0.1917245244209922,-0.0628938668998582,1.5929640960273812,0.5413212940082783,-0.3266475631886115,0.6581430360025633,-0.3952835480161807,0.06970426942928022,-0.8915434898545047,-0.6670096602624067,-0.650656621336195,0.36022603707742873,2.002427467644797,0.2321858942865773,-0.27595145169613816,1
2.1775541886807726,-0.07938940688773755,2.1120893272529084,1.2095314011362686,-0.9246440184480313,0.1019085294677704,0.21453291888641599,0.6209333956139913,-0.8998579716352683,0.8023327778844658,0.4526240299801209,0.18933403618016584,-0.8798393061009868,-0.2899211530250153,0.08488708859308192,0.8277752143719177,-0.43782212286165223,0.10073580812134493,-0.07103424872359727,-3.250333476195706,1
-0.16414941272177394,-0.6726100660461651,0.2820342192093425,-1.1681778278502002,-0.6292121495294424,1.4647559808343213,1.6505729632328479,-2.2175910793587708,0.00878844263207182,0.3240364427065333,-0.03204749416371351,0.03352470238858753,0.8220660780325274,-1.096875079383986,0.07586390749948291,0.872153105684055,1.2019316695395432,0.8241028968557058,-0.7987201513415312,2.135586730077366,1
-1.9140600705874673,0.4204756421212164,0.7391804947015679,-1.5958939685741134,-0.05739536507403601,-0.2103418652372505,0.5070202721353568,-0.262746747686504,-0.803948414727481,-0.4194347526585506,-1.395448504755072,-0.7079109406740753,0.6523303381766798,-0.7390286580232329,-0.8019847349978485,1.4273053642892164,0.6594512411136115,0.7564883543160984,0.26836985068839164,-2.0503574572842003,0
0.45322190228289727,0.22501106219633477,-0.7449787674850553,-0.6226138999593189,-0.6760707152936095,-1.1282952479165813,-0.8396083720406722,-1.18120117314888,0.40861074756391724,-0.3270734308637865,-0.5719285461984328,0.8153241668090142,1.007117823412373,-1.7890123905014412,0.6574489615043173,1.2710300994311405,1.4744820073782556,-0.297949364813223,0.47618727419268836,0.8264531108587624,0
-0.23450753514589096,0.16380423110974993,0.2274050789916206,-1.0345979596066548,-0.9607795582448903,0.15792048631819178,-0.8898447709411417,0.39188126224558456,0.5011292760645764,-0.7843209703002557,0.2541276870714354,0.6970509788397266,0.4259109671014114,0.6506676287920862,-0.5690306908170069,-1.0706664061901783,1.5891473016364572,0.6884959745615665,0.02601217046195531,0.8678054595424457,1
-0.0044817963767913305,-0.9312437266959548,-1.5095516224699548,-0.12735766812111177,-0.7746840576638448,1.05944863351561,0.23053366721133914,-0.7418206417017582,0.42783786053604395,-1.0248948993808669,2.1427110344641864,1.4395979274301354,0.8634140715616104,0.2445980696492174,1.1411652716579705,0.02915191232501268,1.234456978764691,-0.7175586392000529,-0.7887254001107973,1.0560416064585545,1
-0.6038382974931866,0.627577034214873,-1.0361435719751968,-0.26175829022109454,0.3980482165092625,-0.5591292196466525,0.8567374214704584,0.4504957237780347,-1.2148061358886433,1.7221550978081948,0.39457998548421935,-0.4257556046515905,-1.9049444540106388,0.5559414516458422,-0.9346988191205464,-0.4338734629791891,-0.4479613384499751,-0.7670674554003005,0.4808319452864236,0.08701648039238655,0
0.6230110292977487,-1.191748478897981,-0.3049812998483304,0.16070455127846184,-0.40359333698691013,1.3821820714379291,-0.20313204632342813,2.2567524721687664,-1.1020845647760653,0.9901247868928167,0.8566651198694065,0.1940210045057993,2.6706753748630647,-0.5508574703286617,1.432188421106897,0.41362637771433536,0.5356540513524742,0.5921029832024916,-1.0179947014026296,0.02884889479318494,1
1.2446795807367868,0.5425473394554948,0.8132051867479773,0.9681846605328611,-0.2797601684958344,-0.4396428058697157,-0.2789629303318085,0.570612997219531,-1.3224579567435701,-0.8254105299789551,0.7903718960517113,0.34005129456889044,-0.6122367345077503,-0.33130838318332273,-0.8548399955403814,-1.085150526557798,-1.3510743662080213,2.9490944253087252,0.4013662194950618,-1.2565068942792563,0
0.6951660176182558,0.8268500202982381,-0.398592038913759,-0.8988738108773296,-0.7845669926025229,-0.7755833690612138,-1.0373261983013427,0.6121568069555516,0.5687696953394487,0.3490122686280793,1.2083232859472328,0.24478461960349976,-0.5231043068844964,-2.9538234854006244,-1.189860434036396,-0.8665705544254966,2.7359601593834886,3.285723713681842,0.6462510128420972,0.20783838336407062,0
0.6357265264405499,-0.01098347363531235,-0.32417686104064125,1.5246385964827562,1.2687138945765704,1.180678340493937,-2.19750100526203,0.8571583884232884,-1.873240111819152,0.49911050679894126,0.19022322184489376,-0.37962449667683384,0.43426364992207156,-2.8019115694878916,-1.2362469774398837,-1.4266492108103472,-0.4992476144946552,0.12792720237457925,-0.3917908451405735,0.569758919704179,1
0.0022316221624020006,-0.24122911032907873,-1.1738733263060288,0.7831598877770107,-0.071120290830336,2.123718114410471,1.1126343052033019,0.7728478385437232,-0.4572185393191959,0.5422030069090485,0.08559470394452544,-0.27837296760789404,0.5647891059076481,0.3350543519121714,-1.6827267296424382,-0.21208966992042563,-0.27464374936629743,-0.33787777547380676,-0.8098050746992078,0.3888189102637133,1
-1.4554734756173158,-0.7348889167784504,0.2000940591283936,0.5505735937015979,2.45393867292539,0.8799903178158662,-1.422633469214404,0.062446976663129296,1.815677455080316,-2.543093189474779,1.4554982920789432,2.1639763333015805,0.882924805586752,-0.45947543195264406,0.8535536098874731,-1.215543212051057,1.4779267361595356,-0.7907106194885667,-0.6368041296636991,-1.4882582128230326,1
0.23492812508811559,0.5584478643540625,-0.027969414486982293,0.22629226724343637,-0.6005066354139633,-1.6005460098069955,0.27361458116570514,-0.7877224332655192,-1.6653846382409996,-1.527461356118704,1.0692837063951832,-0.20820525798996595,0.33516056653511783,1.963552833543816,0.3482419779617202,-0.3628556273736071,-0.38758089125557005,-0.21941232097207036,0.7890152074510024,-0.46039233265665513,0
-1.129667459310537,0.4284558877507933,-1.2298831152865406,0.0352953907452159,-0.4697297964895977,0.0047937045562540526,-0.8037236608946853,0.21930891313205408,-1.1309873884855863,-0.5492386533125753,-0.30056939058524895,-0.4469775528060408,-2.17554877698757,-0.7228347951782497,-1.0516255344644105,-0.9928687053786982,-0.4908064664964202,-0.24707943680771946,0.20171613114467102,-1.771422551443844,0
1.3984839930693214,0.1343567326108608,-0.06701004172522106,-2.0017060017255335,1.6235292108918062,-1.6756067440107647,-0.8216808263050224,-0.4507402773027516,-0.2153882888600766,-0.6734142395598725,-0.5277014119206057,-1.12728552370693,-0.9681285978523266,-0.6512874649831818,1.4643773909617706,0.6174286309273244,0.7811753362875992,0.8878039355788485,0.6123769282383844,0.200033787312328,0
2.091094272732477,0.4580856096039332,0.02443184017803416,1.3094441014026479,1.0022361667029254,0.7213729411115498,0.32099756368602317,-1.3154413070498456,-0.05795054176271757,-0.5550167015441094,1.5602555295309308,-1.9516029128828867,-0.6717207892580773,-0.2768893557688036,-1.8905826171307658,-1.2541609869956039,-0.02243605198057349,-1.4023692834238248,-0.018849248901816034,1.3491790488887052,1
-0.849139646512992,-0.21861459150994803,-0.17932802787303154,0.8767599891542641,-0.397740284245532,0.3321924033442427,0.2017851073709533,-2.0437687015264965,-0.8041376881606885,-1.4896096123510028,-0.5844992156219503,1.3382496307620757,-0.750038177643121,-0.6205408754456606,0.17858796422695167,0.26157748406540704,-0.22139825818509487,-0.816023071946203,-0.2124911152465835,0.729843035114983,1
0.2899111740376629,-1.0401294988300163,-0.041491104577379236,1.4140291355619874,-1.258264629367288,3.144708677403484,0.9704884596133799,1.0618166459897318,-0.5387848378473886,0.7958638123412264,0.6365532068732643,2.322609225262766,0.9679319487649898,0.2183387504421607,-0.8236662112729325,-0.7178532143540355,1.3160074197184983,0.6543881340607632,-1.5231466923750023,-1.1173270089312346,1
0.1606928674649046,0.39260891484192884,-1.040467307889566,0.505864358116156,1.725998002094337,-0.42984742261243736,-1.457273658199453,-0.003477209701936022,0.7355668983025718,-0.5067041762102386,0.5794987376006449,-0.26420928499436513,-0.7559752913150118,0.9733374496134207,-0.49909653798433795,0.36614652596568237,-0.006678573052672211,-0.1889812445126243,0.32701903473774924,0.5095013828244059,1
0.6440649229572226,-0.5554188204081988,-1.417639757227406,1.601992654613413,-0.6125509023540618,-0.6865835631497657,-0.33227270125008823,1.12643371674603,-0.07722171159842571,-0.6362568349860365,-0.4617450413461271,-1.3040031778366379,1.2705292241471429,0.9780029759984087,2.0911003603192584,-0.34463483700815617,0.22706305314414962,-0.7785870468117115,-0.0387223773052081,0.24581922181638913,0
-1.742771973881041,0.5780426716591821,0.3911278769327262,1.540323979819886,-0.7239647304677874,-0.5869700123450625,1.167509822986446,1.186145474042299,-0.2766717717191454,0.3826535514774916,-0.6443402670219842,-2.7391402061374728,-0.2539517063972351,-0.55317724534727,-0.7839281478609479,-0.7538621136909615,0.4094385306422523,1.1249325453032408,0.4664454897062688,1.6435415091205292,0
0.3981472651225371,1.473289977416301,0.4877748210843382,-0.2376833169609843,-0.14152963733784743,-2.2719206589572716,-0.7342333219710379,0.008783654898147817,-0.735116800724588,2.042177910534731,1.598321807641033,0.7335478135058658,-0.5117635579423034,0.07660907045165961,-1.1680189664282417,-2.1047495057190146,-0.05790774987690872,0.15532499919940146,1.4428948662835905,1.0484826510505925,0
-0.04151796926807157,0.021021282715263916,-0.6484148089588124,-0.49491019549030185,-0.550451872689212,-0.06760796056650875,0.13268461913307683,1.1818282939420395,0.6883470370380197,-0.6088231624233649,1.382137994846674,1.1880618762510602,0.08202992938811553,-0.9624988349193223,0.02098191690910778,-0.1503483662862672,-0.4040694502524733,-1.1757344466669615,0.03211009084069972,-0.5866157355597524,1
-1.4485914146335441,0.7127095661043158,0.9242701395378298,-0.4081008391602206,0.08568716140335904,-0.8119873276525049,-1.0138959522925377,-0.8953463223630241,-0.05020461704174478,-0.2346205699574138,-0.9254246260595873,0.2553837556743171,0.651136241823657,-0.9958153947902291,-0.872129559996768,0.8584511166566653,-0.29967664800678706,0.03823799496002834,0.6040152392823288,0.32782117284308526,0
0.4453967721142857,-0.9286104971575855,1.100799805422717,1.0687049801346178,0.40105830769363265,1.1009468548085939,-1.2592955518800382,-0.4286022369487101,1.8588026355805152,-0.394090478980577,-0.7274657062336721,-1.2204142108110847,1.5654546599591121,-0.3723183535704842,1.090339402642999,0.5488785155203335,-0.9325593884467054,1.1600484289064086,-0.8010634496478455,0.6651060515214794,1
1.7665118003276337,0.12090951426896006,0.45899400167429094,0.22058353773736078,-0.10358685340578061,0.27009851469374935,-0.18820243877282114,0.41875996012749656,0.09315833769974234,0.037696573123922904,-0.2138751675546389,0.9703162017882814,-0.3785797432131542,-1.2709517210922827,-0.5842675265498494,0.8986691603391742,1.0386060692088166,0.6595314695891383,-0.031069219866376653,0.11339439196668935,0
0.3143386831314305,-0.7312547979253456,1.9723444790822,0.39537368118566585,0.6091355190535136,0.22845198918759446,0.46425123812300356,0.9316659668680948,0.8331794312701818,0.31412949645066596,0.5724453061551018,0.3970466698823999,-0.795988910008754,-0.31267716965327597,1.5416843475219357,-0.24897365528067522,0.43915013370041756,-0.31608296112297335,-0.4217521472541617,0.4704829961291065,1
0.3616610612470166,0.7683690274356922,-1.0753123930492379,-0.9379255765363989,-0.9455068799427312,-0.7663503145845871,1.676393027208203,0.33855287628591424,-0.0003136726117747121,1.0613709648731335,-1.1533505105959594,1.1373145423647293,-1.0257526836402773,0.216624975404619,-1.0568988555646295,1.1008213984226052,1.7611881248673737,0.5320061988219431,0.6154809492881601,-1.2070216478572156,0
-0.9947717179316954,-0.2985669418119233,1.2752470129219724,0.2315284802175192,0.832092018373946,-0.9902196850450771,-1.1858523292388699,1.983373599422574,0.7887540438854471,-1.2245569402250898,0.8206074759086712,-0.9741674281722221,-1.5271207953357557,0.6538926102710242,1.788569247529785,2.117730003008565,-0.6189888028476827,1.0248864327659304,0.18256090307956613,-0.8648961124284227,0
-0.3468639879246106,0.18579505655259201,1.406807528732965,0.7536442816334635,2.9695095077456646,-0.9711318355443985,-0.8228676049979778,0.020013805001610485,0.3651810403026461,-0.12296894663436952,1.4673759883276782,-0.7966125696279787,0.4423362599761972,0.7836604742267077,0.5851021627813513,1.25215903696611,0.8583732319721272,-0.36671766857603316,0.4061221023510799,-1.1630028577834441,0
-3.1767038131960006,0.7403059575514539,-0.25276325509618536,0.019381237698025213,0.796701927070742,-0.7716837582725288,1.029413100955326,0.6455877121741934,0.29156367668197275,1.2024512479830722,0.015182942540433121,-0.9748065759228419,0.7826298263165181,-2.3203155982304233,-0.9826495673138833,-0.024232833869692147,0.2790838583451852,-1.0952705188428047,0.6039123963048258,-1.183056184734389,0
-1.40005653716338,-0.9583233034795359,-1.17038359810434,-0.46056602975955757,-1.1200851325255345,-0.7721300672997755,-1.5732129395617072,-0.782179453952634,-0.5033567380494731,0.22302030296216313,1.1891297814534663,1.756101589693534,-1.8116398471183872,-1.1689809102124997,3.166705228078432,0.7184116977766297,1.6399566818286606,0.010487982673875443,-0.20187514604823112,1.8142528277002747,0
-1.0677225770385452,-0.07838811808446793,1.4273286515947694,1.7183639957638757,0.2290948316463794,-0.05636182860086558,1.121689142387919,-0.518637997484576,0.7927110177336647,-0.19543484652276386,-0.3231676657024847,0.26881235641215423,-0.08633785824672688,-0.18919018127507997,0.2517569748381483,-2.215822425020668,-0.7507203344928128,0.836484137964941,-0.01873803925109495,0.11494177175913174,1
-0.48877704491340684,0.7981499216983797,0.14187804262849532,2.475313800936102,-0.8189524449737209,-0.698644315223675,-1.1488401196158635,0.017855301482174405,1.4663118029178595,-0.9748843046390414,0.7034935227111718,0.9944102812176302,-0.2434810696329004,0.8241523634556386,-1.20206923370639,-0.8157060480993442,1.6737437539834248,0.3354213204803695,0.6074424201596614,1.2562213444413588,1
0.4689780781484677,1.0074447288401016,2.5009004979342815,1.669922781404639,-0.35368575956700604,-1.3079246097547537,-1.0556394897985963,1.689188933651679,1.3280568889869675,-1.671169772494065,-1.2324312391640002,0.9524619705361694,-0.19762046779596562,1.2239487531460047,-1.0614688267972938,-0.3652409774898465,-0.49195690486948307,2.0358735351817927,0.9062362251315598,-0.16041938197534772,0
0.372842248655825,0.15918792791563505,-0.9948563524675411,0.8468399454691652,-0.7100154428915523,0.9239000327237596,-0.7598021319877752,0.42124737869098017,1.0323893981263967,0.9373674142536799,0.12999822580159529,-1.0630362728537182,-1.7684154256380724,0.5343472134537843,-1.377190146941394,0.9951676651586061,0.2201893142051328,0.8301613723463044,-0.2269763490456295,1.9530596955398964,1
0.7307641190665245,0.4968201353310148,-0.181224173218103,1.0075136898369221,1.321304032273012,-0.2932547227154315,-0.649373038321426,-1.8665399513606162,-0.9539394193966448,0.8925973382993092,1.4196030045136372,-0.6004235657387051,0.7906255991627686,-0.684629825760004,-0.899755982803224,-1.9701038177118355,0.014273067836434106,-1.2111719292807812,0.33173981235564753,0.7441919714999368,0
-0.27811986436633407,-0.6503218891002457,0.807739555984151,-0.4552205808827054,0.9165676137777012,-1.0340172078912282,1.5803397708229694,-1.742082457705964,-0.4828777192911349,0.4414197598929505,1.0574272871141361,-0.08081557316355767,-0.49705248683568226,-0.25876441187237875,2.694579612040401,0.05469486537462616,-1.9037594056445934,0.8530151882434975,0.030007085317999952,-0.7411626686348293,0
-1.339489366528659,0.21160670072998822,0.741073780682286,-0.7750449630162398,0.6604599523515503,-0.6006383126936574,-0.8766970856192929,1.167741925527779,-0.11599707232153356,-0.05727041082210227,-0.3854932409123582,-2.0713771793381572,-0.4030658680367221,-0.8544934627380543,0.12570856335320868,0.2722367253273881,-0.7423863704307346,0.5480669247071704,0.29706113709304405,0.6865677467531761,1
1.6776840908998094,0.484150442059585,0.4126413614429657,1.2261045853340684,-0.48658566970065326,-1.2144469551568595,-0.42983282314785354,0.8269460609427997,-0.6304451907931798,0.20415387199602714,1.3801232895853999,0.5593554097154361,0.9283886791361711,0.5259441806248001,0.11666873188177418,-1.5793451620702603,0.9276455318033,-0.18271846181432752,0.6273467861394695,-0.024830314126647098,0
-1.918589423559303,-0.5885954088057782,0.6862885417318136,-0.14522864583891965,-1.031997891365239,0.6646940307329046,1.2403834346054217,1.1609526907425614,1.698458702375565,1.607404549823429,-0.32641762614809505,0.4293507136612708,0.6871403060029787,-0.08244595914915345,0.7265549363642312,-1.1258708271451243,0.0100670085225806,-0.8791360931076848,-0.49690087790260284,1.4574379493704361,1
-0.6625171463067404,-0.23227902268311362,-0.8184750861301682,1.188474966503524,-0.7757859893125999,0.2046115535029419,0.16937746994270692,-0.15506204469847845,1.8146491673230778,0.11268520016037374,0.4209727825314667,-0.015949726976770034,0.5865151576180001,-0.6543418710551034,0.34844743199086803,-0.7689599126747924,-0.08214304557286504,-1.1955753282234454,-0.17720162929120786,1.3939245305410728,1
-0.48016958420723416,-0.3704598539090155,-0.12454847968642378,0.10752500043079882,-0.16164379447861094,-1.370085159458374,-1.1627104393277614,1.1711190647375707,-0.023393960243946223,0.3363229693212808,-0.4644017814099108,1.4238989372468513,-1.2258922634399458,-1.2787358548192564,2.370541664545275,0.015123261584553639,-0.5927992331786469,-0.3746228193260549,0.27282667431893703,1.2869472861164193,0
1.7894387110773733,-0.6579119907000441,0.5513983427782422,0.394111930370858,-0.5717385822251894,0.816093634383221,-0.17690009049084265,-2.1767797009718484,-0.3072898386747181,-2.5661193859324136,-0.11885248202077078,0.5011620700684521,0.06215090608572699,0.3091381873347979,0.7338944044251898,-0.14931342187167515,0.01290129556830568,-0.4398532631004059,-0.5793604096224209,0.4546727409425804,1
1.868527188073091,-0.4156964876788563,-0.9465645185278149,0.8155942445961629,0.03080713499795014,-0.8561067395854534,1.130526619537311,-0.43479469337221693,0.18411939832816962,-1.1719339292231947,1.5407523765167723,-0.526482354794923,-1.213463360152923,-1.622974962003564,1.9311842233411438,1.0974849713531636,-1.3938176478742055,-1.8190510153025476,0.08307600081135075,-0.5630810770523736,1
2.212531039397242,-0.21679403048861284,0.21273977585766032,-0.8256536828021421,-0.43112556957509907,0.9254213345020132,0.7828737349485725,0.44477380783159476,-0.7280770978553212,-2.0864776583710847,0.4080528468367557,0.5507975722736632,0.36414029605466136,0.1493634822711889,-0.46048713364393645,0.007178466907941942,-0.3600392687569827,0.16048962397348007,-0.4058633064207804,0.25866114785538813,0
0.1351762413426691,-0.029774948956524605,-0.02881660158862331,1.5184220306521798,0.21498281745454795,1.9434404502283207,0.3149718715553322,0.19286184315019064,0.28134834748957704,-1.841919078931543,1.1234272870957618,0.6769940973750542,1.3049626887904189,0.4202685290565615,-2.0063418103151234,0.6069426083866378,-0.05195477090077795,1.3048347633193296,-0.650451475470622,0.5019002337006719,1
-1.8897034836215454,0.01426835158564053,-0.10919309450055267,-0.68015236575182,-0.6719173104649906,-1.399988602004728,1.1346396998210568,1.3831356467781524,0.4479307327729469,-0.26257565931562216,-0.20331828541750677,1.1222033332933687,0.2944189776840481,0.1817812325871601,1.4628389054655233,0.3736534056211483,-0.421130234801084,1.2813833981236349,0.4651563130283603,0.46215409605967733,0
0.743009694050077,0.35413061872874707,-0.6066639407505668,-0.4027572899064173,0.03474123353902422,-0.3150753482939683,0.8873089624597463,-0.530010758779966,0.7872736948162223,-1.6600681494056964,-1.7971436676291046,1.7470591445535142,0.6250767970040728,0.2557842523263653,-0.5278954930824433,1.961104291291467,-0.1371649108741167,0.8259522089259458,0.27118371795632995,-0.9908607540167149,1
1.7473631979155582,0.28866381361966487,-0.19050310599781134,-1.6304732437151401,-1.1476913898156673,-0.06063491024124035,0.32405702822156063,-0.18689615816198485,-0.23655528721894603,1.52100622715938,0.08520944963390106,-2.9911359709007233,0.7774073527645112,1.205994516546816,-0.6401907603089994,0.46667098196608103,0.9321915642603847,-0.9489165208248372,0.1568129591767493,0.6404797952008238,0
-0.36723700079928584,-0.43900968533083096,-1.0500547898231862,-0.03204237068048687,0.7595000375161222,0.6184706216892584,-0.9096897884083344,-0.605679999935798,0.6213467399691023,-0.8605654038138869,-0.6167753615197077,-1.3479957843671688,-1.1516811090343435,-1.1809724836643856,0.4106431626972149,2.1112963340995843,-0.4213568077704419,-0.3230423687730068,-0.41079371299090045,-1.0559898119268434,1
-1.8596630405497985,0.23810999735689056,-0.7322995497370884,-0.04060623167853,0.05237276872756848,2.2151740189700346,0.7813581198065147,0.3812446551620988,-0.09426907076490067,-1.249564911924005,1.0454602404822526,-0.20141990007697352,0.25893042822568985,-0.09621226204057896,-2.9513438575181943,0.5368074692249037,-0.684812109738896,1.4336336088178778,-0.6123219078644976,0.7777976308777149,1
1.5576792718222423,0.2506145213571434,0.9607400118240353,1.158565492822322,-0.7647682898525335,-0.2501651498143125,-1.8615133606592003,-1.4904928657368934,-0.8415074589115312,0.45228999257091806,0.2424629717227108,0.3237550672314934,0.48190163204033865,0.8252244191816259,-0.34449899144364116,1.356728490712121,1.1012195807277088,0.44858087925184725,0.2008163441812611,1.7679286668395335,1
-0.15575530858321,0.5325701321764535,2.8740826980099135,-1.8885234127154062,0.11169413010667499,-0.5028377677837033,0.2661778652041803,-0.1642137840414943,1.090979027619465,0.3671654050430446,-1.0979263630670464,0.26070616197127533,0.794926017673945,-1.0702554400144162,-0.7628656834401477,1.9440176500004416,-0.0865461606806029,1.1030832782933673,0.41732381848634587,-1.5446211686074136,1
0.5193587456378881,1.8749055949843598,0.07811773523601635,0.08108254290082371,0.20165290512925463,-2.756305505281615,0.40023585552677515,-1.0736886589177526,-0.5894523999387185,-1.4042395662615887,-1.0299722747769358,0.04607922163315134,2.5393816227828614,-0.4806479414882414,-1.6307708362138578,-0.03989438375171192,1.6733639461525236,-0.13418021067692457,1.7920439635203258,0.2483251425158822,0
-0.41093507657386175,-0.5466081885389729,1.1349242815991982,0.33429996375100834,-0.6189834508861229,0.6934252099892235,-0.6172845692552189,1.087726751338853,0.19302213271794288,1.4619928308683203,0.9565494617872686,-1.0110371300457306,-0.2567338034800533,0.5177207640270725,0.5932655270391254,-0.6298248042464099,-0.08013706787980918,-0.24673728055347494,-0.4863867802995939,2.211333028601533,1
-0.20013455422813764,-1.4610816798935262,1.7970165164979541,-0.24409556215854147,0.5443227047657363,1.7760308316116706,-2.021993522748063,-0.6581134930916945,0.20681636179140384,-0.1147888216345503,0.8586634390775747,0.5429852023911051,-0.4202640311588286,-0.7482746547776955,1.6686967048046806,-1.2099650286671761,-1.2485816890997645,-1.5028017113050698,-1.274737452989003,1.601118685639269,1
0.03935575499419535,0.2486836123820038,-0.4753234176821889,-1.1366931189208151,1.9425771788306316,-1.2971090879611848,-0.8027217162249164,0.4513228247434116,-1.454614748577161,-0.6792219372181003,-0.4513752310813436,0.15352845725035097,0.6371190404112276,1.2354837695030692,0.7802238970501241,1.5583840118807817,0.2638884943500218,0.09912579247616002,0.54269228142567,1.2082747406521392,0
0.7692152772290496,0.4707653902763334,0.16994471105148284,0.26816694982197375,-1.188384670740071,-1.282664087675575,-0.16090493827659874,-0.21556794341894983,0.6067950250596347,-0.4708498301222839,0.193798713767092,1.027070300644139,-1.2043298271789604,0.2733112495851642,0.22233930594704887,2.0565858207075958,-0.13959512711575175,0.6561162018602708,0.6433318623732424,-2.0210023208762435,0
